ISO-10303-21;
HEADER;
/* Generated by software containing ST-Developer
 * from STEP Tools, Inc. (www.steptools.com) 
 */

FILE_DESCRIPTION(
/* description */ (''),
/* implementation_level */ '2;1');

FILE_NAME(
/* name */ 'Modular Toothbrush Holder.step',
/* time_stamp */ '2026-09-12T15:54:08+01:00',
/* author */ (''),
/* organization */ (''),
/* preprocessor_version */ 'ST-DEVELOPER v20.2',
/* originating_system */ 'Autodesk Translation Framework v15.15.0.0',
/* authorisation */ '');

FILE_SCHEMA (('AUTOMOTIVE_DESIGN { 1 0 10303 214 3 1 1 }'));
ENDSEC;

DATA;
#10=MECHANICAL_DESIGN_GEOMETRIC_PRESENTATION_REPRESENTATION('',(#507,#508,
#509,#510,#511,#512,#513,#514,#515,#516,#517),#10431);
#11=ITEM_DEFINED_TRANSFORMATION($,$,#4358,#4548);
#12=ITEM_DEFINED_TRANSFORMATION($,$,#4389,#4549);
#13=ITEM_DEFINED_TRANSFORMATION($,$,#4398,#4550);
#14=(
REPRESENTATION_RELATIONSHIP($,$,#10448,#10447)
REPRESENTATION_RELATIONSHIP_WITH_TRANSFORMATION(#11)
SHAPE_REPRESENTATION_RELATIONSHIP()
);
#15=(
REPRESENTATION_RELATIONSHIP($,$,#10449,#10447)
REPRESENTATION_RELATIONSHIP_WITH_TRANSFORMATION(#12)
SHAPE_REPRESENTATION_RELATIONSHIP()
);
#16=(
REPRESENTATION_RELATIONSHIP($,$,#10450,#10447)
REPRESENTATION_RELATIONSHIP_WITH_TRANSFORMATION(#13)
SHAPE_REPRESENTATION_RELATIONSHIP()
);
#17=CONTEXT_DEPENDENT_SHAPE_REPRESENTATION(#14,#10444);
#18=CONTEXT_DEPENDENT_SHAPE_REPRESENTATION(#15,#10445);
#19=CONTEXT_DEPENDENT_SHAPE_REPRESENTATION(#16,#10446);
#20=NEXT_ASSEMBLY_USAGE_OCCURRENCE('Modular Base:1','Modular Base:1',
'Modular Base:1',#10452,#10453,'Modular Base:1');
#21=NEXT_ASSEMBLY_USAGE_OCCURRENCE('Tooth brush(bottom only):1',
'Tooth brush(bottom only):1','Tooth brush(bottom only):1',#10452,#10454,
'Tooth brush(bottom only):1');
#22=NEXT_ASSEMBLY_USAGE_OCCURRENCE('Modular Holder:1',
'Modular Holder:1','Modular Holder:1',#10452,#10455,'Modular Holder:1');
#23=FACE_BOUND('',#904,.T.);
#24=FACE_BOUND('',#963,.T.);
#25=FACE_BOUND('',#1047,.T.);
#26=FACE_BOUND('',#1049,.T.);
#27=FACE_BOUND('',#1102,.T.);
#28=FACE_BOUND('',#1104,.T.);
#29=B_SPLINE_CURVE_WITH_KNOTS('',3,(#5489,#5490,#5491,#5492,#5493,#5494,
#5495,#5496,#5497,#5498,#5499,#5500,#5501,#5502,#5503,#5504,#5505,#5506,
#5507,#5508,#5509,#5510,#5511,#5512),.UNSPECIFIED.,.T.,.F.,(4,1,1,1,1,1,
1,1,1,1,1,1,1,1,1,1,1,1,1,1,1,4),(-3.14159265358979,-2.91719317833338,-2.69279370307697,
-2.35619449019234,-2.24399475256414,-1.34639685153848,-1.0471975511966,
-0.747998250854713,-0.448798950512828,-0.149599650170943,0.0373999125427357,
0.149599650170943,0.448798950512828,0.747998250854713,1.34639685153848,
1.64559615188037,1.86999562713678,2.24399475256414,2.69279370307697,2.91719317833338,
2.97329304714748,3.14159265358979),.UNSPECIFIED.);
#30=B_SPLINE_CURVE_WITH_KNOTS('',3,(#5513,#5514,#5515,#5516,#5517,#5518,
#5519,#5520,#5521,#5522,#5523,#5524,#5525,#5526,#5527,#5528,#5529,#5530,
#5531,#5532,#5533,#5534,#5535,#5536),.UNSPECIFIED.,.T.,.F.,(4,1,1,1,1,1,
1,1,1,1,1,1,1,1,1,1,1,1,1,1,1,4),(-3.14159265358979,-2.97329304714748,-2.91719317833338,
-2.69279370307697,-2.24399475256414,-1.86999562713678,-1.64559615188037,
-1.34639685153848,-0.747998250854713,-0.448798950512828,-0.149599650170943,
-0.0373999125427357,0.149599650170943,0.448798950512828,0.747998250854713,
1.0471975511966,1.34639685153848,2.24399475256414,2.35619449019234,2.69279370307697,
2.91719317833338,3.14159265358979),.UNSPECIFIED.);
#31=B_SPLINE_CURVE_WITH_KNOTS('',3,(#5558,#5559,#5560,#5561,#5562,#5563,
#5564,#5565,#5566,#5567,#5568,#5569),.UNSPECIFIED.,.F.,.F.,(4,1,1,1,1,1,
1,2,4),(3.53679815017511,3.86132459016853,4.02358781016524,4.18585103016196,
4.34811425015867,4.51037747015538,4.83490391014881,5.15943035014223,5.16145056616325),
 .UNSPECIFIED.);
#32=B_SPLINE_CURVE_WITH_KNOTS('',3,(#5571,#5572,#5573,#5574),
 .UNSPECIFIED.,.F.,.F.,(4,4),(16.4909835251114,17.3630537654579),
 .UNSPECIFIED.);
#33=B_SPLINE_CURVE_WITH_KNOTS('',3,(#5576,#5577,#5578,#5579,#5580,#5581,
#5582,#5583),.UNSPECIFIED.,.F.,.F.,(4,2,1,1,4),(-0.00228017268355947,0.,
1.12054596067402,1.49406128089869,1.86757660112337),.UNSPECIFIED.);
#34=B_SPLINE_CURVE_WITH_KNOTS('',3,(#5585,#5586,#5587,#5588,#5589,#5590,
#5591,#5592,#5593,#5594,#5595,#5596),.UNSPECIFIED.,.F.,.F.,(4,1,1,1,1,1,
1,2,4),(3.87750474264175,4.25102006286524,4.62453538308874,4.99805070331223,
5.18480836342398,5.37156602353573,5.55832368364748,5.74508134375922,5.74736151644278),
 .UNSPECIFIED.);
#35=B_SPLINE_CURVE_WITH_KNOTS('',3,(#5598,#5599,#5600,#5601),
 .UNSPECIFIED.,.F.,.F.,(4,4),(16.3202503177729,17.1923483447645),
 .UNSPECIFIED.);
#36=B_SPLINE_CURVE_WITH_KNOTS('',3,(#5603,#5604,#5605,#5606,#5607,#5608,
#5609,#5610,#5611,#5612),.UNSPECIFIED.,.F.,.F.,(4,2,1,1,1,1,4),(-0.00202021602112101,
0.,0.324526441428629,0.649052882857258,0.973579324285887,1.29810576571452,
1.62263220714314),.UNSPECIFIED.);
#37=B_SPLINE_CURVE_WITH_KNOTS('',3,(#5614,#5615,#5616,#5617,#5618,#5619,
#5620,#5621,#5622,#5623,#5624,#5625,#5626,#5627),.UNSPECIFIED.,.F.,.F.,
(4,1,1,1,1,1,1,1,1,2,4),(3.53679815017499,3.86132459016837,4.02358781016506,
4.18585103016175,4.34811425015844,4.51037747015513,4.67264069015182,4.83490391014851,
4.9971671301452,5.1594303501419,5.16145056616302),.UNSPECIFIED.);
#38=B_SPLINE_CURVE_WITH_KNOTS('',3,(#5629,#5630,#5631,#5632),
 .UNSPECIFIED.,.F.,.F.,(4,4),(16.4909835251114,17.3630537654579),
 .UNSPECIFIED.);
#39=B_SPLINE_CURVE_WITH_KNOTS('',3,(#5634,#5635,#5636,#5637,#5638,#5639,
#5640,#5641,#5642,#5643),.UNSPECIFIED.,.F.,.F.,(4,2,1,1,1,1,4),(-0.00228017268416247,
0.,0.373515320224556,0.747030640449112,1.12054596067367,1.49406128089822,
1.86757660112278),.UNSPECIFIED.);
#40=B_SPLINE_CURVE_WITH_KNOTS('',3,(#5645,#5646,#5647,#5648,#5649,#5650,
#5651,#5652,#5653,#5654,#5655,#5656),.UNSPECIFIED.,.F.,.F.,(4,1,1,1,1,1,
1,2,4),(3.87750474264116,4.25102006286454,4.43777772297622,4.62453538308791,
4.8112930431996,4.99805070331129,5.37156602353467,5.74508134375805,5.74736151644221),
 .UNSPECIFIED.);
#41=B_SPLINE_CURVE_WITH_KNOTS('',3,(#5658,#5659,#5660,#5661),
 .UNSPECIFIED.,.F.,.F.,(4,4),(16.3202503177729,17.1923483447645),
 .UNSPECIFIED.);
#42=B_SPLINE_CURVE_WITH_KNOTS('',3,(#5662,#5663,#5664,#5665,#5666,#5667,
#5668,#5669),.UNSPECIFIED.,.F.,.F.,(4,2,1,1,4),(-0.00202021602101917,0.,
0.973579324285946,1.29810576571459,1.62263220714324),.UNSPECIFIED.);
#43=B_SPLINE_CURVE_WITH_KNOTS('',3,(#5741,#5742,#5743,#5744,#5745,#5746,
#5747,#5748,#5749,#5750),.UNSPECIFIED.,.F.,.F.,(4,1,1,1,1,2,4),(0.,0.319874321704814,
0.639748643409629,0.959622965114443,1.27949728681926,1.59937160852407,1.60724865674968),
 .UNSPECIFIED.);
#44=B_SPLINE_CURVE_WITH_KNOTS('',3,(#5751,#5752,#5753,#5754,#5755,#5756,
#5757,#5758,#5759,#5760),.UNSPECIFIED.,.F.,.F.,(4,2,1,1,1,1,4),(-1.60724865674968,
-1.59937160852407,-1.27949728681926,-0.959622965114443,-0.639748643409629,
-0.319874321704814,0.),.UNSPECIFIED.);
#45=B_SPLINE_CURVE_WITH_KNOTS('',3,(#5817,#5818,#5819,#5820,#5821,#5822,
#5823,#5824,#5825,#5826,#5827),.UNSPECIFIED.,.F.,.F.,(4,1,1,1,1,1,2,4),
(-1.59937160852011,-1.27949728681609,-1.11956012596408,-0.959622965112068,
-0.639748643408045,-0.319874321704023,0.,0.00787704822558452),
 .UNSPECIFIED.);
#46=B_SPLINE_CURVE_WITH_KNOTS('',3,(#5829,#5830,#5831,#5832,#5833,#5834,
#5835,#5836,#5837,#5838,#5839),.UNSPECIFIED.,.F.,.F.,(4,2,1,1,1,1,1,4),
(-0.00787704822558452,0.,0.319874321704023,0.639748643408045,0.959622965112068,
1.11956012596408,1.27949728681609,1.59937160852011),.UNSPECIFIED.);
#47=B_SPLINE_CURVE_WITH_KNOTS('',3,(#5894,#5895,#5896,#5897,#5898,#5899,
#5900,#5901,#5902,#5903),.UNSPECIFIED.,.F.,.F.,(4,1,1,1,1,2,4),(-1.30978508891234,
-1.04782807112987,-0.785871053347404,-0.523914035564936,-0.261957017782468,
0.,0.00657414788456881),.UNSPECIFIED.);
#48=B_SPLINE_CURVE_WITH_KNOTS('',3,(#5904,#5905,#5906,#5907,#5908,#5909,
#5910,#5911,#5912,#5913),.UNSPECIFIED.,.F.,.F.,(4,2,1,1,1,1,4),(-0.00657414788456881,
0.,0.261957017782468,0.523914035564936,0.785871053347404,1.04782807112987,
1.30978508891234),.UNSPECIFIED.);
#49=B_SPLINE_CURVE_WITH_KNOTS('',3,(#5965,#5966,#5967,#5968,#5969,#5970,
#5971,#5972,#5973,#5974),.UNSPECIFIED.,.F.,.F.,(4,1,1,1,1,2,4),(0.,0.261957018371382,
0.523914036742763,0.785871055114145,1.04782807348553,1.30978509185691,1.31635923976504),
 .UNSPECIFIED.);
#50=B_SPLINE_CURVE_WITH_KNOTS('',3,(#5976,#5977,#5978,#5979,#5980,#5981,
#5982,#5983,#5984,#5985),.UNSPECIFIED.,.F.,.F.,(4,2,1,1,1,1,4),(-1.31635923976504,
-1.30978509185691,-1.04782807348553,-0.785871055114145,-0.523914036742763,
-0.261957018371382,0.),.UNSPECIFIED.);
#51=B_SPLINE_CURVE_WITH_KNOTS('',3,(#6055,#6056,#6057,#6058,#6059,#6060,
#6061,#6062,#6063,#6064),.UNSPECIFIED.,.F.,.F.,(4,1,1,1,1,2,4),(0.,0.261957018354652,
0.523914036709305,0.785871055063957,1.04782807341861,1.30978509177326,1.31635923976476),
 .UNSPECIFIED.);
#52=B_SPLINE_CURVE_WITH_KNOTS('',3,(#6065,#6066,#6067,#6068,#6069,#6070,
#6071,#6072,#6073,#6074),.UNSPECIFIED.,.F.,.F.,(4,2,1,1,1,1,4),(-1.31635923976476,
-1.30978509177326,-1.04782807341861,-0.785871055063957,-0.523914036709305,
-0.261957018354652,0.),.UNSPECIFIED.);
#53=B_SPLINE_CURVE_WITH_KNOTS('',3,(#6121,#6122,#6123,#6124,#6125,#6126,
#6127,#6128,#6129),.UNSPECIFIED.,.F.,.F.,(4,1,1,1,2,4),(-1.30978508893742,
-1.04782807114993,-0.78587105336245,-0.523914035574967,0.,0.00657414796246702),
 .UNSPECIFIED.);
#54=B_SPLINE_CURVE_WITH_KNOTS('',3,(#6131,#6132,#6133,#6134,#6135,#6136,
#6137,#6138,#6139),.UNSPECIFIED.,.F.,.F.,(4,2,1,1,1,4),(-0.00657414796246702,
0.,0.523914035574967,0.78587105336245,1.04782807114993,1.30978508893742),
 .UNSPECIFIED.);
#55=B_SPLINE_CURVE_WITH_KNOTS('',3,(#6212,#6213,#6214,#6215,#6216,#6217,
#6218,#6219,#6220,#6221,#6222),.UNSPECIFIED.,.F.,.F.,(4,1,1,1,1,1,2,4),
(-1.59937160849558,-1.27949728679647,-0.95962296509735,-0.639748643398233,
-0.319874321699117,-0.159937160849558,0.,0.00787704825011318),
 .UNSPECIFIED.);
#56=B_SPLINE_CURVE_WITH_KNOTS('',3,(#6224,#6225,#6226,#6227,#6228,#6229,
#6230,#6231,#6232,#6233,#6234),.UNSPECIFIED.,.F.,.F.,(4,2,1,1,1,1,1,4),
(-0.00787704825011318,0.,0.159937160849558,0.319874321699117,0.639748643398233,
0.95962296509735,1.27949728679647,1.59937160849558),.UNSPECIFIED.);
#57=B_SPLINE_CURVE_WITH_KNOTS('',3,(#6289,#6290,#6291,#6292,#6293,#6294,
#6295,#6296,#6297,#6298),.UNSPECIFIED.,.F.,.F.,(4,1,1,1,1,2,4),(0.,0.319874321699772,
0.639748643399543,0.959622965099315,1.27949728679909,1.59937160849886,1.60724865674968),
 .UNSPECIFIED.);
#58=B_SPLINE_CURVE_WITH_KNOTS('',3,(#6299,#6300,#6301,#6302,#6303,#6304,
#6305,#6306,#6307,#6308),.UNSPECIFIED.,.F.,.F.,(4,2,1,1,1,1,4),(-1.60724865674968,
-1.59937160849886,-1.27949728679909,-0.959622965099315,-0.639748643399543,
-0.319874321699772,0.),.UNSPECIFIED.);
#59=B_SPLINE_CURVE_WITH_KNOTS('',3,(#6329,#6330,#6331,#6332),
 .UNSPECIFIED.,.F.,.F.,(4,4),(-0.3064057459562,0.),.UNSPECIFIED.);
#60=B_SPLINE_CURVE_WITH_KNOTS('',3,(#6333,#6334,#6335,#6336),
 .UNSPECIFIED.,.F.,.F.,(4,4),(0.,0.3064057459562),.UNSPECIFIED.);
#61=B_SPLINE_CURVE_WITH_KNOTS('',3,(#6357,#6358,#6359,#6360),
 .UNSPECIFIED.,.F.,.F.,(4,4),(-0.29432399056047,0.),.UNSPECIFIED.);
#62=B_SPLINE_CURVE_WITH_KNOTS('',3,(#6361,#6362,#6363,#6364),
 .UNSPECIFIED.,.F.,.F.,(4,4),(0.,0.29432399056047),.UNSPECIFIED.);
#63=B_SPLINE_CURVE_WITH_KNOTS('',3,(#6400,#6401,#6402,#6403),
 .UNSPECIFIED.,.F.,.F.,(4,4),(-0.306405745950725,0.),.UNSPECIFIED.);
#64=B_SPLINE_CURVE_WITH_KNOTS('',3,(#6404,#6405,#6406,#6407),
 .UNSPECIFIED.,.F.,.F.,(4,4),(0.,0.306405745950725),.UNSPECIFIED.);
#65=B_SPLINE_CURVE_WITH_KNOTS('',3,(#6428,#6429,#6430,#6431),
 .UNSPECIFIED.,.F.,.F.,(4,4),(-0.294323994956972,0.),.UNSPECIFIED.);
#66=B_SPLINE_CURVE_WITH_KNOTS('',3,(#6432,#6433,#6434,#6435),
 .UNSPECIFIED.,.F.,.F.,(4,4),(0.,0.294323994956972),.UNSPECIFIED.);
#67=B_SPLINE_CURVE_WITH_KNOTS('',3,(#6456,#6457,#6458,#6459),
 .UNSPECIFIED.,.F.,.F.,(4,4),(-0.294323994956968,0.),.UNSPECIFIED.);
#68=B_SPLINE_CURVE_WITH_KNOTS('',3,(#6460,#6461,#6462,#6463),
 .UNSPECIFIED.,.F.,.F.,(4,4),(0.,0.294323994956968),.UNSPECIFIED.);
#69=B_SPLINE_CURVE_WITH_KNOTS('',3,(#6484,#6485,#6486,#6487),
 .UNSPECIFIED.,.F.,.F.,(4,4),(-0.306405745950724,0.),.UNSPECIFIED.);
#70=B_SPLINE_CURVE_WITH_KNOTS('',3,(#6488,#6489,#6490,#6491),
 .UNSPECIFIED.,.F.,.F.,(4,4),(0.,0.306405745950724),.UNSPECIFIED.);
#71=B_SPLINE_CURVE_WITH_KNOTS('',3,(#6512,#6513,#6514,#6515),
 .UNSPECIFIED.,.F.,.F.,(4,4),(-0.294323990560466,0.),.UNSPECIFIED.);
#72=B_SPLINE_CURVE_WITH_KNOTS('',3,(#6516,#6517,#6518,#6519),
 .UNSPECIFIED.,.F.,.F.,(4,4),(0.,0.294323990560466),.UNSPECIFIED.);
#73=B_SPLINE_CURVE_WITH_KNOTS('',3,(#6540,#6541,#6542,#6543),
 .UNSPECIFIED.,.F.,.F.,(4,4),(-0.306405745956198,0.),.UNSPECIFIED.);
#74=B_SPLINE_CURVE_WITH_KNOTS('',3,(#6544,#6545,#6546,#6547),
 .UNSPECIFIED.,.F.,.F.,(4,4),(0.,0.306405745956198),.UNSPECIFIED.);
#75=B_SPLINE_CURVE_WITH_KNOTS('',3,(#6549,#6550,#6551,#6552),
 .UNSPECIFIED.,.F.,.F.,(4,4),(-17.1316619033901,-16.7456892606435),
 .UNSPECIFIED.);
#76=B_SPLINE_CURVE_WITH_KNOTS('',3,(#6662,#6663,#6664,#6665),
 .UNSPECIFIED.,.F.,.F.,(4,4),(-16.9376434471279,-16.551659056848),
 .UNSPECIFIED.);
#77=B_SPLINE_CURVE_WITH_KNOTS('',3,(#6742,#6743,#6744,#6745),
 .UNSPECIFIED.,.F.,.F.,(4,4),(-17.1316619033901,-16.7456892606434),
 .UNSPECIFIED.);
#78=B_SPLINE_CURVE_WITH_KNOTS('',3,(#6952,#6953,#6954,#6955),
 .UNSPECIFIED.,.F.,.F.,(4,4),(-16.9376434471279,-16.551659056848),
 .UNSPECIFIED.);
#79=B_SPLINE_CURVE_WITH_KNOTS('',3,(#7297,#7298,#7299,#7300,#7301,#7302,
#7303,#7304,#7305,#7306,#7307,#7308,#7309,#7310,#7311,#7312,#7313,#7314,
#7315,#7316,#7317),.UNSPECIFIED.,.T.,.F.,(4,1,1,1,1,1,1,1,1,1,1,1,1,1,1,
1,1,1,4),(-3.14159265358979,-2.91719317833338,-2.69279370307697,-2.24399475256414,
-1.79519580205131,-1.34639685153848,-1.0471975511966,-0.747998250854713,
-0.448798950512828,-0.149599650170943,0.149599650170943,0.448798950512828,
0.747998250854713,1.34639685153848,1.64559615188037,2.24399475256414,2.69279370307697,
2.91719317833338,3.14159265358979),.UNSPECIFIED.);
#80=B_SPLINE_CURVE_WITH_KNOTS('',3,(#7318,#7319,#7320,#7321,#7322,#7323,
#7324,#7325,#7326,#7327,#7328,#7329,#7330,#7331,#7332,#7333,#7334,#7335,
#7336,#7337,#7338),.UNSPECIFIED.,.T.,.F.,(4,1,1,1,1,1,1,1,1,1,1,1,1,1,1,
1,1,1,4),(-3.14159265358979,-2.91719317833338,-2.69279370307697,-2.24399475256414,
-1.64559615188037,-1.34639685153848,-0.747998250854713,-0.448798950512828,
-0.149599650170943,0.149599650170943,0.448798950512828,0.747998250854713,
1.0471975511966,1.34639685153848,1.79519580205131,2.24399475256414,2.69279370307697,
2.91719317833338,3.14159265358979),.UNSPECIFIED.);
#81=B_SPLINE_CURVE_WITH_KNOTS('',3,(#7360,#7361,#7362,#7363,#7364,#7365,
#7366,#7367,#7368,#7369,#7370,#7371),.UNSPECIFIED.,.F.,.F.,(4,1,1,1,1,1,
1,2,4),(3.53679815017511,3.86132459016853,4.02358781016524,4.18585103016196,
4.34811425015867,4.51037747015538,4.83490391014881,5.15943035014223,5.16145056616325),
 .UNSPECIFIED.);
#82=B_SPLINE_CURVE_WITH_KNOTS('',3,(#7373,#7374,#7375,#7376),
 .UNSPECIFIED.,.F.,.F.,(4,4),(16.4909835251114,17.3630537654579),
 .UNSPECIFIED.);
#83=B_SPLINE_CURVE_WITH_KNOTS('',3,(#7378,#7379,#7380,#7381,#7382,#7383,
#7384,#7385),.UNSPECIFIED.,.F.,.F.,(4,2,1,1,4),(-0.00228017268355947,0.,
1.12054596067402,1.49406128089869,1.86757660112337),.UNSPECIFIED.);
#84=B_SPLINE_CURVE_WITH_KNOTS('',3,(#7387,#7388,#7389,#7390,#7391,#7392,
#7393,#7394,#7395,#7396,#7397,#7398),.UNSPECIFIED.,.F.,.F.,(4,1,1,1,1,1,
1,2,4),(3.87750474264175,4.25102006286524,4.62453538308874,4.99805070331223,
5.18480836342398,5.37156602353573,5.55832368364748,5.74508134375922,5.74736151644278),
 .UNSPECIFIED.);
#85=B_SPLINE_CURVE_WITH_KNOTS('',3,(#7400,#7401,#7402,#7403),
 .UNSPECIFIED.,.F.,.F.,(4,4),(16.3202503177729,17.1923483447645),
 .UNSPECIFIED.);
#86=B_SPLINE_CURVE_WITH_KNOTS('',3,(#7405,#7406,#7407,#7408,#7409,#7410,
#7411,#7412,#7413,#7414),.UNSPECIFIED.,.F.,.F.,(4,2,1,1,1,1,4),(-0.00202021602112101,
0.,0.324526441428629,0.649052882857258,0.973579324285887,1.29810576571452,
1.62263220714314),.UNSPECIFIED.);
#87=B_SPLINE_CURVE_WITH_KNOTS('',3,(#7416,#7417,#7418,#7419,#7420,#7421,
#7422,#7423,#7424,#7425,#7426,#7427,#7428,#7429),.UNSPECIFIED.,.F.,.F.,
(4,1,1,1,1,1,1,1,1,2,4),(3.53679815017499,3.86132459016837,4.02358781016506,
4.18585103016175,4.34811425015844,4.51037747015513,4.67264069015182,4.83490391014851,
4.9971671301452,5.1594303501419,5.16145056616302),.UNSPECIFIED.);
#88=B_SPLINE_CURVE_WITH_KNOTS('',3,(#7431,#7432,#7433,#7434),
 .UNSPECIFIED.,.F.,.F.,(4,4),(16.4909835251114,17.3630537654579),
 .UNSPECIFIED.);
#89=B_SPLINE_CURVE_WITH_KNOTS('',3,(#7436,#7437,#7438,#7439,#7440,#7441,
#7442,#7443,#7444,#7445),.UNSPECIFIED.,.F.,.F.,(4,2,1,1,1,1,4),(-0.00228017268416247,
0.,0.373515320224556,0.747030640449112,1.12054596067367,1.49406128089822,
1.86757660112278),.UNSPECIFIED.);
#90=B_SPLINE_CURVE_WITH_KNOTS('',3,(#7447,#7448,#7449,#7450,#7451,#7452,
#7453,#7454,#7455,#7456,#7457,#7458),.UNSPECIFIED.,.F.,.F.,(4,1,1,1,1,1,
1,2,4),(3.87750474264116,4.25102006286454,4.43777772297622,4.62453538308791,
4.8112930431996,4.99805070331129,5.37156602353467,5.74508134375805,5.74736151644221),
 .UNSPECIFIED.);
#91=B_SPLINE_CURVE_WITH_KNOTS('',3,(#7460,#7461,#7462,#7463),
 .UNSPECIFIED.,.F.,.F.,(4,4),(16.3202503177729,17.1923483447645),
 .UNSPECIFIED.);
#92=B_SPLINE_CURVE_WITH_KNOTS('',3,(#7464,#7465,#7466,#7467,#7468,#7469,
#7470,#7471),.UNSPECIFIED.,.F.,.F.,(4,2,1,1,4),(-0.00202021602101917,0.,
0.973579324285946,1.29810576571459,1.62263220714324),.UNSPECIFIED.);
#93=B_SPLINE_CURVE_WITH_KNOTS('',3,(#7543,#7544,#7545,#7546,#7547,#7548,
#7549,#7550,#7551,#7552),.UNSPECIFIED.,.F.,.F.,(4,1,1,1,1,2,4),(0.,0.319874321704814,
0.639748643409629,0.959622965114443,1.27949728681926,1.59937160852407,1.60724865674968),
 .UNSPECIFIED.);
#94=B_SPLINE_CURVE_WITH_KNOTS('',3,(#7553,#7554,#7555,#7556,#7557,#7558,
#7559,#7560,#7561,#7562),.UNSPECIFIED.,.F.,.F.,(4,2,1,1,1,1,4),(-1.60724865674968,
-1.59937160852407,-1.27949728681926,-0.959622965114443,-0.639748643409629,
-0.319874321704814,0.),.UNSPECIFIED.);
#95=B_SPLINE_CURVE_WITH_KNOTS('',3,(#7619,#7620,#7621,#7622,#7623,#7624,
#7625,#7626,#7627,#7628,#7629),.UNSPECIFIED.,.F.,.F.,(4,1,1,1,1,1,2,4),
(-1.59937160852011,-1.27949728681609,-1.11956012596408,-0.959622965112068,
-0.639748643408045,-0.319874321704023,0.,0.00787704822558452),
 .UNSPECIFIED.);
#96=B_SPLINE_CURVE_WITH_KNOTS('',3,(#7631,#7632,#7633,#7634,#7635,#7636,
#7637,#7638,#7639,#7640,#7641),.UNSPECIFIED.,.F.,.F.,(4,2,1,1,1,1,1,4),
(-0.00787704822558452,0.,0.319874321704023,0.639748643408045,0.959622965112068,
1.11956012596408,1.27949728681609,1.59937160852011),.UNSPECIFIED.);
#97=B_SPLINE_CURVE_WITH_KNOTS('',3,(#7696,#7697,#7698,#7699,#7700,#7701,
#7702,#7703,#7704,#7705),.UNSPECIFIED.,.F.,.F.,(4,1,1,1,1,2,4),(-1.30978508891234,
-1.04782807112987,-0.785871053347404,-0.523914035564936,-0.261957017782468,
0.,0.00657414788456881),.UNSPECIFIED.);
#98=B_SPLINE_CURVE_WITH_KNOTS('',3,(#7706,#7707,#7708,#7709,#7710,#7711,
#7712,#7713,#7714,#7715),.UNSPECIFIED.,.F.,.F.,(4,2,1,1,1,1,4),(-0.00657414788456881,
0.,0.261957017782468,0.523914035564936,0.785871053347404,1.04782807112987,
1.30978508891234),.UNSPECIFIED.);
#99=B_SPLINE_CURVE_WITH_KNOTS('',3,(#7767,#7768,#7769,#7770,#7771,#7772,
#7773,#7774,#7775,#7776),.UNSPECIFIED.,.F.,.F.,(4,1,1,1,1,2,4),(0.,0.261957018371382,
0.523914036742763,0.785871055114145,1.04782807348553,1.30978509185691,1.31635923976504),
 .UNSPECIFIED.);
#100=B_SPLINE_CURVE_WITH_KNOTS('',3,(#7778,#7779,#7780,#7781,#7782,#7783,
#7784,#7785,#7786,#7787),.UNSPECIFIED.,.F.,.F.,(4,2,1,1,1,1,4),(-1.31635923976504,
-1.30978509185691,-1.04782807348553,-0.785871055114145,-0.523914036742763,
-0.261957018371382,0.),.UNSPECIFIED.);
#101=B_SPLINE_CURVE_WITH_KNOTS('',3,(#7857,#7858,#7859,#7860,#7861,#7862,
#7863,#7864,#7865,#7866),.UNSPECIFIED.,.F.,.F.,(4,1,1,1,1,2,4),(0.,0.261957018354652,
0.523914036709305,0.785871055063957,1.04782807341861,1.30978509177326,1.31635923976476),
 .UNSPECIFIED.);
#102=B_SPLINE_CURVE_WITH_KNOTS('',3,(#7867,#7868,#7869,#7870,#7871,#7872,
#7873,#7874,#7875,#7876),.UNSPECIFIED.,.F.,.F.,(4,2,1,1,1,1,4),(-1.31635923976476,
-1.30978509177326,-1.04782807341861,-0.785871055063957,-0.523914036709305,
-0.261957018354652,0.),.UNSPECIFIED.);
#103=B_SPLINE_CURVE_WITH_KNOTS('',3,(#7923,#7924,#7925,#7926,#7927,#7928,
#7929,#7930,#7931),.UNSPECIFIED.,.F.,.F.,(4,1,1,1,2,4),(-1.30978508893742,
-1.04782807114993,-0.78587105336245,-0.523914035574967,0.,0.00657414796246702),
 .UNSPECIFIED.);
#104=B_SPLINE_CURVE_WITH_KNOTS('',3,(#7933,#7934,#7935,#7936,#7937,#7938,
#7939,#7940,#7941),.UNSPECIFIED.,.F.,.F.,(4,2,1,1,1,4),(-0.00657414796246702,
0.,0.523914035574967,0.78587105336245,1.04782807114993,1.30978508893742),
 .UNSPECIFIED.);
#105=B_SPLINE_CURVE_WITH_KNOTS('',3,(#8014,#8015,#8016,#8017,#8018,#8019,
#8020,#8021,#8022,#8023,#8024),.UNSPECIFIED.,.F.,.F.,(4,1,1,1,1,1,2,4),
(-1.59937160849558,-1.27949728679647,-0.95962296509735,-0.639748643398233,
-0.319874321699117,-0.159937160849558,0.,0.00787704825011318),
 .UNSPECIFIED.);
#106=B_SPLINE_CURVE_WITH_KNOTS('',3,(#8026,#8027,#8028,#8029,#8030,#8031,
#8032,#8033,#8034,#8035,#8036),.UNSPECIFIED.,.F.,.F.,(4,2,1,1,1,1,1,4),
(-0.00787704825011318,0.,0.159937160849558,0.319874321699117,0.639748643398233,
0.95962296509735,1.27949728679647,1.59937160849558),.UNSPECIFIED.);
#107=B_SPLINE_CURVE_WITH_KNOTS('',3,(#8091,#8092,#8093,#8094,#8095,#8096,
#8097,#8098,#8099,#8100),.UNSPECIFIED.,.F.,.F.,(4,1,1,1,1,2,4),(0.,0.319874321699772,
0.639748643399543,0.959622965099315,1.27949728679909,1.59937160849886,1.60724865674968),
 .UNSPECIFIED.);
#108=B_SPLINE_CURVE_WITH_KNOTS('',3,(#8101,#8102,#8103,#8104,#8105,#8106,
#8107,#8108,#8109,#8110),.UNSPECIFIED.,.F.,.F.,(4,2,1,1,1,1,4),(-1.60724865674968,
-1.59937160849886,-1.27949728679909,-0.959622965099315,-0.639748643399543,
-0.319874321699772,0.),.UNSPECIFIED.);
#109=B_SPLINE_CURVE_WITH_KNOTS('',3,(#8131,#8132,#8133,#8134),
 .UNSPECIFIED.,.F.,.F.,(4,4),(-0.3064057459562,0.),.UNSPECIFIED.);
#110=B_SPLINE_CURVE_WITH_KNOTS('',3,(#8135,#8136,#8137,#8138),
 .UNSPECIFIED.,.F.,.F.,(4,4),(0.,0.3064057459562),.UNSPECIFIED.);
#111=B_SPLINE_CURVE_WITH_KNOTS('',3,(#8159,#8160,#8161,#8162),
 .UNSPECIFIED.,.F.,.F.,(4,4),(-0.29432399056047,0.),.UNSPECIFIED.);
#112=B_SPLINE_CURVE_WITH_KNOTS('',3,(#8163,#8164,#8165,#8166),
 .UNSPECIFIED.,.F.,.F.,(4,4),(0.,0.29432399056047),.UNSPECIFIED.);
#113=B_SPLINE_CURVE_WITH_KNOTS('',3,(#8202,#8203,#8204,#8205),
 .UNSPECIFIED.,.F.,.F.,(4,4),(-0.306405745950725,0.),.UNSPECIFIED.);
#114=B_SPLINE_CURVE_WITH_KNOTS('',3,(#8206,#8207,#8208,#8209),
 .UNSPECIFIED.,.F.,.F.,(4,4),(0.,0.306405745950725),.UNSPECIFIED.);
#115=B_SPLINE_CURVE_WITH_KNOTS('',3,(#8230,#8231,#8232,#8233),
 .UNSPECIFIED.,.F.,.F.,(4,4),(-0.294323994956972,0.),.UNSPECIFIED.);
#116=B_SPLINE_CURVE_WITH_KNOTS('',3,(#8234,#8235,#8236,#8237),
 .UNSPECIFIED.,.F.,.F.,(4,4),(0.,0.294323994956972),.UNSPECIFIED.);
#117=B_SPLINE_CURVE_WITH_KNOTS('',3,(#8258,#8259,#8260,#8261),
 .UNSPECIFIED.,.F.,.F.,(4,4),(-0.294323994956968,0.),.UNSPECIFIED.);
#118=B_SPLINE_CURVE_WITH_KNOTS('',3,(#8262,#8263,#8264,#8265),
 .UNSPECIFIED.,.F.,.F.,(4,4),(0.,0.294323994956968),.UNSPECIFIED.);
#119=B_SPLINE_CURVE_WITH_KNOTS('',3,(#8286,#8287,#8288,#8289),
 .UNSPECIFIED.,.F.,.F.,(4,4),(-0.306405745950724,0.),.UNSPECIFIED.);
#120=B_SPLINE_CURVE_WITH_KNOTS('',3,(#8290,#8291,#8292,#8293),
 .UNSPECIFIED.,.F.,.F.,(4,4),(0.,0.306405745950724),.UNSPECIFIED.);
#121=B_SPLINE_CURVE_WITH_KNOTS('',3,(#8314,#8315,#8316,#8317),
 .UNSPECIFIED.,.F.,.F.,(4,4),(-0.294323990560466,0.),.UNSPECIFIED.);
#122=B_SPLINE_CURVE_WITH_KNOTS('',3,(#8318,#8319,#8320,#8321),
 .UNSPECIFIED.,.F.,.F.,(4,4),(0.,0.294323990560466),.UNSPECIFIED.);
#123=B_SPLINE_CURVE_WITH_KNOTS('',3,(#8342,#8343,#8344,#8345),
 .UNSPECIFIED.,.F.,.F.,(4,4),(-0.306405745956198,0.),.UNSPECIFIED.);
#124=B_SPLINE_CURVE_WITH_KNOTS('',3,(#8346,#8347,#8348,#8349),
 .UNSPECIFIED.,.F.,.F.,(4,4),(0.,0.306405745956198),.UNSPECIFIED.);
#125=B_SPLINE_CURVE_WITH_KNOTS('',3,(#8351,#8352,#8353,#8354),
 .UNSPECIFIED.,.F.,.F.,(4,4),(-17.1316619033901,-16.7456892606434),
 .UNSPECIFIED.);
#126=B_SPLINE_CURVE_WITH_KNOTS('',3,(#8464,#8465,#8466,#8467),
 .UNSPECIFIED.,.F.,.F.,(4,4),(-16.9376434471279,-16.551659056848),
 .UNSPECIFIED.);
#127=B_SPLINE_CURVE_WITH_KNOTS('',3,(#8544,#8545,#8546,#8547),
 .UNSPECIFIED.,.F.,.F.,(4,4),(-17.1316619033901,-16.7456892606434),
 .UNSPECIFIED.);
#128=B_SPLINE_CURVE_WITH_KNOTS('',3,(#8754,#8755,#8756,#8757),
 .UNSPECIFIED.,.F.,.F.,(4,4),(-16.9376434471279,-16.551659056848),
 .UNSPECIFIED.);
#129=B_SPLINE_CURVE_WITH_KNOTS('',2,(#8999,#9000,#9001),.UNSPECIFIED.,.F.,
 .F.,(3,3),(0.,1.),.UNSPECIFIED.);
#130=B_SPLINE_CURVE_WITH_KNOTS('',2,(#9005,#9006,#9007),.UNSPECIFIED.,.F.,
 .F.,(3,3),(-1.,0.),.UNSPECIFIED.);
#131=B_SPLINE_CURVE_WITH_KNOTS('',2,(#9016,#9017,#9018),.UNSPECIFIED.,.F.,
 .F.,(3,3),(0.,1.),.UNSPECIFIED.);
#132=B_SPLINE_CURVE_WITH_KNOTS('',2,(#9020,#9021,#9022),.UNSPECIFIED.,.F.,
 .F.,(3,3),(-1.,0.),.UNSPECIFIED.);
#133=B_SPLINE_CURVE_WITH_KNOTS('',2,(#9031,#9032,#9033),.UNSPECIFIED.,.F.,
 .F.,(3,3),(0.,1.),.UNSPECIFIED.);
#134=B_SPLINE_CURVE_WITH_KNOTS('',2,(#9035,#9036,#9037),.UNSPECIFIED.,.F.,
 .F.,(3,3),(-1.,0.),.UNSPECIFIED.);
#135=B_SPLINE_CURVE_WITH_KNOTS('',2,(#9046,#9047,#9048),.UNSPECIFIED.,.F.,
 .F.,(3,3),(0.,1.),.UNSPECIFIED.);
#136=B_SPLINE_CURVE_WITH_KNOTS('',2,(#9050,#9051,#9052),.UNSPECIFIED.,.F.,
 .F.,(3,3),(-1.,0.),.UNSPECIFIED.);
#137=B_SPLINE_CURVE_WITH_KNOTS('',2,(#9061,#9062,#9063),.UNSPECIFIED.,.F.,
 .F.,(3,3),(0.,1.),.UNSPECIFIED.);
#138=B_SPLINE_CURVE_WITH_KNOTS('',2,(#9065,#9066,#9067),.UNSPECIFIED.,.F.,
 .F.,(3,3),(-1.,0.),.UNSPECIFIED.);
#139=B_SPLINE_CURVE_WITH_KNOTS('',2,(#9088,#9089,#9090),.UNSPECIFIED.,.F.,
 .F.,(3,3),(0.,1.),.UNSPECIFIED.);
#140=B_SPLINE_CURVE_WITH_KNOTS('',2,(#9092,#9093,#9094),.UNSPECIFIED.,.F.,
 .F.,(3,3),(-1.,0.),.UNSPECIFIED.);
#141=B_SPLINE_CURVE_WITH_KNOTS('',2,(#9103,#9104,#9105),.UNSPECIFIED.,.F.,
 .F.,(3,3),(0.,1.),.UNSPECIFIED.);
#142=B_SPLINE_CURVE_WITH_KNOTS('',2,(#9107,#9108,#9109),.UNSPECIFIED.,.F.,
 .F.,(3,3),(-1.,0.),.UNSPECIFIED.);
#143=B_SPLINE_CURVE_WITH_KNOTS('',2,(#9118,#9119,#9120),.UNSPECIFIED.,.F.,
 .F.,(3,3),(0.,1.),.UNSPECIFIED.);
#144=B_SPLINE_CURVE_WITH_KNOTS('',2,(#9122,#9123,#9124),.UNSPECIFIED.,.F.,
 .F.,(3,3),(-1.,0.),.UNSPECIFIED.);
#145=B_SPLINE_CURVE_WITH_KNOTS('',2,(#9133,#9134,#9135),.UNSPECIFIED.,.F.,
 .F.,(3,3),(0.,1.),.UNSPECIFIED.);
#146=B_SPLINE_CURVE_WITH_KNOTS('',2,(#9137,#9138,#9139),.UNSPECIFIED.,.F.,
 .F.,(3,3),(-1.,0.),.UNSPECIFIED.);
#147=B_SPLINE_CURVE_WITH_KNOTS('',2,(#9148,#9149,#9150),.UNSPECIFIED.,.F.,
 .F.,(3,3),(0.,1.),.UNSPECIFIED.);
#148=B_SPLINE_CURVE_WITH_KNOTS('',2,(#9152,#9153,#9154),.UNSPECIFIED.,.F.,
 .F.,(3,3),(-1.,0.),.UNSPECIFIED.);
#149=B_SPLINE_CURVE_WITH_KNOTS('',2,(#9163,#9164,#9165),.UNSPECIFIED.,.F.,
 .F.,(3,3),(0.,1.),.UNSPECIFIED.);
#150=B_SPLINE_CURVE_WITH_KNOTS('',2,(#9167,#9168,#9169),.UNSPECIFIED.,.F.,
 .F.,(3,3),(-1.,0.),.UNSPECIFIED.);
#151=B_SPLINE_CURVE_WITH_KNOTS('',2,(#9178,#9179,#9180),.UNSPECIFIED.,.F.,
 .F.,(3,3),(0.,1.),.UNSPECIFIED.);
#152=B_SPLINE_CURVE_WITH_KNOTS('',2,(#9182,#9183,#9184),.UNSPECIFIED.,.F.,
 .F.,(3,3),(-1.,0.),.UNSPECIFIED.);
#153=B_SPLINE_CURVE_WITH_KNOTS('',2,(#9193,#9194,#9195),.UNSPECIFIED.,.F.,
 .F.,(3,3),(0.,1.),.UNSPECIFIED.);
#154=B_SPLINE_CURVE_WITH_KNOTS('',2,(#9197,#9198,#9199),.UNSPECIFIED.,.F.,
 .F.,(3,3),(-1.,0.),.UNSPECIFIED.);
#155=B_SPLINE_CURVE_WITH_KNOTS('',2,(#9214,#9215,#9216),.UNSPECIFIED.,.F.,
 .F.,(3,3),(0.,1.),.UNSPECIFIED.);
#156=B_SPLINE_CURVE_WITH_KNOTS('',2,(#9218,#9219,#9220),.UNSPECIFIED.,.F.,
 .F.,(3,3),(-1.,0.),.UNSPECIFIED.);
#157=B_SPLINE_CURVE_WITH_KNOTS('',2,(#9229,#9230,#9231),.UNSPECIFIED.,.F.,
 .F.,(3,3),(0.,1.),.UNSPECIFIED.);
#158=B_SPLINE_CURVE_WITH_KNOTS('',2,(#9233,#9234,#9235),.UNSPECIFIED.,.F.,
 .F.,(3,3),(-1.,0.),.UNSPECIFIED.);
#159=B_SPLINE_CURVE_WITH_KNOTS('',2,(#9250,#9251,#9252),.UNSPECIFIED.,.F.,
 .F.,(3,3),(0.,1.),.UNSPECIFIED.);
#160=B_SPLINE_CURVE_WITH_KNOTS('',2,(#9254,#9255,#9256),.UNSPECIFIED.,.F.,
 .F.,(3,3),(-1.,0.),.UNSPECIFIED.);
#161=B_SPLINE_CURVE_WITH_KNOTS('',2,(#9265,#9266,#9267),.UNSPECIFIED.,.F.,
 .F.,(3,3),(0.,1.),.UNSPECIFIED.);
#162=B_SPLINE_CURVE_WITH_KNOTS('',2,(#9269,#9270,#9271),.UNSPECIFIED.,.F.,
 .F.,(3,3),(-1.,0.),.UNSPECIFIED.);
#163=B_SPLINE_CURVE_WITH_KNOTS('',2,(#9280,#9281,#9282),.UNSPECIFIED.,.F.,
 .F.,(3,3),(0.,1.),.UNSPECIFIED.);
#164=B_SPLINE_CURVE_WITH_KNOTS('',2,(#9284,#9285,#9286),.UNSPECIFIED.,.F.,
 .F.,(3,3),(-1.,0.),.UNSPECIFIED.);
#165=B_SPLINE_CURVE_WITH_KNOTS('',2,(#9295,#9296,#9297),.UNSPECIFIED.,.F.,
 .F.,(3,3),(0.,1.),.UNSPECIFIED.);
#166=B_SPLINE_CURVE_WITH_KNOTS('',2,(#9299,#9300,#9301),.UNSPECIFIED.,.F.,
 .F.,(3,3),(-1.,0.),.UNSPECIFIED.);
#167=B_SPLINE_CURVE_WITH_KNOTS('',2,(#9310,#9311,#9312),.UNSPECIFIED.,.F.,
 .F.,(3,3),(0.,1.),.UNSPECIFIED.);
#168=B_SPLINE_CURVE_WITH_KNOTS('',2,(#9314,#9315,#9316),.UNSPECIFIED.,.F.,
 .F.,(3,3),(-1.,0.),.UNSPECIFIED.);
#169=B_SPLINE_CURVE_WITH_KNOTS('',2,(#9325,#9326,#9327),.UNSPECIFIED.,.F.,
 .F.,(3,3),(0.,1.),.UNSPECIFIED.);
#170=B_SPLINE_CURVE_WITH_KNOTS('',2,(#9329,#9330,#9331),.UNSPECIFIED.,.F.,
 .F.,(3,3),(-1.,0.),.UNSPECIFIED.);
#171=B_SPLINE_CURVE_WITH_KNOTS('',2,(#9345,#9346,#9347),.UNSPECIFIED.,.F.,
 .F.,(3,3),(0.,1.),.UNSPECIFIED.);
#172=B_SPLINE_CURVE_WITH_KNOTS('',2,(#9348,#9349,#9350),.UNSPECIFIED.,.F.,
 .F.,(3,3),(-1.,0.),.UNSPECIFIED.);
#173=B_SPLINE_CURVE_WITH_KNOTS('',2,(#9369,#9370,#9371),.UNSPECIFIED.,.F.,
 .F.,(3,3),(0.,1.),.UNSPECIFIED.);
#174=B_SPLINE_CURVE_WITH_KNOTS('',2,(#9373,#9374,#9375),.UNSPECIFIED.,.F.,
 .F.,(3,3),(-1.,0.),.UNSPECIFIED.);
#175=B_SPLINE_CURVE_WITH_KNOTS('',2,(#9384,#9385,#9386),.UNSPECIFIED.,.F.,
 .F.,(3,3),(0.,1.),.UNSPECIFIED.);
#176=B_SPLINE_CURVE_WITH_KNOTS('',2,(#9388,#9389,#9390),.UNSPECIFIED.,.F.,
 .F.,(3,3),(-1.,0.),.UNSPECIFIED.);
#177=B_SPLINE_CURVE_WITH_KNOTS('',2,(#9399,#9400,#9401),.UNSPECIFIED.,.F.,
 .F.,(3,3),(0.,1.),.UNSPECIFIED.);
#178=B_SPLINE_CURVE_WITH_KNOTS('',2,(#9403,#9404,#9405),.UNSPECIFIED.,.F.,
 .F.,(3,3),(-1.,0.),.UNSPECIFIED.);
#179=B_SPLINE_CURVE_WITH_KNOTS('',2,(#9414,#9415,#9416),.UNSPECIFIED.,.F.,
 .F.,(3,3),(0.,1.),.UNSPECIFIED.);
#180=B_SPLINE_CURVE_WITH_KNOTS('',2,(#9418,#9419,#9420),.UNSPECIFIED.,.F.,
 .F.,(3,3),(-1.,0.),.UNSPECIFIED.);
#181=B_SPLINE_CURVE_WITH_KNOTS('',2,(#9429,#9430,#9431),.UNSPECIFIED.,.F.,
 .F.,(3,3),(0.,1.),.UNSPECIFIED.);
#182=B_SPLINE_CURVE_WITH_KNOTS('',2,(#9433,#9434,#9435),.UNSPECIFIED.,.F.,
 .F.,(3,3),(-1.,0.),.UNSPECIFIED.);
#183=B_SPLINE_CURVE_WITH_KNOTS('',2,(#9450,#9451,#9452),.UNSPECIFIED.,.F.,
 .F.,(3,3),(0.,1.),.UNSPECIFIED.);
#184=B_SPLINE_CURVE_WITH_KNOTS('',2,(#9454,#9455,#9456),.UNSPECIFIED.,.F.,
 .F.,(3,3),(-1.,0.),.UNSPECIFIED.);
#185=B_SPLINE_CURVE_WITH_KNOTS('',2,(#9465,#9466,#9467),.UNSPECIFIED.,.F.,
 .F.,(3,3),(0.,1.),.UNSPECIFIED.);
#186=B_SPLINE_CURVE_WITH_KNOTS('',2,(#9469,#9470,#9471),.UNSPECIFIED.,.F.,
 .F.,(3,3),(-1.,0.),.UNSPECIFIED.);
#187=B_SPLINE_CURVE_WITH_KNOTS('',2,(#9480,#9481,#9482),.UNSPECIFIED.,.F.,
 .F.,(3,3),(0.,1.),.UNSPECIFIED.);
#188=B_SPLINE_CURVE_WITH_KNOTS('',2,(#9484,#9485,#9486),.UNSPECIFIED.,.F.,
 .F.,(3,3),(-1.,0.),.UNSPECIFIED.);
#189=B_SPLINE_CURVE_WITH_KNOTS('',2,(#9495,#9496,#9497),.UNSPECIFIED.,.F.,
 .F.,(3,3),(0.,1.),.UNSPECIFIED.);
#190=B_SPLINE_CURVE_WITH_KNOTS('',2,(#9499,#9500,#9501),.UNSPECIFIED.,.F.,
 .F.,(3,3),(-1.,0.),.UNSPECIFIED.);
#191=B_SPLINE_CURVE_WITH_KNOTS('',2,(#9510,#9511,#9512),.UNSPECIFIED.,.F.,
 .F.,(3,3),(0.,1.),.UNSPECIFIED.);
#192=B_SPLINE_CURVE_WITH_KNOTS('',2,(#9514,#9515,#9516),.UNSPECIFIED.,.F.,
 .F.,(3,3),(-1.,0.),.UNSPECIFIED.);
#193=B_SPLINE_CURVE_WITH_KNOTS('',2,(#9525,#9526,#9527),.UNSPECIFIED.,.F.,
 .F.,(3,3),(0.,1.),.UNSPECIFIED.);
#194=B_SPLINE_CURVE_WITH_KNOTS('',2,(#9529,#9530,#9531),.UNSPECIFIED.,.F.,
 .F.,(3,3),(-1.,0.),.UNSPECIFIED.);
#195=B_SPLINE_CURVE_WITH_KNOTS('',2,(#9539,#9540,#9541),.UNSPECIFIED.,.F.,
 .F.,(3,3),(0.,1.),.UNSPECIFIED.);
#196=B_SPLINE_CURVE_WITH_KNOTS('',2,(#9542,#9543,#9544),.UNSPECIFIED.,.F.,
 .F.,(3,3),(-1.,0.),.UNSPECIFIED.);
#197=B_SPLINE_CURVE_WITH_KNOTS('',2,(#9569,#9570,#9571),.UNSPECIFIED.,.F.,
 .F.,(3,3),(0.,1.),.UNSPECIFIED.);
#198=B_SPLINE_CURVE_WITH_KNOTS('',2,(#9573,#9574,#9575),.UNSPECIFIED.,.F.,
 .F.,(3,3),(-1.,0.),.UNSPECIFIED.);
#199=B_SPLINE_CURVE_WITH_KNOTS('',2,(#9584,#9585,#9586),.UNSPECIFIED.,.F.,
 .F.,(3,3),(0.,1.),.UNSPECIFIED.);
#200=B_SPLINE_CURVE_WITH_KNOTS('',2,(#9588,#9589,#9590),.UNSPECIFIED.,.F.,
 .F.,(3,3),(-1.,0.),.UNSPECIFIED.);
#201=B_SPLINE_CURVE_WITH_KNOTS('',2,(#9599,#9600,#9601),.UNSPECIFIED.,.F.,
 .F.,(3,3),(0.,1.),.UNSPECIFIED.);
#202=B_SPLINE_CURVE_WITH_KNOTS('',2,(#9603,#9604,#9605),.UNSPECIFIED.,.F.,
 .F.,(3,3),(-1.,0.),.UNSPECIFIED.);
#203=B_SPLINE_CURVE_WITH_KNOTS('',2,(#9614,#9615,#9616),.UNSPECIFIED.,.F.,
 .F.,(3,3),(0.,1.),.UNSPECIFIED.);
#204=B_SPLINE_CURVE_WITH_KNOTS('',2,(#9618,#9619,#9620),.UNSPECIFIED.,.F.,
 .F.,(3,3),(-1.,0.),.UNSPECIFIED.);
#205=B_SPLINE_CURVE_WITH_KNOTS('',2,(#9659,#9660,#9661),.UNSPECIFIED.,.F.,
 .F.,(3,3),(0.,1.),.UNSPECIFIED.);
#206=B_SPLINE_CURVE_WITH_KNOTS('',2,(#9663,#9664,#9665),.UNSPECIFIED.,.F.,
 .F.,(3,3),(-1.,0.),.UNSPECIFIED.);
#207=B_SPLINE_CURVE_WITH_KNOTS('',2,(#9674,#9675,#9676),.UNSPECIFIED.,.F.,
 .F.,(3,3),(0.,1.),.UNSPECIFIED.);
#208=B_SPLINE_CURVE_WITH_KNOTS('',2,(#9678,#9679,#9680),.UNSPECIFIED.,.F.,
 .F.,(3,3),(-1.,0.),.UNSPECIFIED.);
#209=B_SPLINE_CURVE_WITH_KNOTS('',2,(#9689,#9690,#9691),.UNSPECIFIED.,.F.,
 .F.,(3,3),(0.,1.),.UNSPECIFIED.);
#210=B_SPLINE_CURVE_WITH_KNOTS('',2,(#9693,#9694,#9695),.UNSPECIFIED.,.F.,
 .F.,(3,3),(-1.,0.),.UNSPECIFIED.);
#211=B_SPLINE_CURVE_WITH_KNOTS('',2,(#9704,#9705,#9706),.UNSPECIFIED.,.F.,
 .F.,(3,3),(0.,1.),.UNSPECIFIED.);
#212=B_SPLINE_CURVE_WITH_KNOTS('',2,(#9708,#9709,#9710),.UNSPECIFIED.,.F.,
 .F.,(3,3),(-1.,0.),.UNSPECIFIED.);
#213=B_SPLINE_CURVE_WITH_KNOTS('',2,(#9725,#9726,#9727),.UNSPECIFIED.,.F.,
 .F.,(3,3),(0.,1.),.UNSPECIFIED.);
#214=B_SPLINE_CURVE_WITH_KNOTS('',2,(#9731,#9732,#9733),.UNSPECIFIED.,.F.,
 .F.,(3,3),(-1.,0.),.UNSPECIFIED.);
#215=B_SPLINE_CURVE_WITH_KNOTS('',2,(#9742,#9743,#9744),.UNSPECIFIED.,.F.,
 .F.,(3,3),(0.,1.),.UNSPECIFIED.);
#216=B_SPLINE_CURVE_WITH_KNOTS('',2,(#9746,#9747,#9748),.UNSPECIFIED.,.F.,
 .F.,(3,3),(-1.,0.),.UNSPECIFIED.);
#217=B_SPLINE_CURVE_WITH_KNOTS('',2,(#9757,#9758,#9759),.UNSPECIFIED.,.F.,
 .F.,(3,3),(0.,1.),.UNSPECIFIED.);
#218=B_SPLINE_CURVE_WITH_KNOTS('',2,(#9761,#9762,#9763),.UNSPECIFIED.,.F.,
 .F.,(3,3),(-1.,0.),.UNSPECIFIED.);
#219=B_SPLINE_CURVE_WITH_KNOTS('',2,(#9772,#9773,#9774),.UNSPECIFIED.,.F.,
 .F.,(3,3),(0.,1.),.UNSPECIFIED.);
#220=B_SPLINE_CURVE_WITH_KNOTS('',2,(#9776,#9777,#9778),.UNSPECIFIED.,.F.,
 .F.,(3,3),(-1.,0.),.UNSPECIFIED.);
#221=B_SPLINE_CURVE_WITH_KNOTS('',2,(#9787,#9788,#9789),.UNSPECIFIED.,.F.,
 .F.,(3,3),(0.,1.),.UNSPECIFIED.);
#222=B_SPLINE_CURVE_WITH_KNOTS('',2,(#9791,#9792,#9793),.UNSPECIFIED.,.F.,
 .F.,(3,3),(-1.,0.),.UNSPECIFIED.);
#223=B_SPLINE_CURVE_WITH_KNOTS('',2,(#9802,#9803,#9804),.UNSPECIFIED.,.F.,
 .F.,(3,3),(0.,1.),.UNSPECIFIED.);
#224=B_SPLINE_CURVE_WITH_KNOTS('',2,(#9806,#9807,#9808),.UNSPECIFIED.,.F.,
 .F.,(3,3),(-1.,0.),.UNSPECIFIED.);
#225=B_SPLINE_CURVE_WITH_KNOTS('',2,(#9817,#9818,#9819),.UNSPECIFIED.,.F.,
 .F.,(3,3),(0.,1.),.UNSPECIFIED.);
#226=B_SPLINE_CURVE_WITH_KNOTS('',2,(#9821,#9822,#9823),.UNSPECIFIED.,.F.,
 .F.,(3,3),(-1.,0.),.UNSPECIFIED.);
#227=B_SPLINE_CURVE_WITH_KNOTS('',2,(#9831,#9832,#9833),.UNSPECIFIED.,.F.,
 .F.,(3,3),(0.,1.),.UNSPECIFIED.);
#228=B_SPLINE_CURVE_WITH_KNOTS('',2,(#9834,#9835,#9836),.UNSPECIFIED.,.F.,
 .F.,(3,3),(-1.,0.),.UNSPECIFIED.);
#229=B_SPLINE_CURVE_WITH_KNOTS('',2,(#9845,#9846,#9847),.UNSPECIFIED.,.F.,
 .F.,(3,3),(0.,1.),.UNSPECIFIED.);
#230=B_SPLINE_CURVE_WITH_KNOTS('',2,(#9851,#9852,#9853),.UNSPECIFIED.,.F.,
 .F.,(3,3),(-1.,0.),.UNSPECIFIED.);
#231=B_SPLINE_CURVE_WITH_KNOTS('',2,(#9862,#9863,#9864),.UNSPECIFIED.,.F.,
 .F.,(3,3),(0.,1.),.UNSPECIFIED.);
#232=B_SPLINE_CURVE_WITH_KNOTS('',2,(#9866,#9867,#9868),.UNSPECIFIED.,.F.,
 .F.,(3,3),(-1.,0.),.UNSPECIFIED.);
#233=B_SPLINE_CURVE_WITH_KNOTS('',2,(#9877,#9878,#9879),.UNSPECIFIED.,.F.,
 .F.,(3,3),(0.,1.),.UNSPECIFIED.);
#234=B_SPLINE_CURVE_WITH_KNOTS('',2,(#9881,#9882,#9883),.UNSPECIFIED.,.F.,
 .F.,(3,3),(-1.,0.),.UNSPECIFIED.);
#235=B_SPLINE_CURVE_WITH_KNOTS('',2,(#9892,#9893,#9894),.UNSPECIFIED.,.F.,
 .F.,(3,3),(0.,1.),.UNSPECIFIED.);
#236=B_SPLINE_CURVE_WITH_KNOTS('',2,(#9896,#9897,#9898),.UNSPECIFIED.,.F.,
 .F.,(3,3),(-1.,0.),.UNSPECIFIED.);
#237=B_SPLINE_CURVE_WITH_KNOTS('',2,(#9907,#9908,#9909),.UNSPECIFIED.,.F.,
 .F.,(3,3),(0.,1.),.UNSPECIFIED.);
#238=B_SPLINE_CURVE_WITH_KNOTS('',2,(#9911,#9912,#9913),.UNSPECIFIED.,.F.,
 .F.,(3,3),(-1.,0.),.UNSPECIFIED.);
#239=B_SPLINE_CURVE_WITH_KNOTS('',2,(#9922,#9923,#9924),.UNSPECIFIED.,.F.,
 .F.,(3,3),(0.,1.),.UNSPECIFIED.);
#240=B_SPLINE_CURVE_WITH_KNOTS('',2,(#9926,#9927,#9928),.UNSPECIFIED.,.F.,
 .F.,(3,3),(-1.,0.),.UNSPECIFIED.);
#241=B_SPLINE_CURVE_WITH_KNOTS('',2,(#9937,#9938,#9939),.UNSPECIFIED.,.F.,
 .F.,(3,3),(0.,1.),.UNSPECIFIED.);
#242=B_SPLINE_CURVE_WITH_KNOTS('',2,(#9941,#9942,#9943),.UNSPECIFIED.,.F.,
 .F.,(3,3),(-1.,0.),.UNSPECIFIED.);
#243=B_SPLINE_CURVE_WITH_KNOTS('',2,(#9952,#9953,#9954),.UNSPECIFIED.,.F.,
 .F.,(3,3),(0.,1.),.UNSPECIFIED.);
#244=B_SPLINE_CURVE_WITH_KNOTS('',2,(#9956,#9957,#9958),.UNSPECIFIED.,.F.,
 .F.,(3,3),(-1.,0.),.UNSPECIFIED.);
#245=B_SPLINE_CURVE_WITH_KNOTS('',2,(#9966,#9967,#9968),.UNSPECIFIED.,.F.,
 .F.,(3,3),(0.,1.),.UNSPECIFIED.);
#246=B_SPLINE_CURVE_WITH_KNOTS('',2,(#9969,#9970,#9971),.UNSPECIFIED.,.F.,
 .F.,(3,3),(-1.,0.),.UNSPECIFIED.);
#247=B_SPLINE_CURVE_WITH_KNOTS('',2,(#9990,#9991,#9992),.UNSPECIFIED.,.F.,
 .F.,(3,3),(0.,1.),.UNSPECIFIED.);
#248=B_SPLINE_CURVE_WITH_KNOTS('',2,(#9994,#9995,#9996),.UNSPECIFIED.,.F.,
 .F.,(3,3),(-1.,0.),.UNSPECIFIED.);
#249=B_SPLINE_CURVE_WITH_KNOTS('',2,(#10005,#10006,#10007),
 .UNSPECIFIED.,.F.,.F.,(3,3),(0.,1.),.UNSPECIFIED.);
#250=B_SPLINE_CURVE_WITH_KNOTS('',2,(#10009,#10010,#10011),
 .UNSPECIFIED.,.F.,.F.,(3,3),(-1.,0.),.UNSPECIFIED.);
#251=B_SPLINE_CURVE_WITH_KNOTS('',2,(#10020,#10021,#10022),
 .UNSPECIFIED.,.F.,.F.,(3,3),(0.,1.),.UNSPECIFIED.);
#252=B_SPLINE_CURVE_WITH_KNOTS('',2,(#10024,#10025,#10026),
 .UNSPECIFIED.,.F.,.F.,(3,3),(-1.,0.),.UNSPECIFIED.);
#253=B_SPLINE_CURVE_WITH_KNOTS('',2,(#10035,#10036,#10037),
 .UNSPECIFIED.,.F.,.F.,(3,3),(0.,1.),.UNSPECIFIED.);
#254=B_SPLINE_CURVE_WITH_KNOTS('',2,(#10039,#10040,#10041),
 .UNSPECIFIED.,.F.,.F.,(3,3),(-1.,0.),.UNSPECIFIED.);
#255=B_SPLINE_CURVE_WITH_KNOTS('',2,(#10050,#10051,#10052),
 .UNSPECIFIED.,.F.,.F.,(3,3),(0.,1.),.UNSPECIFIED.);
#256=B_SPLINE_CURVE_WITH_KNOTS('',2,(#10054,#10055,#10056),
 .UNSPECIFIED.,.F.,.F.,(3,3),(-1.,0.),.UNSPECIFIED.);
#257=B_SPLINE_CURVE_WITH_KNOTS('',2,(#10065,#10066,#10067),
 .UNSPECIFIED.,.F.,.F.,(3,3),(0.,1.),.UNSPECIFIED.);
#258=B_SPLINE_CURVE_WITH_KNOTS('',2,(#10069,#10070,#10071),
 .UNSPECIFIED.,.F.,.F.,(3,3),(-1.,0.),.UNSPECIFIED.);
#259=B_SPLINE_CURVE_WITH_KNOTS('',2,(#10080,#10081,#10082),
 .UNSPECIFIED.,.F.,.F.,(3,3),(0.,1.),.UNSPECIFIED.);
#260=B_SPLINE_CURVE_WITH_KNOTS('',2,(#10084,#10085,#10086),
 .UNSPECIFIED.,.F.,.F.,(3,3),(-1.,0.),.UNSPECIFIED.);
#261=B_SPLINE_CURVE_WITH_KNOTS('',2,(#10095,#10096,#10097),
 .UNSPECIFIED.,.F.,.F.,(3,3),(0.,1.),.UNSPECIFIED.);
#262=B_SPLINE_CURVE_WITH_KNOTS('',2,(#10099,#10100,#10101),
 .UNSPECIFIED.,.F.,.F.,(3,3),(-1.,0.),.UNSPECIFIED.);
#263=B_SPLINE_CURVE_WITH_KNOTS('',2,(#10110,#10111,#10112),
 .UNSPECIFIED.,.F.,.F.,(3,3),(0.,1.),.UNSPECIFIED.);
#264=B_SPLINE_CURVE_WITH_KNOTS('',2,(#10114,#10115,#10116),
 .UNSPECIFIED.,.F.,.F.,(3,3),(-1.,0.),.UNSPECIFIED.);
#265=B_SPLINE_CURVE_WITH_KNOTS('',2,(#10125,#10126,#10127),
 .UNSPECIFIED.,.F.,.F.,(3,3),(0.,1.),.UNSPECIFIED.);
#266=B_SPLINE_CURVE_WITH_KNOTS('',2,(#10129,#10130,#10131),
 .UNSPECIFIED.,.F.,.F.,(3,3),(-1.,0.),.UNSPECIFIED.);
#267=B_SPLINE_CURVE_WITH_KNOTS('',2,(#10146,#10147,#10148),
 .UNSPECIFIED.,.F.,.F.,(3,3),(0.,1.),.UNSPECIFIED.);
#268=B_SPLINE_CURVE_WITH_KNOTS('',2,(#10150,#10151,#10152),
 .UNSPECIFIED.,.F.,.F.,(3,3),(-1.,0.),.UNSPECIFIED.);
#269=B_SPLINE_CURVE_WITH_KNOTS('',2,(#10161,#10162,#10163),
 .UNSPECIFIED.,.F.,.F.,(3,3),(0.,1.),.UNSPECIFIED.);
#270=B_SPLINE_CURVE_WITH_KNOTS('',2,(#10165,#10166,#10167),
 .UNSPECIFIED.,.F.,.F.,(3,3),(-1.,0.),.UNSPECIFIED.);
#271=B_SPLINE_CURVE_WITH_KNOTS('',2,(#10176,#10177,#10178),
 .UNSPECIFIED.,.F.,.F.,(3,3),(0.,1.),.UNSPECIFIED.);
#272=B_SPLINE_CURVE_WITH_KNOTS('',2,(#10180,#10181,#10182),
 .UNSPECIFIED.,.F.,.F.,(3,3),(-1.,0.),.UNSPECIFIED.);
#273=B_SPLINE_CURVE_WITH_KNOTS('',2,(#10191,#10192,#10193),
 .UNSPECIFIED.,.F.,.F.,(3,3),(0.,1.),.UNSPECIFIED.);
#274=B_SPLINE_CURVE_WITH_KNOTS('',2,(#10195,#10196,#10197),
 .UNSPECIFIED.,.F.,.F.,(3,3),(-1.,0.),.UNSPECIFIED.);
#275=B_SPLINE_CURVE_WITH_KNOTS('',2,(#10206,#10207,#10208),
 .UNSPECIFIED.,.F.,.F.,(3,3),(0.,1.),.UNSPECIFIED.);
#276=B_SPLINE_CURVE_WITH_KNOTS('',2,(#10210,#10211,#10212),
 .UNSPECIFIED.,.F.,.F.,(3,3),(-1.,0.),.UNSPECIFIED.);
#277=B_SPLINE_CURVE_WITH_KNOTS('',2,(#10221,#10222,#10223),
 .UNSPECIFIED.,.F.,.F.,(3,3),(0.,1.),.UNSPECIFIED.);
#278=B_SPLINE_CURVE_WITH_KNOTS('',2,(#10225,#10226,#10227),
 .UNSPECIFIED.,.F.,.F.,(3,3),(-1.,0.),.UNSPECIFIED.);
#279=B_SPLINE_CURVE_WITH_KNOTS('',2,(#10236,#10237,#10238),
 .UNSPECIFIED.,.F.,.F.,(3,3),(0.,1.),.UNSPECIFIED.);
#280=B_SPLINE_CURVE_WITH_KNOTS('',2,(#10240,#10241,#10242),
 .UNSPECIFIED.,.F.,.F.,(3,3),(-1.,0.),.UNSPECIFIED.);
#281=B_SPLINE_CURVE_WITH_KNOTS('',2,(#10251,#10252,#10253),
 .UNSPECIFIED.,.F.,.F.,(3,3),(0.,1.),.UNSPECIFIED.);
#282=B_SPLINE_CURVE_WITH_KNOTS('',2,(#10255,#10256,#10257),
 .UNSPECIFIED.,.F.,.F.,(3,3),(-1.,0.),.UNSPECIFIED.);
#283=B_SPLINE_CURVE_WITH_KNOTS('',2,(#10266,#10267,#10268),
 .UNSPECIFIED.,.F.,.F.,(3,3),(0.,1.),.UNSPECIFIED.);
#284=B_SPLINE_CURVE_WITH_KNOTS('',2,(#10270,#10271,#10272),
 .UNSPECIFIED.,.F.,.F.,(3,3),(-1.,0.),.UNSPECIFIED.);
#285=B_SPLINE_CURVE_WITH_KNOTS('',2,(#10280,#10281,#10282),
 .UNSPECIFIED.,.F.,.F.,(3,3),(0.,1.),.UNSPECIFIED.);
#286=B_SPLINE_CURVE_WITH_KNOTS('',2,(#10283,#10284,#10285),
 .UNSPECIFIED.,.F.,.F.,(3,3),(-1.,0.),.UNSPECIFIED.);
#287=B_SPLINE_CURVE_WITH_KNOTS('',2,(#10304,#10305,#10306),
 .UNSPECIFIED.,.F.,.F.,(3,3),(0.,1.),.UNSPECIFIED.);
#288=B_SPLINE_CURVE_WITH_KNOTS('',2,(#10308,#10309,#10310),
 .UNSPECIFIED.,.F.,.F.,(3,3),(-1.,0.),.UNSPECIFIED.);
#289=B_SPLINE_CURVE_WITH_KNOTS('',2,(#10319,#10320,#10321),
 .UNSPECIFIED.,.F.,.F.,(3,3),(0.,1.),.UNSPECIFIED.);
#290=B_SPLINE_CURVE_WITH_KNOTS('',2,(#10323,#10324,#10325),
 .UNSPECIFIED.,.F.,.F.,(3,3),(-1.,0.),.UNSPECIFIED.);
#291=B_SPLINE_CURVE_WITH_KNOTS('',2,(#10334,#10335,#10336),
 .UNSPECIFIED.,.F.,.F.,(3,3),(0.,1.),.UNSPECIFIED.);
#292=B_SPLINE_CURVE_WITH_KNOTS('',2,(#10338,#10339,#10340),
 .UNSPECIFIED.,.F.,.F.,(3,3),(-1.,0.),.UNSPECIFIED.);
#293=B_SPLINE_CURVE_WITH_KNOTS('',2,(#10355,#10356,#10357),
 .UNSPECIFIED.,.F.,.F.,(3,3),(0.,1.),.UNSPECIFIED.);
#294=B_SPLINE_CURVE_WITH_KNOTS('',2,(#10359,#10360,#10361),
 .UNSPECIFIED.,.F.,.F.,(3,3),(-1.,0.),.UNSPECIFIED.);
#295=B_SPLINE_CURVE_WITH_KNOTS('',2,(#10370,#10371,#10372),
 .UNSPECIFIED.,.F.,.F.,(3,3),(0.,1.),.UNSPECIFIED.);
#296=B_SPLINE_CURVE_WITH_KNOTS('',2,(#10374,#10375,#10376),
 .UNSPECIFIED.,.F.,.F.,(3,3),(-1.,0.),.UNSPECIFIED.);
#297=B_SPLINE_CURVE_WITH_KNOTS('',2,(#10385,#10386,#10387),
 .UNSPECIFIED.,.F.,.F.,(3,3),(0.,1.),.UNSPECIFIED.);
#298=B_SPLINE_CURVE_WITH_KNOTS('',2,(#10389,#10390,#10391),
 .UNSPECIFIED.,.F.,.F.,(3,3),(-1.,0.),.UNSPECIFIED.);
#299=B_SPLINE_CURVE_WITH_KNOTS('',2,(#10400,#10401,#10402),
 .UNSPECIFIED.,.F.,.F.,(3,3),(0.,1.),.UNSPECIFIED.);
#300=B_SPLINE_CURVE_WITH_KNOTS('',2,(#10404,#10405,#10406),
 .UNSPECIFIED.,.F.,.F.,(3,3),(-1.,0.),.UNSPECIFIED.);
#301=CIRCLE('',#4399,1.5);
#302=CIRCLE('',#4403,1.5);
#303=CIRCLE('',#4406,1.5);
#304=CIRCLE('',#4407,1.5);
#305=CIRCLE('',#4408,1.5);
#306=CIRCLE('',#4409,1.5);
#307=CIRCLE('',#4410,1.5);
#308=CIRCLE('',#4412,1.5);
#309=CIRCLE('',#4415,1.5);
#310=CIRCLE('',#4416,1.5);
#311=CIRCLE('',#4417,1.5);
#312=CIRCLE('',#4419,1.5);
#313=CIRCLE('',#4422,1.5);
#314=CIRCLE('',#4423,1.5);
#315=CIRCLE('',#4424,1.5);
#316=CIRCLE('',#4426,1.5);
#317=CIRCLE('',#4429,1.5);
#318=CIRCLE('',#4431,5.);
#319=CIRCLE('',#4433,5.);
#320=CIRCLE('',#4435,5.);
#321=CIRCLE('',#4436,4.99999999999999);
#322=CIRCLE('',#4437,5.);
#323=CIRCLE('',#4439,5.);
#324=CIRCLE('',#4440,5.);
#325=CIRCLE('',#4441,5.);
#326=CIRCLE('',#4457,1.5);
#327=CIRCLE('',#4461,1.5);
#328=CIRCLE('',#4464,1.5);
#329=CIRCLE('',#4465,1.5);
#330=CIRCLE('',#4466,1.5);
#331=CIRCLE('',#4467,1.5);
#332=CIRCLE('',#4468,1.5);
#333=CIRCLE('',#4470,1.5);
#334=CIRCLE('',#4473,1.5);
#335=CIRCLE('',#4474,1.5);
#336=CIRCLE('',#4475,1.5);
#337=CIRCLE('',#4477,1.5);
#338=CIRCLE('',#4480,1.5);
#339=CIRCLE('',#4481,1.5);
#340=CIRCLE('',#4482,1.5);
#341=CIRCLE('',#4484,1.5);
#342=CIRCLE('',#4487,1.5);
#343=CIRCLE('',#4489,5.);
#344=CIRCLE('',#4491,5.);
#345=CIRCLE('',#4493,5.);
#346=CIRCLE('',#4494,4.99999999999999);
#347=CIRCLE('',#4495,5.);
#348=CIRCLE('',#4497,5.);
#349=CIRCLE('',#4498,5.);
#350=CIRCLE('',#4499,5.);
#351=B_SPLINE_SURFACE_WITH_KNOTS('',3,3,((#5366,#5367,#5368,#5369,#5370,
#5371,#5372,#5373,#5374,#5375,#5376,#5377,#5378,#5379,#5380,#5381,#5382,
#5383,#5384,#5385,#5386,#5387,#5388,#5389),(#5390,#5391,#5392,#5393,#5394,
#5395,#5396,#5397,#5398,#5399,#5400,#5401,#5402,#5403,#5404,#5405,#5406,
#5407,#5408,#5409,#5410,#5411,#5412,#5413),(#5414,#5415,#5416,#5417,#5418,
#5419,#5420,#5421,#5422,#5423,#5424,#5425,#5426,#5427,#5428,#5429,#5430,
#5431,#5432,#5433,#5434,#5435,#5436,#5437),(#5438,#5439,#5440,#5441,#5442,
#5443,#5444,#5445,#5446,#5447,#5448,#5449,#5450,#5451,#5452,#5453,#5454,
#5455,#5456,#5457,#5458,#5459,#5460,#5461),(#5462,#5463,#5464,#5465,#5466,
#5467,#5468,#5469,#5470,#5471,#5472,#5473,#5474,#5475,#5476,#5477,#5478,
#5479,#5480,#5481,#5482,#5483,#5484,#5485)),.UNSPECIFIED.,.F.,.T.,.F.,(4,
1,4),(4,1,1,1,1,1,1,1,1,1,1,1,1,1,1,1,1,1,1,1,1,4),(0.,0.571428571428571,
1.),(-3.14159265358979,-2.91719317833338,-2.69279370307697,-2.35619449019234,
-2.24399475256414,-1.34639685153848,-1.0471975511966,-0.747998250854713,
-0.448798950512828,-0.149599650170943,0.0373999125427357,0.149599650170943,
0.448798950512828,0.747998250854713,1.34639685153848,1.64559615188037,1.86999562713678,
2.24399475256414,2.69279370307697,2.91719317833338,2.97329304714748,3.14159265358979),
 .UNSPECIFIED.);
#352=B_SPLINE_SURFACE_WITH_KNOTS('',3,3,((#5688,#5689,#5690,#5691,#5692,
#5693,#5694,#5695,#5696,#5697),(#5698,#5699,#5700,#5701,#5702,#5703,#5704,
#5705,#5706,#5707),(#5708,#5709,#5710,#5711,#5712,#5713,#5714,#5715,#5716,
#5717),(#5718,#5719,#5720,#5721,#5722,#5723,#5724,#5725,#5726,#5727),(#5728,
#5729,#5730,#5731,#5732,#5733,#5734,#5735,#5736,#5737)),.UNSPECIFIED.,.F.,
 .F.,.F.,(4,1,4),(4,2,1,1,1,1,4),(0.,0.571428571428571,1.),(-1.60724865674968,
-1.59937160852407,-1.27949728681926,-0.959622965114443,-0.639748643409629,
-0.319874321704814,0.),.UNSPECIFIED.);
#353=B_SPLINE_SURFACE_WITH_KNOTS('',3,3,((#5761,#5762,#5763,#5764,#5765,
#5766,#5767,#5768,#5769,#5770,#5771),(#5772,#5773,#5774,#5775,#5776,#5777,
#5778,#5779,#5780,#5781,#5782),(#5783,#5784,#5785,#5786,#5787,#5788,#5789,
#5790,#5791,#5792,#5793),(#5794,#5795,#5796,#5797,#5798,#5799,#5800,#5801,
#5802,#5803,#5804),(#5805,#5806,#5807,#5808,#5809,#5810,#5811,#5812,#5813,
#5814,#5815)),.UNSPECIFIED.,.F.,.F.,.F.,(4,1,4),(4,1,1,1,1,1,2,4),(0.,0.571428571428571,
1.),(-1.59937160852011,-1.27949728681609,-1.11956012596408,-0.959622965112068,
-0.639748643408045,-0.319874321704023,0.,0.00787704822558452),
 .UNSPECIFIED.);
#354=B_SPLINE_SURFACE_WITH_KNOTS('',3,3,((#5841,#5842,#5843,#5844,#5845,
#5846,#5847,#5848,#5849,#5850),(#5851,#5852,#5853,#5854,#5855,#5856,#5857,
#5858,#5859,#5860),(#5861,#5862,#5863,#5864,#5865,#5866,#5867,#5868,#5869,
#5870),(#5871,#5872,#5873,#5874,#5875,#5876,#5877,#5878,#5879,#5880),(#5881,
#5882,#5883,#5884,#5885,#5886,#5887,#5888,#5889,#5890)),.UNSPECIFIED.,.F.,
 .F.,.F.,(4,1,4),(4,2,1,1,1,1,4),(0.,0.571428571428571,1.),(-0.00657414788456881,
0.,0.261957017782468,0.523914035564936,0.785871053347404,1.04782807112987,
1.30978508891234),.UNSPECIFIED.);
#355=B_SPLINE_SURFACE_WITH_KNOTS('',3,3,((#5914,#5915,#5916,#5917,#5918,
#5919,#5920,#5921,#5922,#5923),(#5924,#5925,#5926,#5927,#5928,#5929,#5930,
#5931,#5932,#5933),(#5934,#5935,#5936,#5937,#5938,#5939,#5940,#5941,#5942,
#5943),(#5944,#5945,#5946,#5947,#5948,#5949,#5950,#5951,#5952,#5953),(#5954,
#5955,#5956,#5957,#5958,#5959,#5960,#5961,#5962,#5963)),.UNSPECIFIED.,.F.,
 .F.,.F.,(4,1,4),(4,1,1,1,1,2,4),(0.,0.571428571428571,1.),(0.,0.261957018371382,
0.523914036742763,0.785871055114145,1.04782807348553,1.30978509185691,1.31635923976504),
 .UNSPECIFIED.);
#356=B_SPLINE_SURFACE_WITH_KNOTS('',3,3,((#6002,#6003,#6004,#6005,#6006,
#6007,#6008,#6009,#6010,#6011),(#6012,#6013,#6014,#6015,#6016,#6017,#6018,
#6019,#6020,#6021),(#6022,#6023,#6024,#6025,#6026,#6027,#6028,#6029,#6030,
#6031),(#6032,#6033,#6034,#6035,#6036,#6037,#6038,#6039,#6040,#6041),(#6042,
#6043,#6044,#6045,#6046,#6047,#6048,#6049,#6050,#6051)),.UNSPECIFIED.,.F.,
 .F.,.F.,(4,1,4),(4,2,1,1,1,1,4),(0.,0.571428571428571,1.),(-1.31635923976476,
-1.30978509177326,-1.04782807341861,-0.785871055063957,-0.523914036709305,
-0.261957018354652,0.),.UNSPECIFIED.);
#357=B_SPLINE_SURFACE_WITH_KNOTS('',3,3,((#6075,#6076,#6077,#6078,#6079,
#6080,#6081,#6082,#6083),(#6084,#6085,#6086,#6087,#6088,#6089,#6090,#6091,
#6092),(#6093,#6094,#6095,#6096,#6097,#6098,#6099,#6100,#6101),(#6102,#6103,
#6104,#6105,#6106,#6107,#6108,#6109,#6110),(#6111,#6112,#6113,#6114,#6115,
#6116,#6117,#6118,#6119)),.UNSPECIFIED.,.F.,.F.,.F.,(4,1,4),(4,1,1,1,2,
4),(0.,0.571428571428571,1.),(-1.30978508893742,-1.04782807114993,-0.78587105336245,
-0.523914035574967,0.,0.00657414796246702),.UNSPECIFIED.);
#358=B_SPLINE_SURFACE_WITH_KNOTS('',3,3,((#6156,#6157,#6158,#6159,#6160,
#6161,#6162,#6163,#6164,#6165,#6166),(#6167,#6168,#6169,#6170,#6171,#6172,
#6173,#6174,#6175,#6176,#6177),(#6178,#6179,#6180,#6181,#6182,#6183,#6184,
#6185,#6186,#6187,#6188),(#6189,#6190,#6191,#6192,#6193,#6194,#6195,#6196,
#6197,#6198,#6199),(#6200,#6201,#6202,#6203,#6204,#6205,#6206,#6207,#6208,
#6209,#6210)),.UNSPECIFIED.,.F.,.F.,.F.,(4,1,4),(4,1,1,1,1,1,2,4),(0.,0.571428571428571,
1.),(-1.59937160849558,-1.27949728679647,-0.95962296509735,-0.639748643398233,
-0.319874321699117,-0.159937160849558,0.,0.00787704825011318),
 .UNSPECIFIED.);
#359=B_SPLINE_SURFACE_WITH_KNOTS('',3,3,((#6236,#6237,#6238,#6239,#6240,
#6241,#6242,#6243,#6244,#6245),(#6246,#6247,#6248,#6249,#6250,#6251,#6252,
#6253,#6254,#6255),(#6256,#6257,#6258,#6259,#6260,#6261,#6262,#6263,#6264,
#6265),(#6266,#6267,#6268,#6269,#6270,#6271,#6272,#6273,#6274,#6275),(#6276,
#6277,#6278,#6279,#6280,#6281,#6282,#6283,#6284,#6285)),.UNSPECIFIED.,.F.,
 .F.,.F.,(4,1,4),(4,2,1,1,1,1,4),(0.,0.571428571428571,1.),(-1.60724865674968,
-1.59937160849886,-1.27949728679909,-0.959622965099315,-0.639748643399543,
-0.319874321699772,0.),.UNSPECIFIED.);
#360=B_SPLINE_SURFACE_WITH_KNOTS('',3,3,((#6309,#6310,#6311,#6312),(#6313,
#6314,#6315,#6316),(#6317,#6318,#6319,#6320),(#6321,#6322,#6323,#6324),
(#6325,#6326,#6327,#6328)),.UNSPECIFIED.,.F.,.F.,.F.,(4,1,4),(4,4),(0.,
0.571428571428571,1.),(0.,0.3064057459562),.UNSPECIFIED.);
#361=B_SPLINE_SURFACE_WITH_KNOTS('',3,3,((#6337,#6338,#6339,#6340),(#6341,
#6342,#6343,#6344),(#6345,#6346,#6347,#6348),(#6349,#6350,#6351,#6352),
(#6353,#6354,#6355,#6356)),.UNSPECIFIED.,.F.,.F.,.F.,(4,1,4),(4,4),(0.,
0.571428571428571,1.),(0.,0.29432399056047),.UNSPECIFIED.);
#362=B_SPLINE_SURFACE_WITH_KNOTS('',3,3,((#6380,#6381,#6382,#6383),(#6384,
#6385,#6386,#6387),(#6388,#6389,#6390,#6391),(#6392,#6393,#6394,#6395),
(#6396,#6397,#6398,#6399)),.UNSPECIFIED.,.F.,.F.,.F.,(4,1,4),(4,4),(0.,
0.571428571428571,1.),(0.,0.306405745950725),.UNSPECIFIED.);
#363=B_SPLINE_SURFACE_WITH_KNOTS('',3,3,((#6408,#6409,#6410,#6411),(#6412,
#6413,#6414,#6415),(#6416,#6417,#6418,#6419),(#6420,#6421,#6422,#6423),
(#6424,#6425,#6426,#6427)),.UNSPECIFIED.,.F.,.F.,.F.,(4,1,4),(4,4),(0.,
0.571428571428571,1.),(0.,0.294323994956972),.UNSPECIFIED.);
#364=B_SPLINE_SURFACE_WITH_KNOTS('',3,3,((#6436,#6437,#6438,#6439),(#6440,
#6441,#6442,#6443),(#6444,#6445,#6446,#6447),(#6448,#6449,#6450,#6451),
(#6452,#6453,#6454,#6455)),.UNSPECIFIED.,.F.,.F.,.F.,(4,1,4),(4,4),(0.,
0.571428571428571,1.),(0.,0.294323994956968),.UNSPECIFIED.);
#365=B_SPLINE_SURFACE_WITH_KNOTS('',3,3,((#6464,#6465,#6466,#6467),(#6468,
#6469,#6470,#6471),(#6472,#6473,#6474,#6475),(#6476,#6477,#6478,#6479),
(#6480,#6481,#6482,#6483)),.UNSPECIFIED.,.F.,.F.,.F.,(4,1,4),(4,4),(0.,
0.571428571428571,1.),(0.,0.306405745950724),.UNSPECIFIED.);
#366=B_SPLINE_SURFACE_WITH_KNOTS('',3,3,((#6492,#6493,#6494,#6495),(#6496,
#6497,#6498,#6499),(#6500,#6501,#6502,#6503),(#6504,#6505,#6506,#6507),
(#6508,#6509,#6510,#6511)),.UNSPECIFIED.,.F.,.F.,.F.,(4,1,4),(4,4),(0.,
0.571428571428571,1.),(0.,0.294323990560466),.UNSPECIFIED.);
#367=B_SPLINE_SURFACE_WITH_KNOTS('',3,3,((#6520,#6521,#6522,#6523),(#6524,
#6525,#6526,#6527),(#6528,#6529,#6530,#6531),(#6532,#6533,#6534,#6535),
(#6536,#6537,#6538,#6539)),.UNSPECIFIED.,.F.,.F.,.F.,(4,1,4),(4,4),(0.,
0.571428571428571,1.),(0.,0.306405745956198),.UNSPECIFIED.);
#368=B_SPLINE_SURFACE_WITH_KNOTS('',3,3,((#6553,#6554,#6555,#6556,#6557,
#6558,#6559,#6560),(#6561,#6562,#6563,#6564,#6565,#6566,#6567,#6568),(#6569,
#6570,#6571,#6572,#6573,#6574,#6575,#6576),(#6577,#6578,#6579,#6580,#6581,
#6582,#6583,#6584),(#6585,#6586,#6587,#6588,#6589,#6590,#6591,#6592)),
 .UNSPECIFIED.,.F.,.F.,.F.,(4,1,4),(4,2,1,1,4),(0.124312137672243,0.49960693581271,
1.),(-0.00228017268355947,0.,1.12054596067402,1.49406128089869,1.86757660112337),
 .UNSPECIFIED.);
#369=B_SPLINE_SURFACE_WITH_KNOTS('',3,3,((#6600,#6601,#6602,#6603,#6604,
#6605,#6606,#6607,#6608,#6609,#6610,#6611),(#6612,#6613,#6614,#6615,#6616,
#6617,#6618,#6619,#6620,#6621,#6622,#6623),(#6624,#6625,#6626,#6627,#6628,
#6629,#6630,#6631,#6632,#6633,#6634,#6635),(#6636,#6637,#6638,#6639,#6640,
#6641,#6642,#6643,#6644,#6645,#6646,#6647),(#6648,#6649,#6650,#6651,#6652,
#6653,#6654,#6655,#6656,#6657,#6658,#6659)),.UNSPECIFIED.,.F.,.F.,.F.,(4,
1,4),(4,1,1,1,1,1,1,2,4),(0.12431213767222,0.499606935812697,1.),(3.87750474264175,
4.25102006286524,4.62453538308874,4.99805070331223,5.18480836342398,5.37156602353573,
5.55832368364748,5.74508134375922,5.74736151644278),.UNSPECIFIED.);
#370=B_SPLINE_SURFACE_WITH_KNOTS('',3,3,((#6666,#6667,#6668,#6669,#6670,
#6671,#6672,#6673,#6674,#6675),(#6676,#6677,#6678,#6679,#6680,#6681,#6682,
#6683,#6684,#6685),(#6686,#6687,#6688,#6689,#6690,#6691,#6692,#6693,#6694,
#6695),(#6696,#6697,#6698,#6699,#6700,#6701,#6702,#6703,#6704,#6705),(#6706,
#6707,#6708,#6709,#6710,#6711,#6712,#6713,#6714,#6715)),.UNSPECIFIED.,.F.,
 .F.,.F.,(4,1,4),(4,2,1,1,1,1,4),(0.124312137474058,0.624705201774596,1.),
(-0.00228017268416247,0.,0.373515320224556,0.747030640449112,1.12054596067367,
1.49406128089822,1.86757660112278),.UNSPECIFIED.);
#371=B_SPLINE_SURFACE_WITH_KNOTS('',3,3,((#6717,#6718,#6719,#6720),(#6721,
#6722,#6723,#6724),(#6725,#6726,#6727,#6728),(#6729,#6730,#6731,#6732),
(#6733,#6734,#6735,#6736),(#6737,#6738,#6739,#6740)),.UNSPECIFIED.,.F.,
 .F.,.F.,(4,1,1,4),(4,4),(0.,0.285714285714286,0.571428571428571,1.),(16.4909835251114,
17.3630537654579),.UNSPECIFIED.);
#372=B_SPLINE_SURFACE_WITH_KNOTS('',3,3,((#6746,#6747,#6748,#6749),(#6750,
#6751,#6752,#6753),(#6754,#6755,#6756,#6757),(#6758,#6759,#6760,#6761),
(#6762,#6763,#6764,#6765),(#6766,#6767,#6768,#6769)),.UNSPECIFIED.,.F.,
 .F.,.F.,(4,1,1,4),(4,4),(0.,0.285714285714286,0.571428571428571,1.),(16.3202503177729,
17.1923483447645),.UNSPECIFIED.);
#373=B_SPLINE_SURFACE_WITH_KNOTS('',3,3,((#6791,#6792,#6793,#6794,#6795,
#6796,#6797,#6798,#6799,#6800),(#6801,#6802,#6803,#6804,#6805,#6806,#6807,
#6808,#6809,#6810),(#6811,#6812,#6813,#6814,#6815,#6816,#6817,#6818,#6819,
#6820),(#6821,#6822,#6823,#6824,#6825,#6826,#6827,#6828,#6829,#6830),(#6831,
#6832,#6833,#6834,#6835,#6836,#6837,#6838,#6839,#6840)),.UNSPECIFIED.,.F.,
 .F.,.F.,(4,1,4),(4,2,1,1,1,1,4),(0.124934799110374,0.499962742348785,1.),
(-0.00202021602112101,0.,0.324526441428629,0.649052882857258,0.973579324285887,
1.29810576571452,1.62263220714314),.UNSPECIFIED.);
#374=B_SPLINE_SURFACE_WITH_KNOTS('',3,3,((#6841,#6842,#6843,#6844),(#6845,
#6846,#6847,#6848),(#6849,#6850,#6851,#6852),(#6853,#6854,#6855,#6856),
(#6857,#6858,#6859,#6860),(#6861,#6862,#6863,#6864)),.UNSPECIFIED.,.F.,
 .F.,.F.,(4,1,1,4),(4,4),(0.,0.285714285714286,0.571428571428571,1.),(16.4909835251114,
17.3630537654579),.UNSPECIFIED.);
#375=B_SPLINE_SURFACE_WITH_KNOTS('',3,3,((#6866,#6867,#6868,#6869,#6870,
#6871,#6872,#6873,#6874,#6875,#6876,#6877),(#6878,#6879,#6880,#6881,#6882,
#6883,#6884,#6885,#6886,#6887,#6888,#6889),(#6890,#6891,#6892,#6893,#6894,
#6895,#6896,#6897,#6898,#6899,#6900,#6901),(#6902,#6903,#6904,#6905,#6906,
#6907,#6908,#6909,#6910,#6911,#6912,#6913),(#6914,#6915,#6916,#6917,#6918,
#6919,#6920,#6921,#6922,#6923,#6924,#6925)),.UNSPECIFIED.,.F.,.F.,.F.,(4,
1,4),(4,1,1,1,1,1,1,2,4),(0.124934798499465,0.624972056499771,1.),(3.53679815017511,
3.86132459016853,4.02358781016524,4.18585103016196,4.34811425015867,4.51037747015538,
4.83490391014881,5.15943035014223,5.16145056616325),.UNSPECIFIED.);
#376=B_SPLINE_SURFACE_WITH_KNOTS('',3,3,((#6926,#6927,#6928,#6929),(#6930,
#6931,#6932,#6933),(#6934,#6935,#6936,#6937),(#6938,#6939,#6940,#6941),
(#6942,#6943,#6944,#6945),(#6946,#6947,#6948,#6949)),.UNSPECIFIED.,.F.,
 .F.,.F.,(4,1,1,4),(4,4),(0.,0.285714285714286,0.571428571428571,1.),(16.3202503177729,
17.1923483447645),.UNSPECIFIED.);
#377=B_SPLINE_SURFACE_WITH_KNOTS('',3,3,((#6956,#6957,#6958,#6959,#6960,
#6961,#6962,#6963),(#6964,#6965,#6966,#6967,#6968,#6969,#6970,#6971),(#6972,
#6973,#6974,#6975,#6976,#6977,#6978,#6979),(#6980,#6981,#6982,#6983,#6984,
#6985,#6986,#6987),(#6988,#6989,#6990,#6991,#6992,#6993,#6994,#6995)),
 .UNSPECIFIED.,.F.,.F.,.F.,(4,1,4),(4,2,1,1,4),(0.124934798499233,0.624972056499671,
1.),(-0.00202021602101917,0.,0.973579324285946,1.29810576571459,1.62263220714324),
 .UNSPECIFIED.);
#378=B_SPLINE_SURFACE_WITH_KNOTS('',3,3,((#6996,#6997,#6998,#6999,#7000,
#7001,#7002,#7003,#7004,#7005,#7006,#7007),(#7008,#7009,#7010,#7011,#7012,
#7013,#7014,#7015,#7016,#7017,#7018,#7019),(#7020,#7021,#7022,#7023,#7024,
#7025,#7026,#7027,#7028,#7029,#7030,#7031),(#7032,#7033,#7034,#7035,#7036,
#7037,#7038,#7039,#7040,#7041,#7042,#7043),(#7044,#7045,#7046,#7047,#7048,
#7049,#7050,#7051,#7052,#7053,#7054,#7055)),.UNSPECIFIED.,.F.,.F.,.F.,(4,
1,4),(4,1,1,1,1,1,1,2,4),(0.124312137474142,0.49960693569951,1.),(3.87750474264116,
4.25102006286454,4.43777772297622,4.62453538308791,4.8112930431996,4.99805070331129,
5.37156602353467,5.74508134375805,5.74736151644221),.UNSPECIFIED.);
#379=B_SPLINE_SURFACE_WITH_KNOTS('',3,3,((#7056,#7057,#7058,#7059,#7060,
#7061,#7062,#7063,#7064,#7065,#7066,#7067,#7068,#7069),(#7070,#7071,#7072,
#7073,#7074,#7075,#7076,#7077,#7078,#7079,#7080,#7081,#7082,#7083),(#7084,
#7085,#7086,#7087,#7088,#7089,#7090,#7091,#7092,#7093,#7094,#7095,#7096,
#7097),(#7098,#7099,#7100,#7101,#7102,#7103,#7104,#7105,#7106,#7107,#7108,
#7109,#7110,#7111),(#7112,#7113,#7114,#7115,#7116,#7117,#7118,#7119,#7120,
#7121,#7122,#7123,#7124,#7125)),.UNSPECIFIED.,.F.,.F.,.F.,(4,1,4),(4,1,
1,1,1,1,1,1,1,2,4),(0.124934799110374,0.499962742348785,1.),(3.53679815017499,
3.86132459016837,4.02358781016506,4.18585103016175,4.34811425015844,4.51037747015513,
4.67264069015182,4.83490391014851,4.9971671301452,5.1594303501419,5.16145056616302),
 .UNSPECIFIED.);
#380=B_SPLINE_SURFACE_WITH_KNOTS('',3,3,((#7189,#7190,#7191,#7192,#7193,
#7194,#7195,#7196,#7197,#7198,#7199,#7200,#7201,#7202,#7203,#7204,#7205,
#7206,#7207,#7208,#7209),(#7210,#7211,#7212,#7213,#7214,#7215,#7216,#7217,
#7218,#7219,#7220,#7221,#7222,#7223,#7224,#7225,#7226,#7227,#7228,#7229,
#7230),(#7231,#7232,#7233,#7234,#7235,#7236,#7237,#7238,#7239,#7240,#7241,
#7242,#7243,#7244,#7245,#7246,#7247,#7248,#7249,#7250,#7251),(#7252,#7253,
#7254,#7255,#7256,#7257,#7258,#7259,#7260,#7261,#7262,#7263,#7264,#7265,
#7266,#7267,#7268,#7269,#7270,#7271,#7272),(#7273,#7274,#7275,#7276,#7277,
#7278,#7279,#7280,#7281,#7282,#7283,#7284,#7285,#7286,#7287,#7288,#7289,
#7290,#7291,#7292,#7293)),.UNSPECIFIED.,.F.,.T.,.F.,(4,1,4),(4,1,1,1,1,
1,1,1,1,1,1,1,1,1,1,1,1,1,4),(0.,0.571428571428571,1.),(-3.14159265358979,
-2.91719317833338,-2.69279370307697,-2.24399475256414,-1.79519580205131,
-1.34639685153848,-1.0471975511966,-0.747998250854713,-0.448798950512828,
-0.149599650170943,0.149599650170943,0.448798950512828,0.747998250854713,
1.34639685153848,1.64559615188037,2.24399475256414,2.69279370307697,2.91719317833338,
3.14159265358979),.UNSPECIFIED.);
#381=B_SPLINE_SURFACE_WITH_KNOTS('',3,3,((#7490,#7491,#7492,#7493,#7494,
#7495,#7496,#7497,#7498,#7499),(#7500,#7501,#7502,#7503,#7504,#7505,#7506,
#7507,#7508,#7509),(#7510,#7511,#7512,#7513,#7514,#7515,#7516,#7517,#7518,
#7519),(#7520,#7521,#7522,#7523,#7524,#7525,#7526,#7527,#7528,#7529),(#7530,
#7531,#7532,#7533,#7534,#7535,#7536,#7537,#7538,#7539)),.UNSPECIFIED.,.F.,
 .F.,.F.,(4,1,4),(4,2,1,1,1,1,4),(0.,0.571428571428571,1.),(-1.60724865674968,
-1.59937160852407,-1.27949728681926,-0.959622965114443,-0.639748643409629,
-0.319874321704814,0.),.UNSPECIFIED.);
#382=B_SPLINE_SURFACE_WITH_KNOTS('',3,3,((#7563,#7564,#7565,#7566,#7567,
#7568,#7569,#7570,#7571,#7572,#7573),(#7574,#7575,#7576,#7577,#7578,#7579,
#7580,#7581,#7582,#7583,#7584),(#7585,#7586,#7587,#7588,#7589,#7590,#7591,
#7592,#7593,#7594,#7595),(#7596,#7597,#7598,#7599,#7600,#7601,#7602,#7603,
#7604,#7605,#7606),(#7607,#7608,#7609,#7610,#7611,#7612,#7613,#7614,#7615,
#7616,#7617)),.UNSPECIFIED.,.F.,.F.,.F.,(4,1,4),(4,1,1,1,1,1,2,4),(0.,0.571428571428571,
1.),(-1.59937160852011,-1.27949728681609,-1.11956012596408,-0.959622965112068,
-0.639748643408045,-0.319874321704023,0.,0.00787704822558452),
 .UNSPECIFIED.);
#383=B_SPLINE_SURFACE_WITH_KNOTS('',3,3,((#7643,#7644,#7645,#7646,#7647,
#7648,#7649,#7650,#7651,#7652),(#7653,#7654,#7655,#7656,#7657,#7658,#7659,
#7660,#7661,#7662),(#7663,#7664,#7665,#7666,#7667,#7668,#7669,#7670,#7671,
#7672),(#7673,#7674,#7675,#7676,#7677,#7678,#7679,#7680,#7681,#7682),(#7683,
#7684,#7685,#7686,#7687,#7688,#7689,#7690,#7691,#7692)),.UNSPECIFIED.,.F.,
 .F.,.F.,(4,1,4),(4,2,1,1,1,1,4),(0.,0.571428571428571,1.),(-0.00657414788456881,
0.,0.261957017782468,0.523914035564936,0.785871053347404,1.04782807112987,
1.30978508891234),.UNSPECIFIED.);
#384=B_SPLINE_SURFACE_WITH_KNOTS('',3,3,((#7716,#7717,#7718,#7719,#7720,
#7721,#7722,#7723,#7724,#7725),(#7726,#7727,#7728,#7729,#7730,#7731,#7732,
#7733,#7734,#7735),(#7736,#7737,#7738,#7739,#7740,#7741,#7742,#7743,#7744,
#7745),(#7746,#7747,#7748,#7749,#7750,#7751,#7752,#7753,#7754,#7755),(#7756,
#7757,#7758,#7759,#7760,#7761,#7762,#7763,#7764,#7765)),.UNSPECIFIED.,.F.,
 .F.,.F.,(4,1,4),(4,1,1,1,1,2,4),(0.,0.571428571428571,1.),(0.,0.261957018371382,
0.523914036742763,0.785871055114145,1.04782807348553,1.30978509185691,1.31635923976504),
 .UNSPECIFIED.);
#385=B_SPLINE_SURFACE_WITH_KNOTS('',3,3,((#7804,#7805,#7806,#7807,#7808,
#7809,#7810,#7811,#7812,#7813),(#7814,#7815,#7816,#7817,#7818,#7819,#7820,
#7821,#7822,#7823),(#7824,#7825,#7826,#7827,#7828,#7829,#7830,#7831,#7832,
#7833),(#7834,#7835,#7836,#7837,#7838,#7839,#7840,#7841,#7842,#7843),(#7844,
#7845,#7846,#7847,#7848,#7849,#7850,#7851,#7852,#7853)),.UNSPECIFIED.,.F.,
 .F.,.F.,(4,1,4),(4,2,1,1,1,1,4),(0.,0.571428571428571,1.),(-1.31635923976476,
-1.30978509177326,-1.04782807341861,-0.785871055063957,-0.523914036709305,
-0.261957018354652,0.),.UNSPECIFIED.);
#386=B_SPLINE_SURFACE_WITH_KNOTS('',3,3,((#7877,#7878,#7879,#7880,#7881,
#7882,#7883,#7884,#7885),(#7886,#7887,#7888,#7889,#7890,#7891,#7892,#7893,
#7894),(#7895,#7896,#7897,#7898,#7899,#7900,#7901,#7902,#7903),(#7904,#7905,
#7906,#7907,#7908,#7909,#7910,#7911,#7912),(#7913,#7914,#7915,#7916,#7917,
#7918,#7919,#7920,#7921)),.UNSPECIFIED.,.F.,.F.,.F.,(4,1,4),(4,1,1,1,2,
4),(0.,0.571428571428571,1.),(-1.30978508893742,-1.04782807114993,-0.78587105336245,
-0.523914035574967,0.,0.00657414796246702),.UNSPECIFIED.);
#387=B_SPLINE_SURFACE_WITH_KNOTS('',3,3,((#7958,#7959,#7960,#7961,#7962,
#7963,#7964,#7965,#7966,#7967,#7968),(#7969,#7970,#7971,#7972,#7973,#7974,
#7975,#7976,#7977,#7978,#7979),(#7980,#7981,#7982,#7983,#7984,#7985,#7986,
#7987,#7988,#7989,#7990),(#7991,#7992,#7993,#7994,#7995,#7996,#7997,#7998,
#7999,#8000,#8001),(#8002,#8003,#8004,#8005,#8006,#8007,#8008,#8009,#8010,
#8011,#8012)),.UNSPECIFIED.,.F.,.F.,.F.,(4,1,4),(4,1,1,1,1,1,2,4),(0.,0.571428571428571,
1.),(-1.59937160849558,-1.27949728679647,-0.95962296509735,-0.639748643398233,
-0.319874321699117,-0.159937160849558,0.,0.00787704825011318),
 .UNSPECIFIED.);
#388=B_SPLINE_SURFACE_WITH_KNOTS('',3,3,((#8038,#8039,#8040,#8041,#8042,
#8043,#8044,#8045,#8046,#8047),(#8048,#8049,#8050,#8051,#8052,#8053,#8054,
#8055,#8056,#8057),(#8058,#8059,#8060,#8061,#8062,#8063,#8064,#8065,#8066,
#8067),(#8068,#8069,#8070,#8071,#8072,#8073,#8074,#8075,#8076,#8077),(#8078,
#8079,#8080,#8081,#8082,#8083,#8084,#8085,#8086,#8087)),.UNSPECIFIED.,.F.,
 .F.,.F.,(4,1,4),(4,2,1,1,1,1,4),(0.,0.571428571428571,1.),(-1.60724865674968,
-1.59937160849886,-1.27949728679909,-0.959622965099315,-0.639748643399543,
-0.319874321699772,0.),.UNSPECIFIED.);
#389=B_SPLINE_SURFACE_WITH_KNOTS('',3,3,((#8111,#8112,#8113,#8114),(#8115,
#8116,#8117,#8118),(#8119,#8120,#8121,#8122),(#8123,#8124,#8125,#8126),
(#8127,#8128,#8129,#8130)),.UNSPECIFIED.,.F.,.F.,.F.,(4,1,4),(4,4),(0.,
0.571428571428571,1.),(0.,0.3064057459562),.UNSPECIFIED.);
#390=B_SPLINE_SURFACE_WITH_KNOTS('',3,3,((#8139,#8140,#8141,#8142),(#8143,
#8144,#8145,#8146),(#8147,#8148,#8149,#8150),(#8151,#8152,#8153,#8154),
(#8155,#8156,#8157,#8158)),.UNSPECIFIED.,.F.,.F.,.F.,(4,1,4),(4,4),(0.,
0.571428571428571,1.),(0.,0.29432399056047),.UNSPECIFIED.);
#391=B_SPLINE_SURFACE_WITH_KNOTS('',3,3,((#8182,#8183,#8184,#8185),(#8186,
#8187,#8188,#8189),(#8190,#8191,#8192,#8193),(#8194,#8195,#8196,#8197),
(#8198,#8199,#8200,#8201)),.UNSPECIFIED.,.F.,.F.,.F.,(4,1,4),(4,4),(0.,
0.571428571428571,1.),(0.,0.306405745950725),.UNSPECIFIED.);
#392=B_SPLINE_SURFACE_WITH_KNOTS('',3,3,((#8210,#8211,#8212,#8213),(#8214,
#8215,#8216,#8217),(#8218,#8219,#8220,#8221),(#8222,#8223,#8224,#8225),
(#8226,#8227,#8228,#8229)),.UNSPECIFIED.,.F.,.F.,.F.,(4,1,4),(4,4),(0.,
0.571428571428571,1.),(0.,0.294323994956972),.UNSPECIFIED.);
#393=B_SPLINE_SURFACE_WITH_KNOTS('',3,3,((#8238,#8239,#8240,#8241),(#8242,
#8243,#8244,#8245),(#8246,#8247,#8248,#8249),(#8250,#8251,#8252,#8253),
(#8254,#8255,#8256,#8257)),.UNSPECIFIED.,.F.,.F.,.F.,(4,1,4),(4,4),(0.,
0.571428571428571,1.),(0.,0.294323994956968),.UNSPECIFIED.);
#394=B_SPLINE_SURFACE_WITH_KNOTS('',3,3,((#8266,#8267,#8268,#8269),(#8270,
#8271,#8272,#8273),(#8274,#8275,#8276,#8277),(#8278,#8279,#8280,#8281),
(#8282,#8283,#8284,#8285)),.UNSPECIFIED.,.F.,.F.,.F.,(4,1,4),(4,4),(0.,
0.571428571428571,1.),(0.,0.306405745950724),.UNSPECIFIED.);
#395=B_SPLINE_SURFACE_WITH_KNOTS('',3,3,((#8294,#8295,#8296,#8297),(#8298,
#8299,#8300,#8301),(#8302,#8303,#8304,#8305),(#8306,#8307,#8308,#8309),
(#8310,#8311,#8312,#8313)),.UNSPECIFIED.,.F.,.F.,.F.,(4,1,4),(4,4),(0.,
0.571428571428571,1.),(0.,0.294323990560466),.UNSPECIFIED.);
#396=B_SPLINE_SURFACE_WITH_KNOTS('',3,3,((#8322,#8323,#8324,#8325),(#8326,
#8327,#8328,#8329),(#8330,#8331,#8332,#8333),(#8334,#8335,#8336,#8337),
(#8338,#8339,#8340,#8341)),.UNSPECIFIED.,.F.,.F.,.F.,(4,1,4),(4,4),(0.,
0.571428571428571,1.),(0.,0.306405745956198),.UNSPECIFIED.);
#397=B_SPLINE_SURFACE_WITH_KNOTS('',3,3,((#8355,#8356,#8357,#8358,#8359,
#8360,#8361,#8362),(#8363,#8364,#8365,#8366,#8367,#8368,#8369,#8370),(#8371,
#8372,#8373,#8374,#8375,#8376,#8377,#8378),(#8379,#8380,#8381,#8382,#8383,
#8384,#8385,#8386),(#8387,#8388,#8389,#8390,#8391,#8392,#8393,#8394)),
 .UNSPECIFIED.,.F.,.F.,.F.,(4,1,4),(4,2,1,1,4),(0.124312137672243,0.49960693581271,
1.),(-0.00228017268355947,0.,1.12054596067402,1.49406128089869,1.86757660112337),
 .UNSPECIFIED.);
#398=B_SPLINE_SURFACE_WITH_KNOTS('',3,3,((#8402,#8403,#8404,#8405,#8406,
#8407,#8408,#8409,#8410,#8411,#8412,#8413),(#8414,#8415,#8416,#8417,#8418,
#8419,#8420,#8421,#8422,#8423,#8424,#8425),(#8426,#8427,#8428,#8429,#8430,
#8431,#8432,#8433,#8434,#8435,#8436,#8437),(#8438,#8439,#8440,#8441,#8442,
#8443,#8444,#8445,#8446,#8447,#8448,#8449),(#8450,#8451,#8452,#8453,#8454,
#8455,#8456,#8457,#8458,#8459,#8460,#8461)),.UNSPECIFIED.,.F.,.F.,.F.,(4,
1,4),(4,1,1,1,1,1,1,2,4),(0.12431213767222,0.499606935812697,1.),(3.87750474264175,
4.25102006286524,4.62453538308874,4.99805070331223,5.18480836342398,5.37156602353573,
5.55832368364748,5.74508134375922,5.74736151644278),.UNSPECIFIED.);
#399=B_SPLINE_SURFACE_WITH_KNOTS('',3,3,((#8468,#8469,#8470,#8471,#8472,
#8473,#8474,#8475,#8476,#8477),(#8478,#8479,#8480,#8481,#8482,#8483,#8484,
#8485,#8486,#8487),(#8488,#8489,#8490,#8491,#8492,#8493,#8494,#8495,#8496,
#8497),(#8498,#8499,#8500,#8501,#8502,#8503,#8504,#8505,#8506,#8507),(#8508,
#8509,#8510,#8511,#8512,#8513,#8514,#8515,#8516,#8517)),.UNSPECIFIED.,.F.,
 .F.,.F.,(4,1,4),(4,2,1,1,1,1,4),(0.124312137474058,0.624705201774596,1.),
(-0.00228017268416247,0.,0.373515320224556,0.747030640449112,1.12054596067367,
1.49406128089822,1.86757660112278),.UNSPECIFIED.);
#400=B_SPLINE_SURFACE_WITH_KNOTS('',3,3,((#8519,#8520,#8521,#8522),(#8523,
#8524,#8525,#8526),(#8527,#8528,#8529,#8530),(#8531,#8532,#8533,#8534),
(#8535,#8536,#8537,#8538),(#8539,#8540,#8541,#8542)),.UNSPECIFIED.,.F.,
 .F.,.F.,(4,1,1,4),(4,4),(0.,0.285714285714286,0.571428571428571,1.),(16.4909835251114,
17.3630537654579),.UNSPECIFIED.);
#401=B_SPLINE_SURFACE_WITH_KNOTS('',3,3,((#8548,#8549,#8550,#8551),(#8552,
#8553,#8554,#8555),(#8556,#8557,#8558,#8559),(#8560,#8561,#8562,#8563),
(#8564,#8565,#8566,#8567),(#8568,#8569,#8570,#8571)),.UNSPECIFIED.,.F.,
 .F.,.F.,(4,1,1,4),(4,4),(0.,0.285714285714286,0.571428571428571,1.),(16.3202503177729,
17.1923483447645),.UNSPECIFIED.);
#402=B_SPLINE_SURFACE_WITH_KNOTS('',3,3,((#8593,#8594,#8595,#8596,#8597,
#8598,#8599,#8600,#8601,#8602),(#8603,#8604,#8605,#8606,#8607,#8608,#8609,
#8610,#8611,#8612),(#8613,#8614,#8615,#8616,#8617,#8618,#8619,#8620,#8621,
#8622),(#8623,#8624,#8625,#8626,#8627,#8628,#8629,#8630,#8631,#8632),(#8633,
#8634,#8635,#8636,#8637,#8638,#8639,#8640,#8641,#8642)),.UNSPECIFIED.,.F.,
 .F.,.F.,(4,1,4),(4,2,1,1,1,1,4),(0.124934799110374,0.499962742348785,1.),
(-0.00202021602112101,0.,0.324526441428629,0.649052882857258,0.973579324285887,
1.29810576571452,1.62263220714314),.UNSPECIFIED.);
#403=B_SPLINE_SURFACE_WITH_KNOTS('',3,3,((#8643,#8644,#8645,#8646),(#8647,
#8648,#8649,#8650),(#8651,#8652,#8653,#8654),(#8655,#8656,#8657,#8658),
(#8659,#8660,#8661,#8662),(#8663,#8664,#8665,#8666)),.UNSPECIFIED.,.F.,
 .F.,.F.,(4,1,1,4),(4,4),(0.,0.285714285714286,0.571428571428571,1.),(16.4909835251114,
17.3630537654579),.UNSPECIFIED.);
#404=B_SPLINE_SURFACE_WITH_KNOTS('',3,3,((#8668,#8669,#8670,#8671,#8672,
#8673,#8674,#8675,#8676,#8677,#8678,#8679),(#8680,#8681,#8682,#8683,#8684,
#8685,#8686,#8687,#8688,#8689,#8690,#8691),(#8692,#8693,#8694,#8695,#8696,
#8697,#8698,#8699,#8700,#8701,#8702,#8703),(#8704,#8705,#8706,#8707,#8708,
#8709,#8710,#8711,#8712,#8713,#8714,#8715),(#8716,#8717,#8718,#8719,#8720,
#8721,#8722,#8723,#8724,#8725,#8726,#8727)),.UNSPECIFIED.,.F.,.F.,.F.,(4,
1,4),(4,1,1,1,1,1,1,2,4),(0.124934798499465,0.624972056499771,1.),(3.53679815017511,
3.86132459016853,4.02358781016524,4.18585103016196,4.34811425015867,4.51037747015538,
4.83490391014881,5.15943035014223,5.16145056616325),.UNSPECIFIED.);
#405=B_SPLINE_SURFACE_WITH_KNOTS('',3,3,((#8728,#8729,#8730,#8731),(#8732,
#8733,#8734,#8735),(#8736,#8737,#8738,#8739),(#8740,#8741,#8742,#8743),
(#8744,#8745,#8746,#8747),(#8748,#8749,#8750,#8751)),.UNSPECIFIED.,.F.,
 .F.,.F.,(4,1,1,4),(4,4),(0.,0.285714285714286,0.571428571428571,1.),(16.3202503177729,
17.1923483447645),.UNSPECIFIED.);
#406=B_SPLINE_SURFACE_WITH_KNOTS('',3,3,((#8758,#8759,#8760,#8761,#8762,
#8763,#8764,#8765),(#8766,#8767,#8768,#8769,#8770,#8771,#8772,#8773),(#8774,
#8775,#8776,#8777,#8778,#8779,#8780,#8781),(#8782,#8783,#8784,#8785,#8786,
#8787,#8788,#8789),(#8790,#8791,#8792,#8793,#8794,#8795,#8796,#8797)),
 .UNSPECIFIED.,.F.,.F.,.F.,(4,1,4),(4,2,1,1,4),(0.124934798499233,0.624972056499671,
1.),(-0.00202021602101917,0.,0.973579324285946,1.29810576571459,1.62263220714324),
 .UNSPECIFIED.);
#407=B_SPLINE_SURFACE_WITH_KNOTS('',3,3,((#8798,#8799,#8800,#8801,#8802,
#8803,#8804,#8805,#8806,#8807,#8808,#8809),(#8810,#8811,#8812,#8813,#8814,
#8815,#8816,#8817,#8818,#8819,#8820,#8821),(#8822,#8823,#8824,#8825,#8826,
#8827,#8828,#8829,#8830,#8831,#8832,#8833),(#8834,#8835,#8836,#8837,#8838,
#8839,#8840,#8841,#8842,#8843,#8844,#8845),(#8846,#8847,#8848,#8849,#8850,
#8851,#8852,#8853,#8854,#8855,#8856,#8857)),.UNSPECIFIED.,.F.,.F.,.F.,(4,
1,4),(4,1,1,1,1,1,1,2,4),(0.124312137474142,0.49960693569951,1.),(3.87750474264116,
4.25102006286454,4.43777772297622,4.62453538308791,4.8112930431996,4.99805070331129,
5.37156602353467,5.74508134375805,5.74736151644221),.UNSPECIFIED.);
#408=B_SPLINE_SURFACE_WITH_KNOTS('',3,3,((#8858,#8859,#8860,#8861,#8862,
#8863,#8864,#8865,#8866,#8867,#8868,#8869,#8870,#8871),(#8872,#8873,#8874,
#8875,#8876,#8877,#8878,#8879,#8880,#8881,#8882,#8883,#8884,#8885),(#8886,
#8887,#8888,#8889,#8890,#8891,#8892,#8893,#8894,#8895,#8896,#8897,#8898,
#8899),(#8900,#8901,#8902,#8903,#8904,#8905,#8906,#8907,#8908,#8909,#8910,
#8911,#8912,#8913),(#8914,#8915,#8916,#8917,#8918,#8919,#8920,#8921,#8922,
#8923,#8924,#8925,#8926,#8927)),.UNSPECIFIED.,.F.,.F.,.F.,(4,1,4),(4,1,
1,1,1,1,1,1,1,2,4),(0.124934799110374,0.499962742348785,1.),(3.53679815017499,
3.86132459016837,4.02358781016506,4.18585103016175,4.34811425015844,4.51037747015513,
4.67264069015182,4.83490391014851,4.9971671301452,5.1594303501419,5.16145056616302),
 .UNSPECIFIED.);
#409=B_SPLINE_SURFACE_WITH_KNOTS('',2,1,((#8991,#8992),(#8993,#8994),(#8995,
#8996)),.UNSPECIFIED.,.F.,.F.,.F.,(3,3),(2,2),(-1.,0.),(0.,0.04),
 .UNSPECIFIED.);
#410=B_SPLINE_SURFACE_WITH_KNOTS('',2,1,((#9009,#9010),(#9011,#9012),(#9013,
#9014)),.UNSPECIFIED.,.F.,.F.,.F.,(3,3),(2,2),(-1.,0.),(0.,0.04),
 .UNSPECIFIED.);
#411=B_SPLINE_SURFACE_WITH_KNOTS('',2,1,((#9024,#9025),(#9026,#9027),(#9028,
#9029)),.UNSPECIFIED.,.F.,.F.,.F.,(3,3),(2,2),(-1.,0.),(0.,0.04),
 .UNSPECIFIED.);
#412=B_SPLINE_SURFACE_WITH_KNOTS('',2,1,((#9039,#9040),(#9041,#9042),(#9043,
#9044)),.UNSPECIFIED.,.F.,.F.,.F.,(3,3),(2,2),(-1.,0.),(0.,0.04),
 .UNSPECIFIED.);
#413=B_SPLINE_SURFACE_WITH_KNOTS('',2,1,((#9054,#9055),(#9056,#9057),(#9058,
#9059)),.UNSPECIFIED.,.F.,.F.,.F.,(3,3),(2,2),(-1.,0.),(0.,0.04),
 .UNSPECIFIED.);
#414=B_SPLINE_SURFACE_WITH_KNOTS('',2,1,((#9081,#9082),(#9083,#9084),(#9085,
#9086)),.UNSPECIFIED.,.F.,.F.,.F.,(3,3),(2,2),(-1.,0.),(0.,0.04),
 .UNSPECIFIED.);
#415=B_SPLINE_SURFACE_WITH_KNOTS('',2,1,((#9096,#9097),(#9098,#9099),(#9100,
#9101)),.UNSPECIFIED.,.F.,.F.,.F.,(3,3),(2,2),(-1.,0.),(0.,0.04),
 .UNSPECIFIED.);
#416=B_SPLINE_SURFACE_WITH_KNOTS('',2,1,((#9111,#9112),(#9113,#9114),(#9115,
#9116)),.UNSPECIFIED.,.F.,.F.,.F.,(3,3),(2,2),(-1.,0.),(0.,0.04),
 .UNSPECIFIED.);
#417=B_SPLINE_SURFACE_WITH_KNOTS('',2,1,((#9126,#9127),(#9128,#9129),(#9130,
#9131)),.UNSPECIFIED.,.F.,.F.,.F.,(3,3),(2,2),(-1.,0.),(0.,0.04),
 .UNSPECIFIED.);
#418=B_SPLINE_SURFACE_WITH_KNOTS('',2,1,((#9141,#9142),(#9143,#9144),(#9145,
#9146)),.UNSPECIFIED.,.F.,.F.,.F.,(3,3),(2,2),(-1.,0.),(0.,0.04),
 .UNSPECIFIED.);
#419=B_SPLINE_SURFACE_WITH_KNOTS('',2,1,((#9156,#9157),(#9158,#9159),(#9160,
#9161)),.UNSPECIFIED.,.F.,.F.,.F.,(3,3),(2,2),(-1.,0.),(0.,0.04),
 .UNSPECIFIED.);
#420=B_SPLINE_SURFACE_WITH_KNOTS('',2,1,((#9171,#9172),(#9173,#9174),(#9175,
#9176)),.UNSPECIFIED.,.F.,.F.,.F.,(3,3),(2,2),(-1.,0.),(0.,0.04),
 .UNSPECIFIED.);
#421=B_SPLINE_SURFACE_WITH_KNOTS('',2,1,((#9186,#9187),(#9188,#9189),(#9190,
#9191)),.UNSPECIFIED.,.F.,.F.,.F.,(3,3),(2,2),(-1.,0.),(0.,0.04),
 .UNSPECIFIED.);
#422=B_SPLINE_SURFACE_WITH_KNOTS('',2,1,((#9207,#9208),(#9209,#9210),(#9211,
#9212)),.UNSPECIFIED.,.F.,.F.,.F.,(3,3),(2,2),(-1.,0.),(0.,0.04),
 .UNSPECIFIED.);
#423=B_SPLINE_SURFACE_WITH_KNOTS('',2,1,((#9222,#9223),(#9224,#9225),(#9226,
#9227)),.UNSPECIFIED.,.F.,.F.,.F.,(3,3),(2,2),(-1.,0.),(0.,0.04),
 .UNSPECIFIED.);
#424=B_SPLINE_SURFACE_WITH_KNOTS('',2,1,((#9243,#9244),(#9245,#9246),(#9247,
#9248)),.UNSPECIFIED.,.F.,.F.,.F.,(3,3),(2,2),(-1.,0.),(0.,0.04),
 .UNSPECIFIED.);
#425=B_SPLINE_SURFACE_WITH_KNOTS('',2,1,((#9258,#9259),(#9260,#9261),(#9262,
#9263)),.UNSPECIFIED.,.F.,.F.,.F.,(3,3),(2,2),(-1.,0.),(0.,0.04),
 .UNSPECIFIED.);
#426=B_SPLINE_SURFACE_WITH_KNOTS('',2,1,((#9273,#9274),(#9275,#9276),(#9277,
#9278)),.UNSPECIFIED.,.F.,.F.,.F.,(3,3),(2,2),(-1.,0.),(0.,0.04),
 .UNSPECIFIED.);
#427=B_SPLINE_SURFACE_WITH_KNOTS('',2,1,((#9288,#9289),(#9290,#9291),(#9292,
#9293)),.UNSPECIFIED.,.F.,.F.,.F.,(3,3),(2,2),(-1.,0.),(0.,0.04),
 .UNSPECIFIED.);
#428=B_SPLINE_SURFACE_WITH_KNOTS('',2,1,((#9303,#9304),(#9305,#9306),(#9307,
#9308)),.UNSPECIFIED.,.F.,.F.,.F.,(3,3),(2,2),(-1.,0.),(0.,0.04),
 .UNSPECIFIED.);
#429=B_SPLINE_SURFACE_WITH_KNOTS('',2,1,((#9318,#9319),(#9320,#9321),(#9322,
#9323)),.UNSPECIFIED.,.F.,.F.,.F.,(3,3),(2,2),(-1.,0.),(0.,0.04),
 .UNSPECIFIED.);
#430=B_SPLINE_SURFACE_WITH_KNOTS('',2,1,((#9339,#9340),(#9341,#9342),(#9343,
#9344)),.UNSPECIFIED.,.F.,.F.,.F.,(3,3),(2,2),(-1.,0.),(0.,0.04),
 .UNSPECIFIED.);
#431=B_SPLINE_SURFACE_WITH_KNOTS('',2,1,((#9362,#9363),(#9364,#9365),(#9366,
#9367)),.UNSPECIFIED.,.F.,.F.,.F.,(3,3),(2,2),(-1.,0.),(0.,0.04),
 .UNSPECIFIED.);
#432=B_SPLINE_SURFACE_WITH_KNOTS('',2,1,((#9377,#9378),(#9379,#9380),(#9381,
#9382)),.UNSPECIFIED.,.F.,.F.,.F.,(3,3),(2,2),(-1.,0.),(0.,0.04),
 .UNSPECIFIED.);
#433=B_SPLINE_SURFACE_WITH_KNOTS('',2,1,((#9392,#9393),(#9394,#9395),(#9396,
#9397)),.UNSPECIFIED.,.F.,.F.,.F.,(3,3),(2,2),(-1.,0.),(0.,0.04),
 .UNSPECIFIED.);
#434=B_SPLINE_SURFACE_WITH_KNOTS('',2,1,((#9407,#9408),(#9409,#9410),(#9411,
#9412)),.UNSPECIFIED.,.F.,.F.,.F.,(3,3),(2,2),(-1.,0.),(0.,0.04),
 .UNSPECIFIED.);
#435=B_SPLINE_SURFACE_WITH_KNOTS('',2,1,((#9422,#9423),(#9424,#9425),(#9426,
#9427)),.UNSPECIFIED.,.F.,.F.,.F.,(3,3),(2,2),(-1.,0.),(0.,0.04),
 .UNSPECIFIED.);
#436=B_SPLINE_SURFACE_WITH_KNOTS('',2,1,((#9443,#9444),(#9445,#9446),(#9447,
#9448)),.UNSPECIFIED.,.F.,.F.,.F.,(3,3),(2,2),(-1.,0.),(0.,0.04),
 .UNSPECIFIED.);
#437=B_SPLINE_SURFACE_WITH_KNOTS('',2,1,((#9458,#9459),(#9460,#9461),(#9462,
#9463)),.UNSPECIFIED.,.F.,.F.,.F.,(3,3),(2,2),(-1.,0.),(0.,0.04),
 .UNSPECIFIED.);
#438=B_SPLINE_SURFACE_WITH_KNOTS('',2,1,((#9473,#9474),(#9475,#9476),(#9477,
#9478)),.UNSPECIFIED.,.F.,.F.,.F.,(3,3),(2,2),(-1.,0.),(0.,0.04),
 .UNSPECIFIED.);
#439=B_SPLINE_SURFACE_WITH_KNOTS('',2,1,((#9488,#9489),(#9490,#9491),(#9492,
#9493)),.UNSPECIFIED.,.F.,.F.,.F.,(3,3),(2,2),(-1.,0.),(0.,0.04),
 .UNSPECIFIED.);
#440=B_SPLINE_SURFACE_WITH_KNOTS('',2,1,((#9503,#9504),(#9505,#9506),(#9507,
#9508)),.UNSPECIFIED.,.F.,.F.,.F.,(3,3),(2,2),(-1.,0.),(0.,0.04),
 .UNSPECIFIED.);
#441=B_SPLINE_SURFACE_WITH_KNOTS('',2,1,((#9518,#9519),(#9520,#9521),(#9522,
#9523)),.UNSPECIFIED.,.F.,.F.,.F.,(3,3),(2,2),(-1.,0.),(0.,0.04),
 .UNSPECIFIED.);
#442=B_SPLINE_SURFACE_WITH_KNOTS('',2,1,((#9533,#9534),(#9535,#9536),(#9537,
#9538)),.UNSPECIFIED.,.F.,.F.,.F.,(3,3),(2,2),(-1.,0.),(0.,0.04),
 .UNSPECIFIED.);
#443=B_SPLINE_SURFACE_WITH_KNOTS('',2,1,((#9562,#9563),(#9564,#9565),(#9566,
#9567)),.UNSPECIFIED.,.F.,.F.,.F.,(3,3),(2,2),(-1.,0.),(0.,0.04),
 .UNSPECIFIED.);
#444=B_SPLINE_SURFACE_WITH_KNOTS('',2,1,((#9577,#9578),(#9579,#9580),(#9581,
#9582)),.UNSPECIFIED.,.F.,.F.,.F.,(3,3),(2,2),(-1.,0.),(0.,0.04),
 .UNSPECIFIED.);
#445=B_SPLINE_SURFACE_WITH_KNOTS('',2,1,((#9592,#9593),(#9594,#9595),(#9596,
#9597)),.UNSPECIFIED.,.F.,.F.,.F.,(3,3),(2,2),(-1.,0.),(0.,0.04),
 .UNSPECIFIED.);
#446=B_SPLINE_SURFACE_WITH_KNOTS('',2,1,((#9607,#9608),(#9609,#9610),(#9611,
#9612)),.UNSPECIFIED.,.F.,.F.,.F.,(3,3),(2,2),(-1.,0.),(0.,0.04),
 .UNSPECIFIED.);
#447=B_SPLINE_SURFACE_WITH_KNOTS('',2,1,((#9652,#9653),(#9654,#9655),(#9656,
#9657)),.UNSPECIFIED.,.F.,.F.,.F.,(3,3),(2,2),(-1.,0.),(0.,0.04),
 .UNSPECIFIED.);
#448=B_SPLINE_SURFACE_WITH_KNOTS('',2,1,((#9667,#9668),(#9669,#9670),(#9671,
#9672)),.UNSPECIFIED.,.F.,.F.,.F.,(3,3),(2,2),(-1.,0.),(0.,0.04),
 .UNSPECIFIED.);
#449=B_SPLINE_SURFACE_WITH_KNOTS('',2,1,((#9682,#9683),(#9684,#9685),(#9686,
#9687)),.UNSPECIFIED.,.F.,.F.,.F.,(3,3),(2,2),(-1.,0.),(0.,0.04),
 .UNSPECIFIED.);
#450=B_SPLINE_SURFACE_WITH_KNOTS('',2,1,((#9697,#9698),(#9699,#9700),(#9701,
#9702)),.UNSPECIFIED.,.F.,.F.,.F.,(3,3),(2,2),(-1.,0.),(0.,0.04),
 .UNSPECIFIED.);
#451=B_SPLINE_SURFACE_WITH_KNOTS('',2,1,((#9717,#9718),(#9719,#9720),(#9721,
#9722)),.UNSPECIFIED.,.F.,.F.,.F.,(3,3),(2,2),(-1.,0.),(0.,0.04),
 .UNSPECIFIED.);
#452=B_SPLINE_SURFACE_WITH_KNOTS('',2,1,((#9735,#9736),(#9737,#9738),(#9739,
#9740)),.UNSPECIFIED.,.F.,.F.,.F.,(3,3),(2,2),(-1.,0.),(0.,0.04),
 .UNSPECIFIED.);
#453=B_SPLINE_SURFACE_WITH_KNOTS('',2,1,((#9750,#9751),(#9752,#9753),(#9754,
#9755)),.UNSPECIFIED.,.F.,.F.,.F.,(3,3),(2,2),(-1.,0.),(0.,0.04),
 .UNSPECIFIED.);
#454=B_SPLINE_SURFACE_WITH_KNOTS('',2,1,((#9765,#9766),(#9767,#9768),(#9769,
#9770)),.UNSPECIFIED.,.F.,.F.,.F.,(3,3),(2,2),(-1.,0.),(0.,0.04),
 .UNSPECIFIED.);
#455=B_SPLINE_SURFACE_WITH_KNOTS('',2,1,((#9780,#9781),(#9782,#9783),(#9784,
#9785)),.UNSPECIFIED.,.F.,.F.,.F.,(3,3),(2,2),(-1.,0.),(0.,0.04),
 .UNSPECIFIED.);
#456=B_SPLINE_SURFACE_WITH_KNOTS('',2,1,((#9795,#9796),(#9797,#9798),(#9799,
#9800)),.UNSPECIFIED.,.F.,.F.,.F.,(3,3),(2,2),(-1.,0.),(0.,0.04),
 .UNSPECIFIED.);
#457=B_SPLINE_SURFACE_WITH_KNOTS('',2,1,((#9810,#9811),(#9812,#9813),(#9814,
#9815)),.UNSPECIFIED.,.F.,.F.,.F.,(3,3),(2,2),(-1.,0.),(0.,0.04),
 .UNSPECIFIED.);
#458=B_SPLINE_SURFACE_WITH_KNOTS('',2,1,((#9825,#9826),(#9827,#9828),(#9829,
#9830)),.UNSPECIFIED.,.F.,.F.,.F.,(3,3),(2,2),(-1.,0.),(0.,0.04),
 .UNSPECIFIED.);
#459=B_SPLINE_SURFACE_WITH_KNOTS('',2,1,((#9837,#9838),(#9839,#9840),(#9841,
#9842)),.UNSPECIFIED.,.F.,.F.,.F.,(3,3),(2,2),(-1.,0.),(0.,0.04),
 .UNSPECIFIED.);
#460=B_SPLINE_SURFACE_WITH_KNOTS('',2,1,((#9855,#9856),(#9857,#9858),(#9859,
#9860)),.UNSPECIFIED.,.F.,.F.,.F.,(3,3),(2,2),(-1.,0.),(0.,0.04),
 .UNSPECIFIED.);
#461=B_SPLINE_SURFACE_WITH_KNOTS('',2,1,((#9870,#9871),(#9872,#9873),(#9874,
#9875)),.UNSPECIFIED.,.F.,.F.,.F.,(3,3),(2,2),(-1.,0.),(0.,0.04),
 .UNSPECIFIED.);
#462=B_SPLINE_SURFACE_WITH_KNOTS('',2,1,((#9885,#9886),(#9887,#9888),(#9889,
#9890)),.UNSPECIFIED.,.F.,.F.,.F.,(3,3),(2,2),(-1.,0.),(0.,0.04),
 .UNSPECIFIED.);
#463=B_SPLINE_SURFACE_WITH_KNOTS('',2,1,((#9900,#9901),(#9902,#9903),(#9904,
#9905)),.UNSPECIFIED.,.F.,.F.,.F.,(3,3),(2,2),(-1.,0.),(0.,0.04),
 .UNSPECIFIED.);
#464=B_SPLINE_SURFACE_WITH_KNOTS('',2,1,((#9915,#9916),(#9917,#9918),(#9919,
#9920)),.UNSPECIFIED.,.F.,.F.,.F.,(3,3),(2,2),(-1.,0.),(0.,0.04),
 .UNSPECIFIED.);
#465=B_SPLINE_SURFACE_WITH_KNOTS('',2,1,((#9930,#9931),(#9932,#9933),(#9934,
#9935)),.UNSPECIFIED.,.F.,.F.,.F.,(3,3),(2,2),(-1.,0.),(0.,0.04),
 .UNSPECIFIED.);
#466=B_SPLINE_SURFACE_WITH_KNOTS('',2,1,((#9945,#9946),(#9947,#9948),(#9949,
#9950)),.UNSPECIFIED.,.F.,.F.,.F.,(3,3),(2,2),(-1.,0.),(0.,0.04),
 .UNSPECIFIED.);
#467=B_SPLINE_SURFACE_WITH_KNOTS('',2,1,((#9960,#9961),(#9962,#9963),(#9964,
#9965)),.UNSPECIFIED.,.F.,.F.,.F.,(3,3),(2,2),(-1.,0.),(0.,0.04),
 .UNSPECIFIED.);
#468=B_SPLINE_SURFACE_WITH_KNOTS('',2,1,((#9983,#9984),(#9985,#9986),(#9987,
#9988)),.UNSPECIFIED.,.F.,.F.,.F.,(3,3),(2,2),(-1.,0.),(0.,0.04),
 .UNSPECIFIED.);
#469=B_SPLINE_SURFACE_WITH_KNOTS('',2,1,((#9998,#9999),(#10000,#10001),
(#10002,#10003)),.UNSPECIFIED.,.F.,.F.,.F.,(3,3),(2,2),(-1.,0.),(0.,0.04),
 .UNSPECIFIED.);
#470=B_SPLINE_SURFACE_WITH_KNOTS('',2,1,((#10013,#10014),(#10015,#10016),
(#10017,#10018)),.UNSPECIFIED.,.F.,.F.,.F.,(3,3),(2,2),(-1.,0.),(0.,0.04),
 .UNSPECIFIED.);
#471=B_SPLINE_SURFACE_WITH_KNOTS('',2,1,((#10028,#10029),(#10030,#10031),
(#10032,#10033)),.UNSPECIFIED.,.F.,.F.,.F.,(3,3),(2,2),(-1.,0.),(0.,0.04),
 .UNSPECIFIED.);
#472=B_SPLINE_SURFACE_WITH_KNOTS('',2,1,((#10043,#10044),(#10045,#10046),
(#10047,#10048)),.UNSPECIFIED.,.F.,.F.,.F.,(3,3),(2,2),(-1.,0.),(0.,0.04),
 .UNSPECIFIED.);
#473=B_SPLINE_SURFACE_WITH_KNOTS('',2,1,((#10058,#10059),(#10060,#10061),
(#10062,#10063)),.UNSPECIFIED.,.F.,.F.,.F.,(3,3),(2,2),(-1.,0.),(0.,0.04),
 .UNSPECIFIED.);
#474=B_SPLINE_SURFACE_WITH_KNOTS('',2,1,((#10073,#10074),(#10075,#10076),
(#10077,#10078)),.UNSPECIFIED.,.F.,.F.,.F.,(3,3),(2,2),(-1.,0.),(0.,0.04),
 .UNSPECIFIED.);
#475=B_SPLINE_SURFACE_WITH_KNOTS('',2,1,((#10088,#10089),(#10090,#10091),
(#10092,#10093)),.UNSPECIFIED.,.F.,.F.,.F.,(3,3),(2,2),(-1.,0.),(0.,0.04),
 .UNSPECIFIED.);
#476=B_SPLINE_SURFACE_WITH_KNOTS('',2,1,((#10103,#10104),(#10105,#10106),
(#10107,#10108)),.UNSPECIFIED.,.F.,.F.,.F.,(3,3),(2,2),(-1.,0.),(0.,0.04),
 .UNSPECIFIED.);
#477=B_SPLINE_SURFACE_WITH_KNOTS('',2,1,((#10118,#10119),(#10120,#10121),
(#10122,#10123)),.UNSPECIFIED.,.F.,.F.,.F.,(3,3),(2,2),(-1.,0.),(0.,0.04),
 .UNSPECIFIED.);
#478=B_SPLINE_SURFACE_WITH_KNOTS('',2,1,((#10139,#10140),(#10141,#10142),
(#10143,#10144)),.UNSPECIFIED.,.F.,.F.,.F.,(3,3),(2,2),(-1.,0.),(0.,0.04),
 .UNSPECIFIED.);
#479=B_SPLINE_SURFACE_WITH_KNOTS('',2,1,((#10154,#10155),(#10156,#10157),
(#10158,#10159)),.UNSPECIFIED.,.F.,.F.,.F.,(3,3),(2,2),(-1.,0.),(0.,0.04),
 .UNSPECIFIED.);
#480=B_SPLINE_SURFACE_WITH_KNOTS('',2,1,((#10169,#10170),(#10171,#10172),
(#10173,#10174)),.UNSPECIFIED.,.F.,.F.,.F.,(3,3),(2,2),(-1.,0.),(0.,0.04),
 .UNSPECIFIED.);
#481=B_SPLINE_SURFACE_WITH_KNOTS('',2,1,((#10184,#10185),(#10186,#10187),
(#10188,#10189)),.UNSPECIFIED.,.F.,.F.,.F.,(3,3),(2,2),(-1.,0.),(0.,0.04),
 .UNSPECIFIED.);
#482=B_SPLINE_SURFACE_WITH_KNOTS('',2,1,((#10199,#10200),(#10201,#10202),
(#10203,#10204)),.UNSPECIFIED.,.F.,.F.,.F.,(3,3),(2,2),(-1.,0.),(0.,0.04),
 .UNSPECIFIED.);
#483=B_SPLINE_SURFACE_WITH_KNOTS('',2,1,((#10214,#10215),(#10216,#10217),
(#10218,#10219)),.UNSPECIFIED.,.F.,.F.,.F.,(3,3),(2,2),(-1.,0.),(0.,0.04),
 .UNSPECIFIED.);
#484=B_SPLINE_SURFACE_WITH_KNOTS('',2,1,((#10229,#10230),(#10231,#10232),
(#10233,#10234)),.UNSPECIFIED.,.F.,.F.,.F.,(3,3),(2,2),(-1.,0.),(0.,0.04),
 .UNSPECIFIED.);
#485=B_SPLINE_SURFACE_WITH_KNOTS('',2,1,((#10244,#10245),(#10246,#10247),
(#10248,#10249)),.UNSPECIFIED.,.F.,.F.,.F.,(3,3),(2,2),(-1.,0.),(0.,0.04),
 .UNSPECIFIED.);
#486=B_SPLINE_SURFACE_WITH_KNOTS('',2,1,((#10259,#10260),(#10261,#10262),
(#10263,#10264)),.UNSPECIFIED.,.F.,.F.,.F.,(3,3),(2,2),(-1.,0.),(0.,0.04),
 .UNSPECIFIED.);
#487=B_SPLINE_SURFACE_WITH_KNOTS('',2,1,((#10274,#10275),(#10276,#10277),
(#10278,#10279)),.UNSPECIFIED.,.F.,.F.,.F.,(3,3),(2,2),(-1.,0.),(0.,0.04),
 .UNSPECIFIED.);
#488=B_SPLINE_SURFACE_WITH_KNOTS('',2,1,((#10297,#10298),(#10299,#10300),
(#10301,#10302)),.UNSPECIFIED.,.F.,.F.,.F.,(3,3),(2,2),(-1.,0.),(0.,0.04),
 .UNSPECIFIED.);
#489=B_SPLINE_SURFACE_WITH_KNOTS('',2,1,((#10312,#10313),(#10314,#10315),
(#10316,#10317)),.UNSPECIFIED.,.F.,.F.,.F.,(3,3),(2,2),(-1.,0.),(0.,0.04),
 .UNSPECIFIED.);
#490=B_SPLINE_SURFACE_WITH_KNOTS('',2,1,((#10327,#10328),(#10329,#10330),
(#10331,#10332)),.UNSPECIFIED.,.F.,.F.,.F.,(3,3),(2,2),(-1.,0.),(0.,0.04),
 .UNSPECIFIED.);
#491=B_SPLINE_SURFACE_WITH_KNOTS('',2,1,((#10348,#10349),(#10350,#10351),
(#10352,#10353)),.UNSPECIFIED.,.F.,.F.,.F.,(3,3),(2,2),(-1.,0.),(0.,0.04),
 .UNSPECIFIED.);
#492=B_SPLINE_SURFACE_WITH_KNOTS('',2,1,((#10363,#10364),(#10365,#10366),
(#10367,#10368)),.UNSPECIFIED.,.F.,.F.,.F.,(3,3),(2,2),(-1.,0.),(0.,0.04),
 .UNSPECIFIED.);
#493=B_SPLINE_SURFACE_WITH_KNOTS('',2,1,((#10378,#10379),(#10380,#10381),
(#10382,#10383)),.UNSPECIFIED.,.F.,.F.,.F.,(3,3),(2,2),(-1.,0.),(0.,0.04),
 .UNSPECIFIED.);
#494=B_SPLINE_SURFACE_WITH_KNOTS('',2,1,((#10393,#10394),(#10395,#10396),
(#10397,#10398)),.UNSPECIFIED.,.F.,.F.,.F.,(3,3),(2,2),(-1.,0.),(0.,0.04),
 .UNSPECIFIED.);
#495=(
BOUNDED_SURFACE()
B_SPLINE_SURFACE(1,2,((#5315,#5316,#5317,#5318,#5319,#5320,#5321,#5322,
#5323),(#5324,#5325,#5326,#5327,#5328,#5329,#5330,#5331,#5332)),
 .UNSPECIFIED.,.F.,.T.,.F.)
B_SPLINE_SURFACE_WITH_KNOTS((2,2),(3,2,2,2,3),(0.,1.90217391304348),(-3.14159265358979,
-1.5707963267949,0.,1.5707963267949,3.14159265358979),.UNSPECIFIED.)
GEOMETRIC_REPRESENTATION_ITEM()
RATIONAL_B_SPLINE_SURFACE(((1.,0.707106781186548,1.,0.707106781186548,1.,
0.707106781186548,1.,0.707106781186548,1.),(1.,0.707106781186548,1.,0.707106781186548,
1.,0.707106781186548,1.,0.707106781186548,1.)))
REPRESENTATION_ITEM('')
SURFACE()
);
#496=(
BOUNDED_SURFACE()
B_SPLINE_SURFACE(1,2,((#5340,#5341,#5342,#5343,#5344,#5345,#5346,#5347,
#5348),(#5349,#5350,#5351,#5352,#5353,#5354,#5355,#5356,#5357)),
 .UNSPECIFIED.,.F.,.T.,.F.)
B_SPLINE_SURFACE_WITH_KNOTS((2,2),(3,2,2,2,3),(0.,5.43478260869565),(-3.14159265358979,
-1.5707963267949,0.,1.5707963267949,3.14159265358979),.UNSPECIFIED.)
GEOMETRIC_REPRESENTATION_ITEM()
RATIONAL_B_SPLINE_SURFACE(((1.,0.707106781186548,1.,0.707106781186548,1.,
0.707106781186548,1.,0.707106781186548,1.),(1.,0.707106781186548,1.,0.707106781186548,
1.,0.707106781186548,1.,0.707106781186548,1.)))
REPRESENTATION_ITEM('')
SURFACE()
);
#497=(
BOUNDED_SURFACE()
B_SPLINE_SURFACE(1,2,((#5537,#5538,#5539,#5540,#5541,#5542,#5543,#5544,
#5545),(#5546,#5547,#5548,#5549,#5550,#5551,#5552,#5553,#5554)),
 .UNSPECIFIED.,.F.,.T.,.F.)
B_SPLINE_SURFACE_WITH_KNOTS((2,2),(3,2,2,2,3),(-2.83011980422609E-14,1.43162393162393),
(-3.14159265358979,-1.5707963267949,0.,1.5707963267949,3.14159265358979),
 .UNSPECIFIED.)
GEOMETRIC_REPRESENTATION_ITEM()
RATIONAL_B_SPLINE_SURFACE(((1.,0.707106781186548,1.,0.707106781186548,1.,
0.707106781186548,1.,0.707106781186548,1.),(1.,0.707106781186548,1.,0.707106781186548,
1.,0.707106781186548,1.,0.707106781186548,1.)))
REPRESENTATION_ITEM('')
SURFACE()
);
#498=(
BOUNDED_SURFACE()
B_SPLINE_SURFACE(1,2,((#7170,#7171,#7172,#7173,#7174,#7175,#7176,#7177,
#7178),(#7179,#7180,#7181,#7182,#7183,#7184,#7185,#7186,#7187)),
 .UNSPECIFIED.,.F.,.T.,.F.)
B_SPLINE_SURFACE_WITH_KNOTS((2,2),(3,2,2,2,3),(0.,1.7156862745098),(-3.14159265358979,
-1.5707963267949,0.,1.5707963267949,3.14159265358979),.UNSPECIFIED.)
GEOMETRIC_REPRESENTATION_ITEM()
RATIONAL_B_SPLINE_SURFACE(((1.,0.707106781186548,1.,0.707106781186548,1.,
0.707106781186548,1.,0.707106781186548,1.),(1.,0.707106781186548,1.,0.707106781186548,
1.,0.707106781186548,1.,0.707106781186548,1.)))
REPRESENTATION_ITEM('')
SURFACE()
);
#499=(
BOUNDED_SURFACE()
B_SPLINE_SURFACE(1,2,((#7339,#7340,#7341,#7342,#7343,#7344,#7345,#7346,
#7347),(#7348,#7349,#7350,#7351,#7352,#7353,#7354,#7355,#7356)),
 .UNSPECIFIED.,.F.,.T.,.F.)
B_SPLINE_SURFACE_WITH_KNOTS((2,2),(3,2,2,2,3),(-2.83249207564623E-14,1.43162393162393),
(-3.14159265358979,-1.5707963267949,0.,1.5707963267949,3.14159265358979),
 .UNSPECIFIED.)
GEOMETRIC_REPRESENTATION_ITEM()
RATIONAL_B_SPLINE_SURFACE(((1.,0.707106781186548,1.,0.707106781186548,1.,
0.707106781186548,1.,0.707106781186548,1.),(1.,0.707106781186548,1.,0.707106781186548,
1.,0.707106781186548,1.,0.707106781186548,1.)))
REPRESENTATION_ITEM('')
SURFACE()
);
#500=(
BOUNDED_SURFACE()
B_SPLINE_SURFACE(1,2,((#8972,#8973,#8974,#8975,#8976,#8977,#8978,#8979,
#8980),(#8981,#8982,#8983,#8984,#8985,#8986,#8987,#8988,#8989)),
 .UNSPECIFIED.,.F.,.T.,.F.)
B_SPLINE_SURFACE_WITH_KNOTS((2,2),(3,2,2,2,3),(-4.6199438537394E-153,1.7156862745098),
(-3.14159265358979,-1.5707963267949,0.,1.5707963267949,3.14159265358979),
 .UNSPECIFIED.)
GEOMETRIC_REPRESENTATION_ITEM()
RATIONAL_B_SPLINE_SURFACE(((1.,0.707106781186548,1.,0.707106781186548,1.,
0.707106781186548,1.,0.707106781186548,1.),(1.,0.707106781186548,1.,0.707106781186548,
1.,0.707106781186548,1.,0.707106781186548,1.)))
REPRESENTATION_ITEM('')
SURFACE()
);
#501=SHAPE_REPRESENTATION_RELATIONSHIP('SRR','None',#10448,#504);
#502=SHAPE_REPRESENTATION_RELATIONSHIP('SRR','None',#10449,#505);
#503=SHAPE_REPRESENTATION_RELATIONSHIP('SRR','None',#10450,#506);
#504=ADVANCED_BREP_SHAPE_REPRESENTATION('',(#518),#10428);
#505=ADVANCED_BREP_SHAPE_REPRESENTATION('',(#519,#520),#10429);
#506=ADVANCED_BREP_SHAPE_REPRESENTATION('',(#521,#522,#523,#524,#525,#526,
#527,#528),#10430);
#507=STYLED_ITEM('',(#10471),#518);
#508=STYLED_ITEM('',(#10471),#519);
#509=STYLED_ITEM('',(#10471),#520);
#510=STYLED_ITEM('',(#10471),#521);
#511=STYLED_ITEM('',(#10471),#522);
#512=STYLED_ITEM('',(#10471),#523);
#513=STYLED_ITEM('',(#10471),#524);
#514=STYLED_ITEM('',(#10471),#525);
#515=STYLED_ITEM('',(#10471),#526);
#516=STYLED_ITEM('',(#10471),#527);
#517=STYLED_ITEM('',(#10471),#528);
#518=MANIFOLD_SOLID_BREP('Body1',#4312);
#519=MANIFOLD_SOLID_BREP('Body1',#4313);
#520=MANIFOLD_SOLID_BREP('Body2',#4314);
#521=MANIFOLD_SOLID_BREP('Body2',#4315);
#522=MANIFOLD_SOLID_BREP('Body4',#4316);
#523=MANIFOLD_SOLID_BREP('Body5',#4317);
#524=MANIFOLD_SOLID_BREP('Body6',#4318);
#525=MANIFOLD_SOLID_BREP('Body7',#4319);
#526=MANIFOLD_SOLID_BREP('Body8',#4320);
#527=MANIFOLD_SOLID_BREP('Body9',#4321);
#528=MANIFOLD_SOLID_BREP('Body10',#4322);
#529=PLANE('',#4362);
#530=PLANE('',#4376);
#531=PLANE('',#4377);
#532=PLANE('',#4378);
#533=PLANE('',#4379);
#534=PLANE('',#4380);
#535=PLANE('',#4381);
#536=PLANE('',#4382);
#537=PLANE('',#4383);
#538=PLANE('',#4384);
#539=PLANE('',#4385);
#540=PLANE('',#4386);
#541=PLANE('',#4387);
#542=PLANE('',#4388);
#543=PLANE('',#4392);
#544=PLANE('',#4393);
#545=PLANE('',#4396);
#546=PLANE('',#4397);
#547=PLANE('',#4400);
#548=PLANE('',#4430);
#549=PLANE('',#4432);
#550=PLANE('',#4434);
#551=PLANE('',#4438);
#552=PLANE('',#4442);
#553=PLANE('',#4443);
#554=PLANE('',#4445);
#555=PLANE('',#4446);
#556=PLANE('',#4447);
#557=PLANE('',#4448);
#558=PLANE('',#4449);
#559=PLANE('',#4450);
#560=PLANE('',#4451);
#561=PLANE('',#4452);
#562=PLANE('',#4453);
#563=PLANE('',#4454);
#564=PLANE('',#4455);
#565=PLANE('',#4456);
#566=PLANE('',#4458);
#567=PLANE('',#4488);
#568=PLANE('',#4490);
#569=PLANE('',#4492);
#570=PLANE('',#4496);
#571=PLANE('',#4500);
#572=PLANE('',#4501);
#573=PLANE('',#4503);
#574=PLANE('',#4504);
#575=PLANE('',#4505);
#576=PLANE('',#4506);
#577=PLANE('',#4507);
#578=PLANE('',#4508);
#579=PLANE('',#4509);
#580=PLANE('',#4510);
#581=PLANE('',#4511);
#582=PLANE('',#4512);
#583=PLANE('',#4513);
#584=PLANE('',#4514);
#585=PLANE('',#4515);
#586=PLANE('',#4516);
#587=PLANE('',#4517);
#588=PLANE('',#4518);
#589=PLANE('',#4519);
#590=PLANE('',#4520);
#591=PLANE('',#4521);
#592=PLANE('',#4522);
#593=PLANE('',#4523);
#594=PLANE('',#4524);
#595=PLANE('',#4525);
#596=PLANE('',#4526);
#597=PLANE('',#4527);
#598=PLANE('',#4528);
#599=PLANE('',#4529);
#600=PLANE('',#4530);
#601=PLANE('',#4531);
#602=PLANE('',#4532);
#603=PLANE('',#4533);
#604=PLANE('',#4534);
#605=PLANE('',#4535);
#606=PLANE('',#4536);
#607=PLANE('',#4537);
#608=PLANE('',#4538);
#609=PLANE('',#4539);
#610=PLANE('',#4540);
#611=PLANE('',#4541);
#612=PLANE('',#4542);
#613=PLANE('',#4543);
#614=PLANE('',#4544);
#615=PLANE('',#4545);
#616=PLANE('',#4546);
#617=PLANE('',#4547);
#618=FACE_OUTER_BOUND('',#877,.T.);
#619=FACE_OUTER_BOUND('',#878,.T.);
#620=FACE_OUTER_BOUND('',#879,.T.);
#621=FACE_OUTER_BOUND('',#880,.T.);
#622=FACE_OUTER_BOUND('',#881,.T.);
#623=FACE_OUTER_BOUND('',#882,.T.);
#624=FACE_OUTER_BOUND('',#883,.T.);
#625=FACE_OUTER_BOUND('',#884,.T.);
#626=FACE_OUTER_BOUND('',#885,.T.);
#627=FACE_OUTER_BOUND('',#886,.T.);
#628=FACE_OUTER_BOUND('',#887,.T.);
#629=FACE_OUTER_BOUND('',#888,.T.);
#630=FACE_OUTER_BOUND('',#889,.T.);
#631=FACE_OUTER_BOUND('',#890,.T.);
#632=FACE_OUTER_BOUND('',#891,.T.);
#633=FACE_OUTER_BOUND('',#892,.T.);
#634=FACE_OUTER_BOUND('',#893,.T.);
#635=FACE_OUTER_BOUND('',#894,.T.);
#636=FACE_OUTER_BOUND('',#895,.T.);
#637=FACE_OUTER_BOUND('',#896,.T.);
#638=FACE_OUTER_BOUND('',#897,.T.);
#639=FACE_OUTER_BOUND('',#898,.T.);
#640=FACE_OUTER_BOUND('',#899,.T.);
#641=FACE_OUTER_BOUND('',#900,.T.);
#642=FACE_OUTER_BOUND('',#901,.T.);
#643=FACE_OUTER_BOUND('',#902,.T.);
#644=FACE_OUTER_BOUND('',#903,.T.);
#645=FACE_OUTER_BOUND('',#905,.T.);
#646=FACE_OUTER_BOUND('',#906,.T.);
#647=FACE_OUTER_BOUND('',#907,.T.);
#648=FACE_OUTER_BOUND('',#908,.T.);
#649=FACE_OUTER_BOUND('',#909,.T.);
#650=FACE_OUTER_BOUND('',#910,.T.);
#651=FACE_OUTER_BOUND('',#911,.T.);
#652=FACE_OUTER_BOUND('',#912,.T.);
#653=FACE_OUTER_BOUND('',#913,.T.);
#654=FACE_OUTER_BOUND('',#914,.T.);
#655=FACE_OUTER_BOUND('',#915,.T.);
#656=FACE_OUTER_BOUND('',#916,.T.);
#657=FACE_OUTER_BOUND('',#917,.T.);
#658=FACE_OUTER_BOUND('',#918,.T.);
#659=FACE_OUTER_BOUND('',#919,.T.);
#660=FACE_OUTER_BOUND('',#920,.T.);
#661=FACE_OUTER_BOUND('',#921,.T.);
#662=FACE_OUTER_BOUND('',#922,.T.);
#663=FACE_OUTER_BOUND('',#923,.T.);
#664=FACE_OUTER_BOUND('',#924,.T.);
#665=FACE_OUTER_BOUND('',#925,.T.);
#666=FACE_OUTER_BOUND('',#926,.T.);
#667=FACE_OUTER_BOUND('',#927,.T.);
#668=FACE_OUTER_BOUND('',#928,.T.);
#669=FACE_OUTER_BOUND('',#929,.T.);
#670=FACE_OUTER_BOUND('',#930,.T.);
#671=FACE_OUTER_BOUND('',#931,.T.);
#672=FACE_OUTER_BOUND('',#932,.T.);
#673=FACE_OUTER_BOUND('',#933,.T.);
#674=FACE_OUTER_BOUND('',#934,.T.);
#675=FACE_OUTER_BOUND('',#935,.T.);
#676=FACE_OUTER_BOUND('',#936,.T.);
#677=FACE_OUTER_BOUND('',#937,.T.);
#678=FACE_OUTER_BOUND('',#938,.T.);
#679=FACE_OUTER_BOUND('',#939,.T.);
#680=FACE_OUTER_BOUND('',#940,.T.);
#681=FACE_OUTER_BOUND('',#941,.T.);
#682=FACE_OUTER_BOUND('',#942,.T.);
#683=FACE_OUTER_BOUND('',#943,.T.);
#684=FACE_OUTER_BOUND('',#944,.T.);
#685=FACE_OUTER_BOUND('',#945,.T.);
#686=FACE_OUTER_BOUND('',#946,.T.);
#687=FACE_OUTER_BOUND('',#947,.T.);
#688=FACE_OUTER_BOUND('',#948,.T.);
#689=FACE_OUTER_BOUND('',#949,.T.);
#690=FACE_OUTER_BOUND('',#950,.T.);
#691=FACE_OUTER_BOUND('',#951,.T.);
#692=FACE_OUTER_BOUND('',#952,.T.);
#693=FACE_OUTER_BOUND('',#953,.T.);
#694=FACE_OUTER_BOUND('',#954,.T.);
#695=FACE_OUTER_BOUND('',#955,.T.);
#696=FACE_OUTER_BOUND('',#956,.T.);
#697=FACE_OUTER_BOUND('',#957,.T.);
#698=FACE_OUTER_BOUND('',#958,.T.);
#699=FACE_OUTER_BOUND('',#959,.T.);
#700=FACE_OUTER_BOUND('',#960,.T.);
#701=FACE_OUTER_BOUND('',#961,.T.);
#702=FACE_OUTER_BOUND('',#962,.T.);
#703=FACE_OUTER_BOUND('',#964,.T.);
#704=FACE_OUTER_BOUND('',#965,.T.);
#705=FACE_OUTER_BOUND('',#966,.T.);
#706=FACE_OUTER_BOUND('',#967,.T.);
#707=FACE_OUTER_BOUND('',#968,.T.);
#708=FACE_OUTER_BOUND('',#969,.T.);
#709=FACE_OUTER_BOUND('',#970,.T.);
#710=FACE_OUTER_BOUND('',#971,.T.);
#711=FACE_OUTER_BOUND('',#972,.T.);
#712=FACE_OUTER_BOUND('',#973,.T.);
#713=FACE_OUTER_BOUND('',#974,.T.);
#714=FACE_OUTER_BOUND('',#975,.T.);
#715=FACE_OUTER_BOUND('',#976,.T.);
#716=FACE_OUTER_BOUND('',#977,.T.);
#717=FACE_OUTER_BOUND('',#978,.T.);
#718=FACE_OUTER_BOUND('',#979,.T.);
#719=FACE_OUTER_BOUND('',#980,.T.);
#720=FACE_OUTER_BOUND('',#981,.T.);
#721=FACE_OUTER_BOUND('',#982,.T.);
#722=FACE_OUTER_BOUND('',#983,.T.);
#723=FACE_OUTER_BOUND('',#984,.T.);
#724=FACE_OUTER_BOUND('',#985,.T.);
#725=FACE_OUTER_BOUND('',#986,.T.);
#726=FACE_OUTER_BOUND('',#987,.T.);
#727=FACE_OUTER_BOUND('',#988,.T.);
#728=FACE_OUTER_BOUND('',#989,.T.);
#729=FACE_OUTER_BOUND('',#990,.T.);
#730=FACE_OUTER_BOUND('',#991,.T.);
#731=FACE_OUTER_BOUND('',#992,.T.);
#732=FACE_OUTER_BOUND('',#993,.T.);
#733=FACE_OUTER_BOUND('',#994,.T.);
#734=FACE_OUTER_BOUND('',#995,.T.);
#735=FACE_OUTER_BOUND('',#996,.T.);
#736=FACE_OUTER_BOUND('',#997,.T.);
#737=FACE_OUTER_BOUND('',#998,.T.);
#738=FACE_OUTER_BOUND('',#999,.T.);
#739=FACE_OUTER_BOUND('',#1000,.T.);
#740=FACE_OUTER_BOUND('',#1001,.T.);
#741=FACE_OUTER_BOUND('',#1002,.T.);
#742=FACE_OUTER_BOUND('',#1003,.T.);
#743=FACE_OUTER_BOUND('',#1004,.T.);
#744=FACE_OUTER_BOUND('',#1005,.T.);
#745=FACE_OUTER_BOUND('',#1006,.T.);
#746=FACE_OUTER_BOUND('',#1007,.T.);
#747=FACE_OUTER_BOUND('',#1008,.T.);
#748=FACE_OUTER_BOUND('',#1009,.T.);
#749=FACE_OUTER_BOUND('',#1010,.T.);
#750=FACE_OUTER_BOUND('',#1011,.T.);
#751=FACE_OUTER_BOUND('',#1012,.T.);
#752=FACE_OUTER_BOUND('',#1013,.T.);
#753=FACE_OUTER_BOUND('',#1014,.T.);
#754=FACE_OUTER_BOUND('',#1015,.T.);
#755=FACE_OUTER_BOUND('',#1016,.T.);
#756=FACE_OUTER_BOUND('',#1017,.T.);
#757=FACE_OUTER_BOUND('',#1018,.T.);
#758=FACE_OUTER_BOUND('',#1019,.T.);
#759=FACE_OUTER_BOUND('',#1020,.T.);
#760=FACE_OUTER_BOUND('',#1021,.T.);
#761=FACE_OUTER_BOUND('',#1022,.T.);
#762=FACE_OUTER_BOUND('',#1023,.T.);
#763=FACE_OUTER_BOUND('',#1024,.T.);
#764=FACE_OUTER_BOUND('',#1025,.T.);
#765=FACE_OUTER_BOUND('',#1026,.T.);
#766=FACE_OUTER_BOUND('',#1027,.T.);
#767=FACE_OUTER_BOUND('',#1028,.T.);
#768=FACE_OUTER_BOUND('',#1029,.T.);
#769=FACE_OUTER_BOUND('',#1030,.T.);
#770=FACE_OUTER_BOUND('',#1031,.T.);
#771=FACE_OUTER_BOUND('',#1032,.T.);
#772=FACE_OUTER_BOUND('',#1033,.T.);
#773=FACE_OUTER_BOUND('',#1034,.T.);
#774=FACE_OUTER_BOUND('',#1035,.T.);
#775=FACE_OUTER_BOUND('',#1036,.T.);
#776=FACE_OUTER_BOUND('',#1037,.T.);
#777=FACE_OUTER_BOUND('',#1038,.T.);
#778=FACE_OUTER_BOUND('',#1039,.T.);
#779=FACE_OUTER_BOUND('',#1040,.T.);
#780=FACE_OUTER_BOUND('',#1041,.T.);
#781=FACE_OUTER_BOUND('',#1042,.T.);
#782=FACE_OUTER_BOUND('',#1043,.T.);
#783=FACE_OUTER_BOUND('',#1044,.T.);
#784=FACE_OUTER_BOUND('',#1045,.T.);
#785=FACE_OUTER_BOUND('',#1046,.T.);
#786=FACE_OUTER_BOUND('',#1048,.T.);
#787=FACE_OUTER_BOUND('',#1050,.T.);
#788=FACE_OUTER_BOUND('',#1051,.T.);
#789=FACE_OUTER_BOUND('',#1052,.T.);
#790=FACE_OUTER_BOUND('',#1053,.T.);
#791=FACE_OUTER_BOUND('',#1054,.T.);
#792=FACE_OUTER_BOUND('',#1055,.T.);
#793=FACE_OUTER_BOUND('',#1056,.T.);
#794=FACE_OUTER_BOUND('',#1057,.T.);
#795=FACE_OUTER_BOUND('',#1058,.T.);
#796=FACE_OUTER_BOUND('',#1059,.T.);
#797=FACE_OUTER_BOUND('',#1060,.T.);
#798=FACE_OUTER_BOUND('',#1061,.T.);
#799=FACE_OUTER_BOUND('',#1062,.T.);
#800=FACE_OUTER_BOUND('',#1063,.T.);
#801=FACE_OUTER_BOUND('',#1064,.T.);
#802=FACE_OUTER_BOUND('',#1065,.T.);
#803=FACE_OUTER_BOUND('',#1066,.T.);
#804=FACE_OUTER_BOUND('',#1067,.T.);
#805=FACE_OUTER_BOUND('',#1068,.T.);
#806=FACE_OUTER_BOUND('',#1069,.T.);
#807=FACE_OUTER_BOUND('',#1070,.T.);
#808=FACE_OUTER_BOUND('',#1071,.T.);
#809=FACE_OUTER_BOUND('',#1072,.T.);
#810=FACE_OUTER_BOUND('',#1073,.T.);
#811=FACE_OUTER_BOUND('',#1074,.T.);
#812=FACE_OUTER_BOUND('',#1075,.T.);
#813=FACE_OUTER_BOUND('',#1076,.T.);
#814=FACE_OUTER_BOUND('',#1077,.T.);
#815=FACE_OUTER_BOUND('',#1078,.T.);
#816=FACE_OUTER_BOUND('',#1079,.T.);
#817=FACE_OUTER_BOUND('',#1080,.T.);
#818=FACE_OUTER_BOUND('',#1081,.T.);
#819=FACE_OUTER_BOUND('',#1082,.T.);
#820=FACE_OUTER_BOUND('',#1083,.T.);
#821=FACE_OUTER_BOUND('',#1084,.T.);
#822=FACE_OUTER_BOUND('',#1085,.T.);
#823=FACE_OUTER_BOUND('',#1086,.T.);
#824=FACE_OUTER_BOUND('',#1087,.T.);
#825=FACE_OUTER_BOUND('',#1088,.T.);
#826=FACE_OUTER_BOUND('',#1089,.T.);
#827=FACE_OUTER_BOUND('',#1090,.T.);
#828=FACE_OUTER_BOUND('',#1091,.T.);
#829=FACE_OUTER_BOUND('',#1092,.T.);
#830=FACE_OUTER_BOUND('',#1093,.T.);
#831=FACE_OUTER_BOUND('',#1094,.T.);
#832=FACE_OUTER_BOUND('',#1095,.T.);
#833=FACE_OUTER_BOUND('',#1096,.T.);
#834=FACE_OUTER_BOUND('',#1097,.T.);
#835=FACE_OUTER_BOUND('',#1098,.T.);
#836=FACE_OUTER_BOUND('',#1099,.T.);
#837=FACE_OUTER_BOUND('',#1100,.T.);
#838=FACE_OUTER_BOUND('',#1101,.T.);
#839=FACE_OUTER_BOUND('',#1103,.T.);
#840=FACE_OUTER_BOUND('',#1105,.T.);
#841=FACE_OUTER_BOUND('',#1106,.T.);
#842=FACE_OUTER_BOUND('',#1107,.T.);
#843=FACE_OUTER_BOUND('',#1108,.T.);
#844=FACE_OUTER_BOUND('',#1109,.T.);
#845=FACE_OUTER_BOUND('',#1110,.T.);
#846=FACE_OUTER_BOUND('',#1111,.T.);
#847=FACE_OUTER_BOUND('',#1112,.T.);
#848=FACE_OUTER_BOUND('',#1113,.T.);
#849=FACE_OUTER_BOUND('',#1114,.T.);
#850=FACE_OUTER_BOUND('',#1115,.T.);
#851=FACE_OUTER_BOUND('',#1116,.T.);
#852=FACE_OUTER_BOUND('',#1117,.T.);
#853=FACE_OUTER_BOUND('',#1118,.T.);
#854=FACE_OUTER_BOUND('',#1119,.T.);
#855=FACE_OUTER_BOUND('',#1120,.T.);
#856=FACE_OUTER_BOUND('',#1121,.T.);
#857=FACE_OUTER_BOUND('',#1122,.T.);
#858=FACE_OUTER_BOUND('',#1123,.T.);
#859=FACE_OUTER_BOUND('',#1124,.T.);
#860=FACE_OUTER_BOUND('',#1125,.T.);
#861=FACE_OUTER_BOUND('',#1126,.T.);
#862=FACE_OUTER_BOUND('',#1127,.T.);
#863=FACE_OUTER_BOUND('',#1128,.T.);
#864=FACE_OUTER_BOUND('',#1129,.T.);
#865=FACE_OUTER_BOUND('',#1130,.T.);
#866=FACE_OUTER_BOUND('',#1131,.T.);
#867=FACE_OUTER_BOUND('',#1132,.T.);
#868=FACE_OUTER_BOUND('',#1133,.T.);
#869=FACE_OUTER_BOUND('',#1134,.T.);
#870=FACE_OUTER_BOUND('',#1135,.T.);
#871=FACE_OUTER_BOUND('',#1136,.T.);
#872=FACE_OUTER_BOUND('',#1137,.T.);
#873=FACE_OUTER_BOUND('',#1138,.T.);
#874=FACE_OUTER_BOUND('',#1139,.T.);
#875=FACE_OUTER_BOUND('',#1140,.T.);
#876=FACE_OUTER_BOUND('',#1141,.T.);
#877=EDGE_LOOP('',(#2767,#2768,#2769,#2770));
#878=EDGE_LOOP('',(#2771,#2772,#2773,#2774));
#879=EDGE_LOOP('',(#2775,#2776,#2777,#2778,#2779,#2780,#2781,#2782,#2783,
#2784,#2785,#2786));
#880=EDGE_LOOP('',(#2787,#2788,#2789,#2790,#2791,#2792,#2793,#2794,#2795,
#2796,#2797,#2798));
#881=EDGE_LOOP('',(#2799,#2800,#2801,#2802));
#882=EDGE_LOOP('',(#2803,#2804,#2805,#2806));
#883=EDGE_LOOP('',(#2807,#2808,#2809,#2810));
#884=EDGE_LOOP('',(#2811,#2812,#2813,#2814));
#885=EDGE_LOOP('',(#2815,#2816,#2817,#2818));
#886=EDGE_LOOP('',(#2819,#2820,#2821,#2822));
#887=EDGE_LOOP('',(#2823,#2824,#2825,#2826));
#888=EDGE_LOOP('',(#2827,#2828,#2829,#2830));
#889=EDGE_LOOP('',(#2831,#2832,#2833,#2834));
#890=EDGE_LOOP('',(#2835,#2836,#2837,#2838));
#891=EDGE_LOOP('',(#2839,#2840,#2841,#2842));
#892=EDGE_LOOP('',(#2843,#2844,#2845,#2846));
#893=EDGE_LOOP('',(#2847,#2848,#2849,#2850));
#894=EDGE_LOOP('',(#2851,#2852,#2853,#2854));
#895=EDGE_LOOP('',(#2855,#2856,#2857,#2858));
#896=EDGE_LOOP('',(#2859));
#897=EDGE_LOOP('',(#2860));
#898=EDGE_LOOP('',(#2861,#2862,#2863,#2864));
#899=EDGE_LOOP('',(#2865));
#900=EDGE_LOOP('',(#2866));
#901=EDGE_LOOP('',(#2867,#2868,#2869,#2870));
#902=EDGE_LOOP('',(#2871,#2872,#2873,#2874,#2875,#2876,#2877,#2878,#2879,
#2880,#2881,#2882,#2883,#2884,#2885));
#903=EDGE_LOOP('',(#2886));
#904=EDGE_LOOP('',(#2887));
#905=EDGE_LOOP('',(#2888,#2889,#2890,#2891));
#906=EDGE_LOOP('',(#2892,#2893,#2894,#2895));
#907=EDGE_LOOP('',(#2896,#2897,#2898));
#908=EDGE_LOOP('',(#2899,#2900,#2901));
#909=EDGE_LOOP('',(#2902,#2903,#2904));
#910=EDGE_LOOP('',(#2905,#2906,#2907));
#911=EDGE_LOOP('',(#2908,#2909,#2910,#2911));
#912=EDGE_LOOP('',(#2912,#2913,#2914,#2915));
#913=EDGE_LOOP('',(#2916,#2917,#2918));
#914=EDGE_LOOP('',(#2919,#2920,#2921));
#915=EDGE_LOOP('',(#2922,#2923,#2924,#2925));
#916=EDGE_LOOP('',(#2926,#2927,#2928,#2929));
#917=EDGE_LOOP('',(#2930,#2931,#2932));
#918=EDGE_LOOP('',(#2933,#2934,#2935));
#919=EDGE_LOOP('',(#2936,#2937,#2938,#2939));
#920=EDGE_LOOP('',(#2940,#2941,#2942,#2943));
#921=EDGE_LOOP('',(#2944,#2945,#2946,#2947));
#922=EDGE_LOOP('',(#2948,#2949,#2950,#2951));
#923=EDGE_LOOP('',(#2952,#2953,#2954,#2955));
#924=EDGE_LOOP('',(#2956,#2957,#2958,#2959));
#925=EDGE_LOOP('',(#2960,#2961,#2962,#2963));
#926=EDGE_LOOP('',(#2964,#2965,#2966,#2967));
#927=EDGE_LOOP('',(#2968,#2969,#2970,#2971));
#928=EDGE_LOOP('',(#2972,#2973,#2974,#2975));
#929=EDGE_LOOP('',(#2976,#2977,#2978));
#930=EDGE_LOOP('',(#2979,#2980,#2981));
#931=EDGE_LOOP('',(#2982,#2983,#2984,#2985,#2986,#2987,#2988,#2989,#2990));
#932=EDGE_LOOP('',(#2991,#2992,#2993));
#933=EDGE_LOOP('',(#2994,#2995,#2996));
#934=EDGE_LOOP('',(#2997,#2998,#2999));
#935=EDGE_LOOP('',(#3000,#3001,#3002,#3003,#3004,#3005));
#936=EDGE_LOOP('',(#3006,#3007,#3008,#3009,#3010,#3011));
#937=EDGE_LOOP('',(#3012,#3013,#3014,#3015,#3016,#3017,#3018,#3019,#3020,
#3021,#3022,#3023,#3024,#3025,#3026,#3027,#3028));
#938=EDGE_LOOP('',(#3029,#3030,#3031));
#939=EDGE_LOOP('',(#3032,#3033,#3034,#3035,#3036,#3037));
#940=EDGE_LOOP('',(#3038,#3039,#3040));
#941=EDGE_LOOP('',(#3041,#3042,#3043,#3044,#3045,#3046));
#942=EDGE_LOOP('',(#3047,#3048,#3049));
#943=EDGE_LOOP('',(#3050,#3051,#3052));
#944=EDGE_LOOP('',(#3053,#3054,#3055));
#945=EDGE_LOOP('',(#3056,#3057,#3058));
#946=EDGE_LOOP('',(#3059));
#947=EDGE_LOOP('',(#3060,#3061,#3062));
#948=EDGE_LOOP('',(#3063,#3064,#3065,#3066));
#949=EDGE_LOOP('',(#3067,#3068,#3069,#3070));
#950=EDGE_LOOP('',(#3071,#3072,#3073,#3074));
#951=EDGE_LOOP('',(#3075,#3076,#3077,#3078));
#952=EDGE_LOOP('',(#3079,#3080,#3081,#3082));
#953=EDGE_LOOP('',(#3083,#3084,#3085,#3086));
#954=EDGE_LOOP('',(#3087,#3088,#3089,#3090));
#955=EDGE_LOOP('',(#3091,#3092,#3093,#3094));
#956=EDGE_LOOP('',(#3095,#3096,#3097,#3098));
#957=EDGE_LOOP('',(#3099,#3100,#3101,#3102,#3103,#3104,#3105,#3106,#3107));
#958=EDGE_LOOP('',(#3108,#3109,#3110,#3111,#3112,#3113,#3114,#3115,#3116,
#3117,#3118,#3119,#3120,#3121,#3122,#3123,#3124));
#959=EDGE_LOOP('',(#3125,#3126,#3127,#3128));
#960=EDGE_LOOP('',(#3129,#3130,#3131,#3132));
#961=EDGE_LOOP('',(#3133,#3134,#3135,#3136,#3137,#3138,#3139,#3140,#3141,
#3142,#3143,#3144,#3145,#3146,#3147));
#962=EDGE_LOOP('',(#3148));
#963=EDGE_LOOP('',(#3149));
#964=EDGE_LOOP('',(#3150,#3151,#3152,#3153));
#965=EDGE_LOOP('',(#3154,#3155,#3156,#3157));
#966=EDGE_LOOP('',(#3158,#3159,#3160));
#967=EDGE_LOOP('',(#3161,#3162,#3163));
#968=EDGE_LOOP('',(#3164,#3165,#3166));
#969=EDGE_LOOP('',(#3167,#3168,#3169));
#970=EDGE_LOOP('',(#3170,#3171,#3172,#3173));
#971=EDGE_LOOP('',(#3174,#3175,#3176,#3177));
#972=EDGE_LOOP('',(#3178,#3179,#3180));
#973=EDGE_LOOP('',(#3181,#3182,#3183));
#974=EDGE_LOOP('',(#3184,#3185,#3186,#3187));
#975=EDGE_LOOP('',(#3188,#3189,#3190,#3191));
#976=EDGE_LOOP('',(#3192,#3193,#3194));
#977=EDGE_LOOP('',(#3195,#3196,#3197));
#978=EDGE_LOOP('',(#3198,#3199,#3200,#3201));
#979=EDGE_LOOP('',(#3202,#3203,#3204,#3205));
#980=EDGE_LOOP('',(#3206,#3207,#3208,#3209));
#981=EDGE_LOOP('',(#3210,#3211,#3212,#3213));
#982=EDGE_LOOP('',(#3214,#3215,#3216,#3217));
#983=EDGE_LOOP('',(#3218,#3219,#3220,#3221));
#984=EDGE_LOOP('',(#3222,#3223,#3224,#3225));
#985=EDGE_LOOP('',(#3226,#3227,#3228,#3229));
#986=EDGE_LOOP('',(#3230,#3231,#3232,#3233));
#987=EDGE_LOOP('',(#3234,#3235,#3236,#3237));
#988=EDGE_LOOP('',(#3238,#3239,#3240));
#989=EDGE_LOOP('',(#3241,#3242,#3243));
#990=EDGE_LOOP('',(#3244,#3245,#3246,#3247,#3248,#3249,#3250,#3251,#3252));
#991=EDGE_LOOP('',(#3253,#3254,#3255));
#992=EDGE_LOOP('',(#3256,#3257,#3258));
#993=EDGE_LOOP('',(#3259,#3260,#3261));
#994=EDGE_LOOP('',(#3262,#3263,#3264,#3265,#3266,#3267));
#995=EDGE_LOOP('',(#3268,#3269,#3270,#3271,#3272,#3273));
#996=EDGE_LOOP('',(#3274,#3275,#3276,#3277,#3278,#3279,#3280,#3281,#3282,
#3283,#3284,#3285,#3286,#3287,#3288,#3289,#3290));
#997=EDGE_LOOP('',(#3291,#3292,#3293));
#998=EDGE_LOOP('',(#3294,#3295,#3296,#3297,#3298,#3299));
#999=EDGE_LOOP('',(#3300,#3301,#3302));
#1000=EDGE_LOOP('',(#3303,#3304,#3305,#3306,#3307,#3308));
#1001=EDGE_LOOP('',(#3309,#3310,#3311));
#1002=EDGE_LOOP('',(#3312,#3313,#3314));
#1003=EDGE_LOOP('',(#3315,#3316,#3317));
#1004=EDGE_LOOP('',(#3318,#3319,#3320));
#1005=EDGE_LOOP('',(#3321));
#1006=EDGE_LOOP('',(#3322,#3323,#3324));
#1007=EDGE_LOOP('',(#3325,#3326,#3327,#3328));
#1008=EDGE_LOOP('',(#3329,#3330,#3331,#3332));
#1009=EDGE_LOOP('',(#3333,#3334,#3335,#3336));
#1010=EDGE_LOOP('',(#3337,#3338,#3339,#3340));
#1011=EDGE_LOOP('',(#3341,#3342,#3343,#3344));
#1012=EDGE_LOOP('',(#3345,#3346,#3347,#3348));
#1013=EDGE_LOOP('',(#3349,#3350,#3351,#3352));
#1014=EDGE_LOOP('',(#3353,#3354,#3355,#3356));
#1015=EDGE_LOOP('',(#3357,#3358,#3359,#3360));
#1016=EDGE_LOOP('',(#3361,#3362,#3363,#3364,#3365,#3366,#3367,#3368,#3369));
#1017=EDGE_LOOP('',(#3370,#3371,#3372,#3373,#3374,#3375,#3376,#3377,#3378,
#3379,#3380,#3381,#3382,#3383,#3384,#3385,#3386));
#1018=EDGE_LOOP('',(#3387,#3388,#3389,#3390));
#1019=EDGE_LOOP('',(#3391,#3392,#3393,#3394));
#1020=EDGE_LOOP('',(#3395,#3396,#3397,#3398));
#1021=EDGE_LOOP('',(#3399,#3400,#3401,#3402));
#1022=EDGE_LOOP('',(#3403,#3404,#3405,#3406));
#1023=EDGE_LOOP('',(#3407,#3408,#3409,#3410));
#1024=EDGE_LOOP('',(#3411,#3412,#3413,#3414));
#1025=EDGE_LOOP('',(#3415,#3416,#3417,#3418));
#1026=EDGE_LOOP('',(#3419,#3420,#3421,#3422));
#1027=EDGE_LOOP('',(#3423,#3424,#3425,#3426));
#1028=EDGE_LOOP('',(#3427,#3428,#3429,#3430));
#1029=EDGE_LOOP('',(#3431,#3432,#3433,#3434));
#1030=EDGE_LOOP('',(#3435,#3436,#3437,#3438));
#1031=EDGE_LOOP('',(#3439,#3440,#3441,#3442));
#1032=EDGE_LOOP('',(#3443,#3444,#3445,#3446));
#1033=EDGE_LOOP('',(#3447,#3448,#3449,#3450));
#1034=EDGE_LOOP('',(#3451,#3452,#3453,#3454));
#1035=EDGE_LOOP('',(#3455,#3456,#3457,#3458));
#1036=EDGE_LOOP('',(#3459,#3460,#3461,#3462));
#1037=EDGE_LOOP('',(#3463,#3464,#3465,#3466));
#1038=EDGE_LOOP('',(#3467,#3468,#3469,#3470));
#1039=EDGE_LOOP('',(#3471,#3472,#3473,#3474));
#1040=EDGE_LOOP('',(#3475,#3476,#3477,#3478));
#1041=EDGE_LOOP('',(#3479,#3480,#3481,#3482));
#1042=EDGE_LOOP('',(#3483,#3484,#3485,#3486));
#1043=EDGE_LOOP('',(#3487,#3488,#3489,#3490));
#1044=EDGE_LOOP('',(#3491,#3492,#3493,#3494));
#1045=EDGE_LOOP('',(#3495,#3496,#3497,#3498));
#1046=EDGE_LOOP('',(#3499,#3500,#3501,#3502,#3503,#3504,#3505,#3506,#3507,
#3508,#3509,#3510,#3511,#3512,#3513,#3514,#3515,#3516,#3517,#3518,#3519));
#1047=EDGE_LOOP('',(#3520,#3521,#3522,#3523,#3524,#3525));
#1048=EDGE_LOOP('',(#3526,#3527,#3528,#3529,#3530,#3531,#3532,#3533,#3534,
#3535,#3536,#3537,#3538,#3539,#3540,#3541,#3542,#3543,#3544,#3545,#3546));
#1049=EDGE_LOOP('',(#3547,#3548,#3549,#3550,#3551,#3552));
#1050=EDGE_LOOP('',(#3553,#3554,#3555,#3556));
#1051=EDGE_LOOP('',(#3557,#3558,#3559,#3560));
#1052=EDGE_LOOP('',(#3561,#3562,#3563,#3564));
#1053=EDGE_LOOP('',(#3565,#3566,#3567,#3568));
#1054=EDGE_LOOP('',(#3569,#3570,#3571,#3572));
#1055=EDGE_LOOP('',(#3573,#3574,#3575,#3576));
#1056=EDGE_LOOP('',(#3577,#3578,#3579,#3580));
#1057=EDGE_LOOP('',(#3581,#3582,#3583,#3584));
#1058=EDGE_LOOP('',(#3585,#3586,#3587,#3588));
#1059=EDGE_LOOP('',(#3589,#3590,#3591,#3592));
#1060=EDGE_LOOP('',(#3593,#3594,#3595,#3596));
#1061=EDGE_LOOP('',(#3597,#3598,#3599,#3600));
#1062=EDGE_LOOP('',(#3601,#3602,#3603,#3604));
#1063=EDGE_LOOP('',(#3605,#3606,#3607,#3608));
#1064=EDGE_LOOP('',(#3609,#3610,#3611,#3612,#3613,#3614,#3615,#3616,#3617,
#3618,#3619,#3620,#3621,#3622));
#1065=EDGE_LOOP('',(#3623,#3624,#3625,#3626,#3627,#3628,#3629,#3630,#3631,
#3632,#3633,#3634,#3635,#3636));
#1066=EDGE_LOOP('',(#3637,#3638,#3639,#3640));
#1067=EDGE_LOOP('',(#3641,#3642,#3643,#3644));
#1068=EDGE_LOOP('',(#3645,#3646,#3647,#3648));
#1069=EDGE_LOOP('',(#3649,#3650,#3651,#3652));
#1070=EDGE_LOOP('',(#3653,#3654,#3655,#3656));
#1071=EDGE_LOOP('',(#3657,#3658,#3659,#3660));
#1072=EDGE_LOOP('',(#3661,#3662,#3663,#3664));
#1073=EDGE_LOOP('',(#3665,#3666,#3667,#3668));
#1074=EDGE_LOOP('',(#3669,#3670,#3671,#3672));
#1075=EDGE_LOOP('',(#3673,#3674,#3675,#3676));
#1076=EDGE_LOOP('',(#3677,#3678,#3679,#3680));
#1077=EDGE_LOOP('',(#3681,#3682,#3683,#3684));
#1078=EDGE_LOOP('',(#3685,#3686,#3687,#3688));
#1079=EDGE_LOOP('',(#3689,#3690,#3691,#3692));
#1080=EDGE_LOOP('',(#3693,#3694,#3695,#3696));
#1081=EDGE_LOOP('',(#3697,#3698,#3699,#3700));
#1082=EDGE_LOOP('',(#3701,#3702,#3703,#3704,#3705,#3706,#3707,#3708,#3709,
#3710,#3711,#3712,#3713,#3714,#3715,#3716));
#1083=EDGE_LOOP('',(#3717,#3718,#3719,#3720,#3721,#3722,#3723,#3724,#3725,
#3726,#3727,#3728,#3729,#3730,#3731,#3732));
#1084=EDGE_LOOP('',(#3733,#3734,#3735,#3736));
#1085=EDGE_LOOP('',(#3737,#3738,#3739,#3740));
#1086=EDGE_LOOP('',(#3741,#3742,#3743,#3744));
#1087=EDGE_LOOP('',(#3745,#3746,#3747,#3748));
#1088=EDGE_LOOP('',(#3749,#3750,#3751,#3752));
#1089=EDGE_LOOP('',(#3753,#3754,#3755,#3756));
#1090=EDGE_LOOP('',(#3757,#3758,#3759,#3760));
#1091=EDGE_LOOP('',(#3761,#3762,#3763,#3764));
#1092=EDGE_LOOP('',(#3765,#3766,#3767,#3768));
#1093=EDGE_LOOP('',(#3769,#3770,#3771,#3772));
#1094=EDGE_LOOP('',(#3773,#3774,#3775,#3776));
#1095=EDGE_LOOP('',(#3777,#3778,#3779,#3780));
#1096=EDGE_LOOP('',(#3781,#3782,#3783,#3784));
#1097=EDGE_LOOP('',(#3785,#3786,#3787,#3788));
#1098=EDGE_LOOP('',(#3789,#3790,#3791,#3792));
#1099=EDGE_LOOP('',(#3793,#3794,#3795,#3796));
#1100=EDGE_LOOP('',(#3797,#3798,#3799,#3800));
#1101=EDGE_LOOP('',(#3801,#3802,#3803,#3804,#3805,#3806,#3807,#3808,#3809));
#1102=EDGE_LOOP('',(#3810,#3811,#3812,#3813,#3814,#3815,#3816,#3817));
#1103=EDGE_LOOP('',(#3818,#3819,#3820,#3821,#3822,#3823,#3824,#3825,#3826));
#1104=EDGE_LOOP('',(#3827,#3828,#3829,#3830,#3831,#3832,#3833,#3834));
#1105=EDGE_LOOP('',(#3835,#3836,#3837,#3838));
#1106=EDGE_LOOP('',(#3839,#3840,#3841,#3842));
#1107=EDGE_LOOP('',(#3843,#3844,#3845,#3846));
#1108=EDGE_LOOP('',(#3847,#3848,#3849,#3850));
#1109=EDGE_LOOP('',(#3851,#3852,#3853,#3854));
#1110=EDGE_LOOP('',(#3855,#3856,#3857,#3858));
#1111=EDGE_LOOP('',(#3859,#3860,#3861,#3862));
#1112=EDGE_LOOP('',(#3863,#3864,#3865,#3866));
#1113=EDGE_LOOP('',(#3867,#3868,#3869,#3870));
#1114=EDGE_LOOP('',(#3871,#3872,#3873,#3874));
#1115=EDGE_LOOP('',(#3875,#3876,#3877,#3878));
#1116=EDGE_LOOP('',(#3879,#3880,#3881,#3882));
#1117=EDGE_LOOP('',(#3883,#3884,#3885,#3886));
#1118=EDGE_LOOP('',(#3887,#3888,#3889,#3890));
#1119=EDGE_LOOP('',(#3891,#3892,#3893,#3894));
#1120=EDGE_LOOP('',(#3895,#3896,#3897,#3898));
#1121=EDGE_LOOP('',(#3899,#3900,#3901,#3902));
#1122=EDGE_LOOP('',(#3903,#3904,#3905,#3906));
#1123=EDGE_LOOP('',(#3907,#3908,#3909,#3910));
#1124=EDGE_LOOP('',(#3911,#3912,#3913,#3914));
#1125=EDGE_LOOP('',(#3915,#3916,#3917,#3918));
#1126=EDGE_LOOP('',(#3919,#3920,#3921,#3922));
#1127=EDGE_LOOP('',(#3923,#3924,#3925,#3926,#3927,#3928,#3929,#3930,#3931,
#3932,#3933,#3934,#3935,#3936,#3937,#3938,#3939,#3940,#3941,#3942,#3943,
#3944));
#1128=EDGE_LOOP('',(#3945,#3946,#3947,#3948,#3949,#3950,#3951,#3952,#3953,
#3954,#3955,#3956,#3957,#3958,#3959,#3960,#3961,#3962,#3963,#3964,#3965,
#3966));
#1129=EDGE_LOOP('',(#3967,#3968,#3969,#3970));
#1130=EDGE_LOOP('',(#3971,#3972,#3973,#3974));
#1131=EDGE_LOOP('',(#3975,#3976,#3977,#3978));
#1132=EDGE_LOOP('',(#3979,#3980,#3981,#3982));
#1133=EDGE_LOOP('',(#3983,#3984,#3985,#3986));
#1134=EDGE_LOOP('',(#3987,#3988,#3989,#3990));
#1135=EDGE_LOOP('',(#3991,#3992,#3993,#3994));
#1136=EDGE_LOOP('',(#3995,#3996,#3997,#3998));
#1137=EDGE_LOOP('',(#3999,#4000,#4001,#4002));
#1138=EDGE_LOOP('',(#4003,#4004,#4005,#4006));
#1139=EDGE_LOOP('',(#4007,#4008,#4009,#4010));
#1140=EDGE_LOOP('',(#4011,#4012,#4013,#4014,#4015,#4016,#4017,#4018,#4019,
#4020,#4021));
#1141=EDGE_LOOP('',(#4022,#4023,#4024,#4025,#4026,#4027,#4028,#4029,#4030,
#4031,#4032));
#1142=LINE('',#5229,#1425);
#1143=LINE('',#5232,#1426);
#1144=LINE('',#5235,#1427);
#1145=LINE('',#5237,#1428);
#1146=LINE('',#5238,#1429);
#1147=LINE('',#5241,#1430);
#1148=LINE('',#5245,#1431);
#1149=LINE('',#5249,#1432);
#1150=LINE('',#5253,#1433);
#1151=LINE('',#5257,#1434);
#1152=LINE('',#5263,#1435);
#1153=LINE('',#5267,#1436);
#1154=LINE('',#5271,#1437);
#1155=LINE('',#5275,#1438);
#1156=LINE('',#5278,#1439);
#1157=LINE('',#5280,#1440);
#1158=LINE('',#5281,#1441);
#1159=LINE('',#5283,#1442);
#1160=LINE('',#5284,#1443);
#1161=LINE('',#5286,#1444);
#1162=LINE('',#5288,#1445);
#1163=LINE('',#5290,#1446);
#1164=LINE('',#5293,#1447);
#1165=LINE('',#5295,#1448);
#1166=LINE('',#5296,#1449);
#1167=LINE('',#5298,#1450);
#1168=LINE('',#5301,#1451);
#1169=LINE('',#5302,#1452);
#1170=LINE('',#5306,#1453);
#1171=LINE('',#5307,#1454);
#1172=LINE('',#5309,#1455);
#1173=LINE('',#5311,#1456);
#1174=LINE('',#5336,#1457);
#1175=LINE('',#5361,#1458);
#1176=LINE('',#5556,#1459);
#1177=LINE('',#5676,#1460);
#1178=LINE('',#5680,#1461);
#1179=LINE('',#5684,#1462);
#1180=LINE('',#5687,#1463);
#1181=LINE('',#5990,#1464);
#1182=LINE('',#5994,#1465);
#1183=LINE('',#5998,#1466);
#1184=LINE('',#6001,#1467);
#1185=LINE('',#6144,#1468);
#1186=LINE('',#6148,#1469);
#1187=LINE('',#6152,#1470);
#1188=LINE('',#6155,#1471);
#1189=LINE('',#6368,#1472);
#1190=LINE('',#6372,#1473);
#1191=LINE('',#6376,#1474);
#1192=LINE('',#6379,#1475);
#1193=LINE('',#6596,#1476);
#1194=LINE('',#6598,#1477);
#1195=LINE('',#6599,#1478);
#1196=LINE('',#6773,#1479);
#1197=LINE('',#6775,#1480);
#1198=LINE('',#6777,#1481);
#1199=LINE('',#6779,#1482);
#1200=LINE('',#6781,#1483);
#1201=LINE('',#6783,#1484);
#1202=LINE('',#6785,#1485);
#1203=LINE('',#6787,#1486);
#1204=LINE('',#6789,#1487);
#1205=LINE('',#6790,#1488);
#1206=LINE('',#7133,#1489);
#1207=LINE('',#7134,#1490);
#1208=LINE('',#7137,#1491);
#1209=LINE('',#7138,#1492);
#1210=LINE('',#7141,#1493);
#1211=LINE('',#7142,#1494);
#1212=LINE('',#7145,#1495);
#1213=LINE('',#7146,#1496);
#1214=LINE('',#7149,#1497);
#1215=LINE('',#7150,#1498);
#1216=LINE('',#7153,#1499);
#1217=LINE('',#7154,#1500);
#1218=LINE('',#7157,#1501);
#1219=LINE('',#7158,#1502);
#1220=LINE('',#7161,#1503);
#1221=LINE('',#7162,#1504);
#1222=LINE('',#7165,#1505);
#1223=LINE('',#7166,#1506);
#1224=LINE('',#7168,#1507);
#1225=LINE('',#7188,#1508);
#1226=LINE('',#7358,#1509);
#1227=LINE('',#7478,#1510);
#1228=LINE('',#7482,#1511);
#1229=LINE('',#7486,#1512);
#1230=LINE('',#7489,#1513);
#1231=LINE('',#7792,#1514);
#1232=LINE('',#7796,#1515);
#1233=LINE('',#7800,#1516);
#1234=LINE('',#7803,#1517);
#1235=LINE('',#7946,#1518);
#1236=LINE('',#7950,#1519);
#1237=LINE('',#7954,#1520);
#1238=LINE('',#7957,#1521);
#1239=LINE('',#8170,#1522);
#1240=LINE('',#8174,#1523);
#1241=LINE('',#8178,#1524);
#1242=LINE('',#8181,#1525);
#1243=LINE('',#8398,#1526);
#1244=LINE('',#8400,#1527);
#1245=LINE('',#8401,#1528);
#1246=LINE('',#8575,#1529);
#1247=LINE('',#8577,#1530);
#1248=LINE('',#8579,#1531);
#1249=LINE('',#8581,#1532);
#1250=LINE('',#8583,#1533);
#1251=LINE('',#8585,#1534);
#1252=LINE('',#8587,#1535);
#1253=LINE('',#8589,#1536);
#1254=LINE('',#8591,#1537);
#1255=LINE('',#8592,#1538);
#1256=LINE('',#8935,#1539);
#1257=LINE('',#8936,#1540);
#1258=LINE('',#8939,#1541);
#1259=LINE('',#8940,#1542);
#1260=LINE('',#8943,#1543);
#1261=LINE('',#8944,#1544);
#1262=LINE('',#8947,#1545);
#1263=LINE('',#8948,#1546);
#1264=LINE('',#8951,#1547);
#1265=LINE('',#8952,#1548);
#1266=LINE('',#8955,#1549);
#1267=LINE('',#8956,#1550);
#1268=LINE('',#8959,#1551);
#1269=LINE('',#8960,#1552);
#1270=LINE('',#8963,#1553);
#1271=LINE('',#8964,#1554);
#1272=LINE('',#8967,#1555);
#1273=LINE('',#8968,#1556);
#1274=LINE('',#8970,#1557);
#1275=LINE('',#8990,#1558);
#1276=LINE('',#9003,#1559);
#1277=LINE('',#9008,#1560);
#1278=LINE('',#9023,#1561);
#1279=LINE('',#9038,#1562);
#1280=LINE('',#9053,#1563);
#1281=LINE('',#9068,#1564);
#1282=LINE('',#9070,#1565);
#1283=LINE('',#9071,#1566);
#1284=LINE('',#9075,#1567);
#1285=LINE('',#9077,#1568);
#1286=LINE('',#9079,#1569);
#1287=LINE('',#9080,#1570);
#1288=LINE('',#9095,#1571);
#1289=LINE('',#9110,#1572);
#1290=LINE('',#9125,#1573);
#1291=LINE('',#9140,#1574);
#1292=LINE('',#9155,#1575);
#1293=LINE('',#9170,#1576);
#1294=LINE('',#9185,#1577);
#1295=LINE('',#9200,#1578);
#1296=LINE('',#9203,#1579);
#1297=LINE('',#9205,#1580);
#1298=LINE('',#9206,#1581);
#1299=LINE('',#9221,#1582);
#1300=LINE('',#9236,#1583);
#1301=LINE('',#9239,#1584);
#1302=LINE('',#9241,#1585);
#1303=LINE('',#9242,#1586);
#1304=LINE('',#9257,#1587);
#1305=LINE('',#9272,#1588);
#1306=LINE('',#9287,#1589);
#1307=LINE('',#9302,#1590);
#1308=LINE('',#9317,#1591);
#1309=LINE('',#9332,#1592);
#1310=LINE('',#9335,#1593);
#1311=LINE('',#9337,#1594);
#1312=LINE('',#9338,#1595);
#1313=LINE('',#9356,#1596);
#1314=LINE('',#9358,#1597);
#1315=LINE('',#9360,#1598);
#1316=LINE('',#9361,#1599);
#1317=LINE('',#9376,#1600);
#1318=LINE('',#9391,#1601);
#1319=LINE('',#9406,#1602);
#1320=LINE('',#9421,#1603);
#1321=LINE('',#9436,#1604);
#1322=LINE('',#9439,#1605);
#1323=LINE('',#9441,#1606);
#1324=LINE('',#9442,#1607);
#1325=LINE('',#9457,#1608);
#1326=LINE('',#9472,#1609);
#1327=LINE('',#9487,#1610);
#1328=LINE('',#9502,#1611);
#1329=LINE('',#9517,#1612);
#1330=LINE('',#9532,#1613);
#1331=LINE('',#9550,#1614);
#1332=LINE('',#9552,#1615);
#1333=LINE('',#9554,#1616);
#1334=LINE('',#9555,#1617);
#1335=LINE('',#9558,#1618);
#1336=LINE('',#9560,#1619);
#1337=LINE('',#9561,#1620);
#1338=LINE('',#9576,#1621);
#1339=LINE('',#9591,#1622);
#1340=LINE('',#9606,#1623);
#1341=LINE('',#9621,#1624);
#1342=LINE('',#9624,#1625);
#1343=LINE('',#9626,#1626);
#1344=LINE('',#9627,#1627);
#1345=LINE('',#9630,#1628);
#1346=LINE('',#9632,#1629);
#1347=LINE('',#9633,#1630);
#1348=LINE('',#9636,#1631);
#1349=LINE('',#9638,#1632);
#1350=LINE('',#9639,#1633);
#1351=LINE('',#9642,#1634);
#1352=LINE('',#9644,#1635);
#1353=LINE('',#9645,#1636);
#1354=LINE('',#9648,#1637);
#1355=LINE('',#9650,#1638);
#1356=LINE('',#9651,#1639);
#1357=LINE('',#9666,#1640);
#1358=LINE('',#9681,#1641);
#1359=LINE('',#9696,#1642);
#1360=LINE('',#9711,#1643);
#1361=LINE('',#9713,#1644);
#1362=LINE('',#9714,#1645);
#1363=LINE('',#9729,#1646);
#1364=LINE('',#9734,#1647);
#1365=LINE('',#9749,#1648);
#1366=LINE('',#9764,#1649);
#1367=LINE('',#9779,#1650);
#1368=LINE('',#9794,#1651);
#1369=LINE('',#9809,#1652);
#1370=LINE('',#9824,#1653);
#1371=LINE('',#9849,#1654);
#1372=LINE('',#9854,#1655);
#1373=LINE('',#9869,#1656);
#1374=LINE('',#9884,#1657);
#1375=LINE('',#9899,#1658);
#1376=LINE('',#9914,#1659);
#1377=LINE('',#9929,#1660);
#1378=LINE('',#9944,#1661);
#1379=LINE('',#9959,#1662);
#1380=LINE('',#9977,#1663);
#1381=LINE('',#9979,#1664);
#1382=LINE('',#9981,#1665);
#1383=LINE('',#9982,#1666);
#1384=LINE('',#9997,#1667);
#1385=LINE('',#10012,#1668);
#1386=LINE('',#10027,#1669);
#1387=LINE('',#10042,#1670);
#1388=LINE('',#10057,#1671);
#1389=LINE('',#10072,#1672);
#1390=LINE('',#10087,#1673);
#1391=LINE('',#10102,#1674);
#1392=LINE('',#10117,#1675);
#1393=LINE('',#10132,#1676);
#1394=LINE('',#10135,#1677);
#1395=LINE('',#10137,#1678);
#1396=LINE('',#10138,#1679);
#1397=LINE('',#10153,#1680);
#1398=LINE('',#10168,#1681);
#1399=LINE('',#10183,#1682);
#1400=LINE('',#10198,#1683);
#1401=LINE('',#10213,#1684);
#1402=LINE('',#10228,#1685);
#1403=LINE('',#10243,#1686);
#1404=LINE('',#10258,#1687);
#1405=LINE('',#10273,#1688);
#1406=LINE('',#10291,#1689);
#1407=LINE('',#10293,#1690);
#1408=LINE('',#10295,#1691);
#1409=LINE('',#10296,#1692);
#1410=LINE('',#10311,#1693);
#1411=LINE('',#10326,#1694);
#1412=LINE('',#10341,#1695);
#1413=LINE('',#10344,#1696);
#1414=LINE('',#10346,#1697);
#1415=LINE('',#10347,#1698);
#1416=LINE('',#10362,#1699);
#1417=LINE('',#10377,#1700);
#1418=LINE('',#10392,#1701);
#1419=LINE('',#10407,#1702);
#1420=LINE('',#10410,#1703);
#1421=LINE('',#10412,#1704);
#1422=LINE('',#10413,#1705);
#1423=LINE('',#10415,#1706);
#1424=LINE('',#10416,#1707);
#1425=VECTOR('',#4559,10.);
#1426=VECTOR('',#4562,10.);
#1427=VECTOR('',#4565,10.);
#1428=VECTOR('',#4566,10.);
#1429=VECTOR('',#4567,10.);
#1430=VECTOR('',#4570,10.);
#1431=VECTOR('',#4573,10.);
#1432=VECTOR('',#4576,10.);
#1433=VECTOR('',#4579,10.);
#1434=VECTOR('',#4582,10.);
#1435=VECTOR('',#4589,10.);
#1436=VECTOR('',#4592,10.);
#1437=VECTOR('',#4595,10.);
#1438=VECTOR('',#4598,10.);
#1439=VECTOR('',#4601,10.);
#1440=VECTOR('',#4604,10.);
#1441=VECTOR('',#4605,10.);
#1442=VECTOR('',#4608,10.);
#1443=VECTOR('',#4609,10.);
#1444=VECTOR('',#4612,10.);
#1445=VECTOR('',#4615,10.);
#1446=VECTOR('',#4618,10.);
#1447=VECTOR('',#4621,10.);
#1448=VECTOR('',#4622,10.);
#1449=VECTOR('',#4623,10.);
#1450=VECTOR('',#4626,10.);
#1451=VECTOR('',#4629,10.);
#1452=VECTOR('',#4630,10.);
#1453=VECTOR('',#4635,10.);
#1454=VECTOR('',#4636,10.);
#1455=VECTOR('',#4639,10.);
#1456=VECTOR('',#4642,10.);
#1457=VECTOR('',#4651,18.4);
#1458=VECTOR('',#4660,18.4);
#1459=VECTOR('',#4671,23.4);
#1460=VECTOR('',#4678,10.);
#1461=VECTOR('',#4681,10.);
#1462=VECTOR('',#4686,10.);
#1463=VECTOR('',#4689,10.);
#1464=VECTOR('',#4700,10.);
#1465=VECTOR('',#4703,10.);
#1466=VECTOR('',#4708,10.);
#1467=VECTOR('',#4711,10.);
#1468=VECTOR('',#4718,10.);
#1469=VECTOR('',#4721,10.);
#1470=VECTOR('',#4726,10.);
#1471=VECTOR('',#4729,10.);
#1472=VECTOR('',#4736,10.);
#1473=VECTOR('',#4739,10.);
#1474=VECTOR('',#4744,10.);
#1475=VECTOR('',#4747,10.);
#1476=VECTOR('',#4754,10.);
#1477=VECTOR('',#4755,10.);
#1478=VECTOR('',#4756,10.);
#1479=VECTOR('',#4769,10.);
#1480=VECTOR('',#4770,10.);
#1481=VECTOR('',#4771,10.);
#1482=VECTOR('',#4772,10.);
#1483=VECTOR('',#4773,10.);
#1484=VECTOR('',#4774,10.);
#1485=VECTOR('',#4775,10.);
#1486=VECTOR('',#4776,10.);
#1487=VECTOR('',#4777,10.);
#1488=VECTOR('',#4778,10.);
#1489=VECTOR('',#4795,10.);
#1490=VECTOR('',#4796,10.);
#1491=VECTOR('',#4799,10.);
#1492=VECTOR('',#4800,10.);
#1493=VECTOR('',#4803,10.);
#1494=VECTOR('',#4804,10.);
#1495=VECTOR('',#4807,10.);
#1496=VECTOR('',#4808,10.);
#1497=VECTOR('',#4811,10.);
#1498=VECTOR('',#4812,10.);
#1499=VECTOR('',#4815,10.);
#1500=VECTOR('',#4816,10.);
#1501=VECTOR('',#4819,10.);
#1502=VECTOR('',#4820,10.);
#1503=VECTOR('',#4823,10.);
#1504=VECTOR('',#4824,10.);
#1505=VECTOR('',#4827,10.);
#1506=VECTOR('',#4828,10.);
#1507=VECTOR('',#4831,10.);
#1508=VECTOR('',#4834,20.4);
#1509=VECTOR('',#4837,23.4);
#1510=VECTOR('',#4844,10.);
#1511=VECTOR('',#4847,10.);
#1512=VECTOR('',#4852,10.);
#1513=VECTOR('',#4855,10.);
#1514=VECTOR('',#4866,10.);
#1515=VECTOR('',#4869,10.);
#1516=VECTOR('',#4874,10.);
#1517=VECTOR('',#4877,10.);
#1518=VECTOR('',#4884,10.);
#1519=VECTOR('',#4887,10.);
#1520=VECTOR('',#4892,10.);
#1521=VECTOR('',#4895,10.);
#1522=VECTOR('',#4902,10.);
#1523=VECTOR('',#4905,10.);
#1524=VECTOR('',#4910,10.);
#1525=VECTOR('',#4913,10.);
#1526=VECTOR('',#4920,10.);
#1527=VECTOR('',#4921,10.);
#1528=VECTOR('',#4922,10.);
#1529=VECTOR('',#4935,10.);
#1530=VECTOR('',#4936,10.);
#1531=VECTOR('',#4937,10.);
#1532=VECTOR('',#4938,10.);
#1533=VECTOR('',#4939,10.);
#1534=VECTOR('',#4940,10.);
#1535=VECTOR('',#4941,10.);
#1536=VECTOR('',#4942,10.);
#1537=VECTOR('',#4943,10.);
#1538=VECTOR('',#4944,10.);
#1539=VECTOR('',#4961,10.);
#1540=VECTOR('',#4962,10.);
#1541=VECTOR('',#4965,10.);
#1542=VECTOR('',#4966,10.);
#1543=VECTOR('',#4969,10.);
#1544=VECTOR('',#4970,10.);
#1545=VECTOR('',#4973,10.);
#1546=VECTOR('',#4974,10.);
#1547=VECTOR('',#4977,10.);
#1548=VECTOR('',#4978,10.);
#1549=VECTOR('',#4981,10.);
#1550=VECTOR('',#4982,10.);
#1551=VECTOR('',#4985,10.);
#1552=VECTOR('',#4986,10.);
#1553=VECTOR('',#4989,10.);
#1554=VECTOR('',#4990,10.);
#1555=VECTOR('',#4993,10.);
#1556=VECTOR('',#4994,10.);
#1557=VECTOR('',#4997,10.);
#1558=VECTOR('',#5000,20.4);
#1559=VECTOR('',#5001,10.);
#1560=VECTOR('',#5002,10.);
#1561=VECTOR('',#5003,10.);
#1562=VECTOR('',#5004,10.);
#1563=VECTOR('',#5005,10.);
#1564=VECTOR('',#5006,10.);
#1565=VECTOR('',#5009,10.);
#1566=VECTOR('',#5010,10.);
#1567=VECTOR('',#5013,10.);
#1568=VECTOR('',#5014,10.);
#1569=VECTOR('',#5015,10.);
#1570=VECTOR('',#5016,10.);
#1571=VECTOR('',#5017,10.);
#1572=VECTOR('',#5018,10.);
#1573=VECTOR('',#5019,10.);
#1574=VECTOR('',#5020,10.);
#1575=VECTOR('',#5021,10.);
#1576=VECTOR('',#5022,10.);
#1577=VECTOR('',#5023,10.);
#1578=VECTOR('',#5024,10.);
#1579=VECTOR('',#5027,10.);
#1580=VECTOR('',#5028,10.);
#1581=VECTOR('',#5029,10.);
#1582=VECTOR('',#5030,10.);
#1583=VECTOR('',#5031,10.);
#1584=VECTOR('',#5034,10.);
#1585=VECTOR('',#5035,10.);
#1586=VECTOR('',#5036,10.);
#1587=VECTOR('',#5037,10.);
#1588=VECTOR('',#5038,10.);
#1589=VECTOR('',#5039,10.);
#1590=VECTOR('',#5040,10.);
#1591=VECTOR('',#5041,10.);
#1592=VECTOR('',#5042,10.);
#1593=VECTOR('',#5045,10.);
#1594=VECTOR('',#5046,10.);
#1595=VECTOR('',#5047,10.);
#1596=VECTOR('',#5054,10.);
#1597=VECTOR('',#5055,10.);
#1598=VECTOR('',#5056,10.);
#1599=VECTOR('',#5057,10.);
#1600=VECTOR('',#5058,10.);
#1601=VECTOR('',#5059,10.);
#1602=VECTOR('',#5060,10.);
#1603=VECTOR('',#5061,10.);
#1604=VECTOR('',#5062,10.);
#1605=VECTOR('',#5065,10.);
#1606=VECTOR('',#5066,10.);
#1607=VECTOR('',#5067,10.);
#1608=VECTOR('',#5068,10.);
#1609=VECTOR('',#5069,10.);
#1610=VECTOR('',#5070,10.);
#1611=VECTOR('',#5071,10.);
#1612=VECTOR('',#5072,10.);
#1613=VECTOR('',#5073,10.);
#1614=VECTOR('',#5080,10.);
#1615=VECTOR('',#5081,10.);
#1616=VECTOR('',#5082,10.);
#1617=VECTOR('',#5083,10.);
#1618=VECTOR('',#5086,10.);
#1619=VECTOR('',#5087,10.);
#1620=VECTOR('',#5088,10.);
#1621=VECTOR('',#5089,10.);
#1622=VECTOR('',#5090,10.);
#1623=VECTOR('',#5091,10.);
#1624=VECTOR('',#5092,10.);
#1625=VECTOR('',#5095,10.);
#1626=VECTOR('',#5096,10.);
#1627=VECTOR('',#5097,10.);
#1628=VECTOR('',#5100,10.);
#1629=VECTOR('',#5101,10.);
#1630=VECTOR('',#5102,10.);
#1631=VECTOR('',#5105,10.);
#1632=VECTOR('',#5106,10.);
#1633=VECTOR('',#5107,10.);
#1634=VECTOR('',#5110,10.);
#1635=VECTOR('',#5111,10.);
#1636=VECTOR('',#5112,10.);
#1637=VECTOR('',#5115,10.);
#1638=VECTOR('',#5116,10.);
#1639=VECTOR('',#5117,10.);
#1640=VECTOR('',#5118,10.);
#1641=VECTOR('',#5119,10.);
#1642=VECTOR('',#5120,10.);
#1643=VECTOR('',#5121,10.);
#1644=VECTOR('',#5124,10.);
#1645=VECTOR('',#5125,10.);
#1646=VECTOR('',#5130,10.);
#1647=VECTOR('',#5131,10.);
#1648=VECTOR('',#5132,10.);
#1649=VECTOR('',#5133,10.);
#1650=VECTOR('',#5134,10.);
#1651=VECTOR('',#5135,10.);
#1652=VECTOR('',#5136,10.);
#1653=VECTOR('',#5137,10.);
#1654=VECTOR('',#5138,10.);
#1655=VECTOR('',#5139,10.);
#1656=VECTOR('',#5140,10.);
#1657=VECTOR('',#5141,10.);
#1658=VECTOR('',#5142,10.);
#1659=VECTOR('',#5143,10.);
#1660=VECTOR('',#5144,10.);
#1661=VECTOR('',#5145,10.);
#1662=VECTOR('',#5146,10.);
#1663=VECTOR('',#5153,10.);
#1664=VECTOR('',#5154,10.);
#1665=VECTOR('',#5155,10.);
#1666=VECTOR('',#5156,10.);
#1667=VECTOR('',#5157,10.);
#1668=VECTOR('',#5158,10.);
#1669=VECTOR('',#5159,10.);
#1670=VECTOR('',#5160,10.);
#1671=VECTOR('',#5161,10.);
#1672=VECTOR('',#5162,10.);
#1673=VECTOR('',#5163,10.);
#1674=VECTOR('',#5164,10.);
#1675=VECTOR('',#5165,10.);
#1676=VECTOR('',#5166,10.);
#1677=VECTOR('',#5169,10.);
#1678=VECTOR('',#5170,10.);
#1679=VECTOR('',#5171,10.);
#1680=VECTOR('',#5172,10.);
#1681=VECTOR('',#5173,10.);
#1682=VECTOR('',#5174,10.);
#1683=VECTOR('',#5175,10.);
#1684=VECTOR('',#5176,10.);
#1685=VECTOR('',#5177,10.);
#1686=VECTOR('',#5178,10.);
#1687=VECTOR('',#5179,10.);
#1688=VECTOR('',#5180,10.);
#1689=VECTOR('',#5187,10.);
#1690=VECTOR('',#5188,10.);
#1691=VECTOR('',#5189,10.);
#1692=VECTOR('',#5190,10.);
#1693=VECTOR('',#5191,10.);
#1694=VECTOR('',#5192,10.);
#1695=VECTOR('',#5193,10.);
#1696=VECTOR('',#5196,10.);
#1697=VECTOR('',#5197,10.);
#1698=VECTOR('',#5198,10.);
#1699=VECTOR('',#5199,10.);
#1700=VECTOR('',#5200,10.);
#1701=VECTOR('',#5201,10.);
#1702=VECTOR('',#5202,10.);
#1703=VECTOR('',#5205,10.);
#1704=VECTOR('',#5206,10.);
#1705=VECTOR('',#5207,10.);
#1706=VECTOR('',#5210,10.);
#1707=VECTOR('',#5211,10.);
#1708=ELLIPSE('',#4360,2.12132034355964,1.5);
#1709=ELLIPSE('',#4361,2.12132034355964,1.5);
#1710=ELLIPSE('',#4364,2.12132034355964,1.5);
#1711=ELLIPSE('',#4365,1.59626665871387,1.5);
#1712=ELLIPSE('',#4366,1.59626665871387,1.5);
#1713=ELLIPSE('',#4367,1.59626665871387,1.5);
#1714=ELLIPSE('',#4368,1.59626665871387,1.5);
#1715=ELLIPSE('',#4370,1.59626665871387,1.5);
#1716=ELLIPSE('',#4371,1.59626665871387,1.5);
#1717=ELLIPSE('',#4372,1.59626665871387,1.5);
#1718=ELLIPSE('',#4373,1.59626665871387,1.5);
#1719=ELLIPSE('',#4374,2.12132034355964,1.5);
#1720=ELLIPSE('',#4390,18.4,15.15);
#1721=ELLIPSE('',#4391,18.4,15.15);
#1722=ELLIPSE('',#4394,18.4,15.15);
#1723=ELLIPSE('',#4395,18.4,15.15);
#1724=ELLIPSE('',#4401,20.4,17.15);
#1725=ELLIPSE('',#4404,2.12132034355964,1.5);
#1726=ELLIPSE('',#4413,2.12132034355964,1.5);
#1727=ELLIPSE('',#4420,2.12132034355964,1.5);
#1728=ELLIPSE('',#4427,2.12132034355964,1.5);
#1729=ELLIPSE('',#4444,20.4,17.15);
#1730=ELLIPSE('',#4459,20.4,17.15);
#1731=ELLIPSE('',#4462,2.12132034355964,1.5);
#1732=ELLIPSE('',#4471,2.12132034355964,1.5);
#1733=ELLIPSE('',#4478,2.12132034355964,1.5);
#1734=ELLIPSE('',#4485,2.12132034355964,1.5);
#1735=ELLIPSE('',#4502,20.4,17.15);
#1736=VERTEX_POINT('',#5225);
#1737=VERTEX_POINT('',#5226);
#1738=VERTEX_POINT('',#5228);
#1739=VERTEX_POINT('',#5230);
#1740=VERTEX_POINT('',#5234);
#1741=VERTEX_POINT('',#5236);
#1742=VERTEX_POINT('',#5240);
#1743=VERTEX_POINT('',#5242);
#1744=VERTEX_POINT('',#5244);
#1745=VERTEX_POINT('',#5246);
#1746=VERTEX_POINT('',#5248);
#1747=VERTEX_POINT('',#5250);
#1748=VERTEX_POINT('',#5252);
#1749=VERTEX_POINT('',#5254);
#1750=VERTEX_POINT('',#5256);
#1751=VERTEX_POINT('',#5260);
#1752=VERTEX_POINT('',#5262);
#1753=VERTEX_POINT('',#5264);
#1754=VERTEX_POINT('',#5266);
#1755=VERTEX_POINT('',#5268);
#1756=VERTEX_POINT('',#5270);
#1757=VERTEX_POINT('',#5272);
#1758=VERTEX_POINT('',#5274);
#1759=VERTEX_POINT('',#5276);
#1760=VERTEX_POINT('',#5292);
#1761=VERTEX_POINT('',#5294);
#1762=VERTEX_POINT('',#5300);
#1763=VERTEX_POINT('',#5305);
#1764=VERTEX_POINT('',#5333);
#1765=VERTEX_POINT('',#5335);
#1766=VERTEX_POINT('',#5358);
#1767=VERTEX_POINT('',#5360);
#1768=VERTEX_POINT('',#5486);
#1769=VERTEX_POINT('',#5487);
#1770=VERTEX_POINT('',#5555);
#1771=VERTEX_POINT('',#5557);
#1772=VERTEX_POINT('',#5570);
#1773=VERTEX_POINT('',#5575);
#1774=VERTEX_POINT('',#5584);
#1775=VERTEX_POINT('',#5597);
#1776=VERTEX_POINT('',#5602);
#1777=VERTEX_POINT('',#5613);
#1778=VERTEX_POINT('',#5628);
#1779=VERTEX_POINT('',#5633);
#1780=VERTEX_POINT('',#5644);
#1781=VERTEX_POINT('',#5657);
#1782=VERTEX_POINT('',#5671);
#1783=VERTEX_POINT('',#5674);
#1784=VERTEX_POINT('',#5675);
#1785=VERTEX_POINT('',#5677);
#1786=VERTEX_POINT('',#5679);
#1787=VERTEX_POINT('',#5683);
#1788=VERTEX_POINT('',#5685);
#1789=VERTEX_POINT('',#5738);
#1790=VERTEX_POINT('',#5739);
#1791=VERTEX_POINT('',#5816);
#1792=VERTEX_POINT('',#5828);
#1793=VERTEX_POINT('',#5891);
#1794=VERTEX_POINT('',#5892);
#1795=VERTEX_POINT('',#5964);
#1796=VERTEX_POINT('',#5975);
#1797=VERTEX_POINT('',#5988);
#1798=VERTEX_POINT('',#5989);
#1799=VERTEX_POINT('',#5991);
#1800=VERTEX_POINT('',#5993);
#1801=VERTEX_POINT('',#5997);
#1802=VERTEX_POINT('',#5999);
#1803=VERTEX_POINT('',#6052);
#1804=VERTEX_POINT('',#6053);
#1805=VERTEX_POINT('',#6120);
#1806=VERTEX_POINT('',#6130);
#1807=VERTEX_POINT('',#6142);
#1808=VERTEX_POINT('',#6143);
#1809=VERTEX_POINT('',#6145);
#1810=VERTEX_POINT('',#6147);
#1811=VERTEX_POINT('',#6151);
#1812=VERTEX_POINT('',#6153);
#1813=VERTEX_POINT('',#6211);
#1814=VERTEX_POINT('',#6223);
#1815=VERTEX_POINT('',#6286);
#1816=VERTEX_POINT('',#6287);
#1817=VERTEX_POINT('',#6366);
#1818=VERTEX_POINT('',#6367);
#1819=VERTEX_POINT('',#6369);
#1820=VERTEX_POINT('',#6371);
#1821=VERTEX_POINT('',#6375);
#1822=VERTEX_POINT('',#6377);
#1823=VERTEX_POINT('',#6595);
#1824=VERTEX_POINT('',#6597);
#1825=VERTEX_POINT('',#6772);
#1826=VERTEX_POINT('',#6774);
#1827=VERTEX_POINT('',#6776);
#1828=VERTEX_POINT('',#6778);
#1829=VERTEX_POINT('',#6780);
#1830=VERTEX_POINT('',#6782);
#1831=VERTEX_POINT('',#6784);
#1832=VERTEX_POINT('',#6786);
#1833=VERTEX_POINT('',#6788);
#1834=VERTEX_POINT('',#7128);
#1835=VERTEX_POINT('',#7132);
#1836=VERTEX_POINT('',#7136);
#1837=VERTEX_POINT('',#7140);
#1838=VERTEX_POINT('',#7144);
#1839=VERTEX_POINT('',#7148);
#1840=VERTEX_POINT('',#7152);
#1841=VERTEX_POINT('',#7156);
#1842=VERTEX_POINT('',#7160);
#1843=VERTEX_POINT('',#7164);
#1844=VERTEX_POINT('',#7294);
#1845=VERTEX_POINT('',#7295);
#1846=VERTEX_POINT('',#7357);
#1847=VERTEX_POINT('',#7359);
#1848=VERTEX_POINT('',#7372);
#1849=VERTEX_POINT('',#7377);
#1850=VERTEX_POINT('',#7386);
#1851=VERTEX_POINT('',#7399);
#1852=VERTEX_POINT('',#7404);
#1853=VERTEX_POINT('',#7415);
#1854=VERTEX_POINT('',#7430);
#1855=VERTEX_POINT('',#7435);
#1856=VERTEX_POINT('',#7446);
#1857=VERTEX_POINT('',#7459);
#1858=VERTEX_POINT('',#7473);
#1859=VERTEX_POINT('',#7476);
#1860=VERTEX_POINT('',#7477);
#1861=VERTEX_POINT('',#7479);
#1862=VERTEX_POINT('',#7481);
#1863=VERTEX_POINT('',#7485);
#1864=VERTEX_POINT('',#7487);
#1865=VERTEX_POINT('',#7540);
#1866=VERTEX_POINT('',#7541);
#1867=VERTEX_POINT('',#7618);
#1868=VERTEX_POINT('',#7630);
#1869=VERTEX_POINT('',#7693);
#1870=VERTEX_POINT('',#7694);
#1871=VERTEX_POINT('',#7766);
#1872=VERTEX_POINT('',#7777);
#1873=VERTEX_POINT('',#7790);
#1874=VERTEX_POINT('',#7791);
#1875=VERTEX_POINT('',#7793);
#1876=VERTEX_POINT('',#7795);
#1877=VERTEX_POINT('',#7799);
#1878=VERTEX_POINT('',#7801);
#1879=VERTEX_POINT('',#7854);
#1880=VERTEX_POINT('',#7855);
#1881=VERTEX_POINT('',#7922);
#1882=VERTEX_POINT('',#7932);
#1883=VERTEX_POINT('',#7944);
#1884=VERTEX_POINT('',#7945);
#1885=VERTEX_POINT('',#7947);
#1886=VERTEX_POINT('',#7949);
#1887=VERTEX_POINT('',#7953);
#1888=VERTEX_POINT('',#7955);
#1889=VERTEX_POINT('',#8013);
#1890=VERTEX_POINT('',#8025);
#1891=VERTEX_POINT('',#8088);
#1892=VERTEX_POINT('',#8089);
#1893=VERTEX_POINT('',#8168);
#1894=VERTEX_POINT('',#8169);
#1895=VERTEX_POINT('',#8171);
#1896=VERTEX_POINT('',#8173);
#1897=VERTEX_POINT('',#8177);
#1898=VERTEX_POINT('',#8179);
#1899=VERTEX_POINT('',#8397);
#1900=VERTEX_POINT('',#8399);
#1901=VERTEX_POINT('',#8574);
#1902=VERTEX_POINT('',#8576);
#1903=VERTEX_POINT('',#8578);
#1904=VERTEX_POINT('',#8580);
#1905=VERTEX_POINT('',#8582);
#1906=VERTEX_POINT('',#8584);
#1907=VERTEX_POINT('',#8586);
#1908=VERTEX_POINT('',#8588);
#1909=VERTEX_POINT('',#8590);
#1910=VERTEX_POINT('',#8930);
#1911=VERTEX_POINT('',#8934);
#1912=VERTEX_POINT('',#8938);
#1913=VERTEX_POINT('',#8942);
#1914=VERTEX_POINT('',#8946);
#1915=VERTEX_POINT('',#8950);
#1916=VERTEX_POINT('',#8954);
#1917=VERTEX_POINT('',#8958);
#1918=VERTEX_POINT('',#8962);
#1919=VERTEX_POINT('',#8966);
#1920=VERTEX_POINT('',#8997);
#1921=VERTEX_POINT('',#8998);
#1922=VERTEX_POINT('',#9002);
#1923=VERTEX_POINT('',#9004);
#1924=VERTEX_POINT('',#9015);
#1925=VERTEX_POINT('',#9019);
#1926=VERTEX_POINT('',#9030);
#1927=VERTEX_POINT('',#9034);
#1928=VERTEX_POINT('',#9045);
#1929=VERTEX_POINT('',#9049);
#1930=VERTEX_POINT('',#9060);
#1931=VERTEX_POINT('',#9064);
#1932=VERTEX_POINT('',#9073);
#1933=VERTEX_POINT('',#9074);
#1934=VERTEX_POINT('',#9076);
#1935=VERTEX_POINT('',#9078);
#1936=VERTEX_POINT('',#9087);
#1937=VERTEX_POINT('',#9091);
#1938=VERTEX_POINT('',#9102);
#1939=VERTEX_POINT('',#9106);
#1940=VERTEX_POINT('',#9117);
#1941=VERTEX_POINT('',#9121);
#1942=VERTEX_POINT('',#9132);
#1943=VERTEX_POINT('',#9136);
#1944=VERTEX_POINT('',#9147);
#1945=VERTEX_POINT('',#9151);
#1946=VERTEX_POINT('',#9162);
#1947=VERTEX_POINT('',#9166);
#1948=VERTEX_POINT('',#9177);
#1949=VERTEX_POINT('',#9181);
#1950=VERTEX_POINT('',#9192);
#1951=VERTEX_POINT('',#9196);
#1952=VERTEX_POINT('',#9202);
#1953=VERTEX_POINT('',#9204);
#1954=VERTEX_POINT('',#9213);
#1955=VERTEX_POINT('',#9217);
#1956=VERTEX_POINT('',#9228);
#1957=VERTEX_POINT('',#9232);
#1958=VERTEX_POINT('',#9238);
#1959=VERTEX_POINT('',#9240);
#1960=VERTEX_POINT('',#9249);
#1961=VERTEX_POINT('',#9253);
#1962=VERTEX_POINT('',#9264);
#1963=VERTEX_POINT('',#9268);
#1964=VERTEX_POINT('',#9279);
#1965=VERTEX_POINT('',#9283);
#1966=VERTEX_POINT('',#9294);
#1967=VERTEX_POINT('',#9298);
#1968=VERTEX_POINT('',#9309);
#1969=VERTEX_POINT('',#9313);
#1970=VERTEX_POINT('',#9324);
#1971=VERTEX_POINT('',#9328);
#1972=VERTEX_POINT('',#9334);
#1973=VERTEX_POINT('',#9336);
#1974=VERTEX_POINT('',#9354);
#1975=VERTEX_POINT('',#9355);
#1976=VERTEX_POINT('',#9357);
#1977=VERTEX_POINT('',#9359);
#1978=VERTEX_POINT('',#9368);
#1979=VERTEX_POINT('',#9372);
#1980=VERTEX_POINT('',#9383);
#1981=VERTEX_POINT('',#9387);
#1982=VERTEX_POINT('',#9398);
#1983=VERTEX_POINT('',#9402);
#1984=VERTEX_POINT('',#9413);
#1985=VERTEX_POINT('',#9417);
#1986=VERTEX_POINT('',#9428);
#1987=VERTEX_POINT('',#9432);
#1988=VERTEX_POINT('',#9438);
#1989=VERTEX_POINT('',#9440);
#1990=VERTEX_POINT('',#9449);
#1991=VERTEX_POINT('',#9453);
#1992=VERTEX_POINT('',#9464);
#1993=VERTEX_POINT('',#9468);
#1994=VERTEX_POINT('',#9479);
#1995=VERTEX_POINT('',#9483);
#1996=VERTEX_POINT('',#9494);
#1997=VERTEX_POINT('',#9498);
#1998=VERTEX_POINT('',#9509);
#1999=VERTEX_POINT('',#9513);
#2000=VERTEX_POINT('',#9524);
#2001=VERTEX_POINT('',#9528);
#2002=VERTEX_POINT('',#9548);
#2003=VERTEX_POINT('',#9549);
#2004=VERTEX_POINT('',#9551);
#2005=VERTEX_POINT('',#9553);
#2006=VERTEX_POINT('',#9557);
#2007=VERTEX_POINT('',#9559);
#2008=VERTEX_POINT('',#9568);
#2009=VERTEX_POINT('',#9572);
#2010=VERTEX_POINT('',#9583);
#2011=VERTEX_POINT('',#9587);
#2012=VERTEX_POINT('',#9598);
#2013=VERTEX_POINT('',#9602);
#2014=VERTEX_POINT('',#9613);
#2015=VERTEX_POINT('',#9617);
#2016=VERTEX_POINT('',#9623);
#2017=VERTEX_POINT('',#9625);
#2018=VERTEX_POINT('',#9629);
#2019=VERTEX_POINT('',#9631);
#2020=VERTEX_POINT('',#9635);
#2021=VERTEX_POINT('',#9637);
#2022=VERTEX_POINT('',#9641);
#2023=VERTEX_POINT('',#9643);
#2024=VERTEX_POINT('',#9647);
#2025=VERTEX_POINT('',#9649);
#2026=VERTEX_POINT('',#9658);
#2027=VERTEX_POINT('',#9662);
#2028=VERTEX_POINT('',#9673);
#2029=VERTEX_POINT('',#9677);
#2030=VERTEX_POINT('',#9688);
#2031=VERTEX_POINT('',#9692);
#2032=VERTEX_POINT('',#9703);
#2033=VERTEX_POINT('',#9707);
#2034=VERTEX_POINT('',#9723);
#2035=VERTEX_POINT('',#9724);
#2036=VERTEX_POINT('',#9728);
#2037=VERTEX_POINT('',#9730);
#2038=VERTEX_POINT('',#9741);
#2039=VERTEX_POINT('',#9745);
#2040=VERTEX_POINT('',#9756);
#2041=VERTEX_POINT('',#9760);
#2042=VERTEX_POINT('',#9771);
#2043=VERTEX_POINT('',#9775);
#2044=VERTEX_POINT('',#9786);
#2045=VERTEX_POINT('',#9790);
#2046=VERTEX_POINT('',#9801);
#2047=VERTEX_POINT('',#9805);
#2048=VERTEX_POINT('',#9816);
#2049=VERTEX_POINT('',#9820);
#2050=VERTEX_POINT('',#9843);
#2051=VERTEX_POINT('',#9844);
#2052=VERTEX_POINT('',#9848);
#2053=VERTEX_POINT('',#9850);
#2054=VERTEX_POINT('',#9861);
#2055=VERTEX_POINT('',#9865);
#2056=VERTEX_POINT('',#9876);
#2057=VERTEX_POINT('',#9880);
#2058=VERTEX_POINT('',#9891);
#2059=VERTEX_POINT('',#9895);
#2060=VERTEX_POINT('',#9906);
#2061=VERTEX_POINT('',#9910);
#2062=VERTEX_POINT('',#9921);
#2063=VERTEX_POINT('',#9925);
#2064=VERTEX_POINT('',#9936);
#2065=VERTEX_POINT('',#9940);
#2066=VERTEX_POINT('',#9951);
#2067=VERTEX_POINT('',#9955);
#2068=VERTEX_POINT('',#9975);
#2069=VERTEX_POINT('',#9976);
#2070=VERTEX_POINT('',#9978);
#2071=VERTEX_POINT('',#9980);
#2072=VERTEX_POINT('',#9989);
#2073=VERTEX_POINT('',#9993);
#2074=VERTEX_POINT('',#10004);
#2075=VERTEX_POINT('',#10008);
#2076=VERTEX_POINT('',#10019);
#2077=VERTEX_POINT('',#10023);
#2078=VERTEX_POINT('',#10034);
#2079=VERTEX_POINT('',#10038);
#2080=VERTEX_POINT('',#10049);
#2081=VERTEX_POINT('',#10053);
#2082=VERTEX_POINT('',#10064);
#2083=VERTEX_POINT('',#10068);
#2084=VERTEX_POINT('',#10079);
#2085=VERTEX_POINT('',#10083);
#2086=VERTEX_POINT('',#10094);
#2087=VERTEX_POINT('',#10098);
#2088=VERTEX_POINT('',#10109);
#2089=VERTEX_POINT('',#10113);
#2090=VERTEX_POINT('',#10124);
#2091=VERTEX_POINT('',#10128);
#2092=VERTEX_POINT('',#10134);
#2093=VERTEX_POINT('',#10136);
#2094=VERTEX_POINT('',#10145);
#2095=VERTEX_POINT('',#10149);
#2096=VERTEX_POINT('',#10160);
#2097=VERTEX_POINT('',#10164);
#2098=VERTEX_POINT('',#10175);
#2099=VERTEX_POINT('',#10179);
#2100=VERTEX_POINT('',#10190);
#2101=VERTEX_POINT('',#10194);
#2102=VERTEX_POINT('',#10205);
#2103=VERTEX_POINT('',#10209);
#2104=VERTEX_POINT('',#10220);
#2105=VERTEX_POINT('',#10224);
#2106=VERTEX_POINT('',#10235);
#2107=VERTEX_POINT('',#10239);
#2108=VERTEX_POINT('',#10250);
#2109=VERTEX_POINT('',#10254);
#2110=VERTEX_POINT('',#10265);
#2111=VERTEX_POINT('',#10269);
#2112=VERTEX_POINT('',#10289);
#2113=VERTEX_POINT('',#10290);
#2114=VERTEX_POINT('',#10292);
#2115=VERTEX_POINT('',#10294);
#2116=VERTEX_POINT('',#10303);
#2117=VERTEX_POINT('',#10307);
#2118=VERTEX_POINT('',#10318);
#2119=VERTEX_POINT('',#10322);
#2120=VERTEX_POINT('',#10333);
#2121=VERTEX_POINT('',#10337);
#2122=VERTEX_POINT('',#10343);
#2123=VERTEX_POINT('',#10345);
#2124=VERTEX_POINT('',#10354);
#2125=VERTEX_POINT('',#10358);
#2126=VERTEX_POINT('',#10369);
#2127=VERTEX_POINT('',#10373);
#2128=VERTEX_POINT('',#10384);
#2129=VERTEX_POINT('',#10388);
#2130=VERTEX_POINT('',#10399);
#2131=VERTEX_POINT('',#10403);
#2132=VERTEX_POINT('',#10409);
#2133=VERTEX_POINT('',#10411);
#2134=EDGE_CURVE('',#1736,#1737,#1708,.T.);
#2135=EDGE_CURVE('',#1737,#1738,#1142,.T.);
#2136=EDGE_CURVE('',#1738,#1739,#1709,.T.);
#2137=EDGE_CURVE('',#1739,#1736,#1143,.T.);
#2138=EDGE_CURVE('',#1740,#1737,#1144,.T.);
#2139=EDGE_CURVE('',#1741,#1740,#1145,.T.);
#2140=EDGE_CURVE('',#1741,#1738,#1146,.T.);
#2141=EDGE_CURVE('',#1736,#1742,#1147,.T.);
#2142=EDGE_CURVE('',#1743,#1742,#1710,.T.);
#2143=EDGE_CURVE('',#1743,#1744,#1148,.T.);
#2144=EDGE_CURVE('',#1744,#1745,#1711,.T.);
#2145=EDGE_CURVE('',#1745,#1746,#1149,.T.);
#2146=EDGE_CURVE('',#1746,#1747,#1712,.T.);
#2147=EDGE_CURVE('',#1747,#1748,#1150,.T.);
#2148=EDGE_CURVE('',#1748,#1749,#1713,.T.);
#2149=EDGE_CURVE('',#1749,#1750,#1151,.T.);
#2150=EDGE_CURVE('',#1750,#1740,#1714,.T.);
#2151=EDGE_CURVE('',#1741,#1751,#1715,.T.);
#2152=EDGE_CURVE('',#1751,#1752,#1152,.T.);
#2153=EDGE_CURVE('',#1752,#1753,#1716,.T.);
#2154=EDGE_CURVE('',#1754,#1753,#1153,.T.);
#2155=EDGE_CURVE('',#1754,#1755,#1717,.T.);
#2156=EDGE_CURVE('',#1755,#1756,#1154,.T.);
#2157=EDGE_CURVE('',#1756,#1757,#1718,.T.);
#2158=EDGE_CURVE('',#1757,#1758,#1155,.T.);
#2159=EDGE_CURVE('',#1758,#1759,#1719,.T.);
#2160=EDGE_CURVE('',#1759,#1739,#1156,.T.);
#2161=EDGE_CURVE('',#1742,#1759,#1157,.T.);
#2162=EDGE_CURVE('',#1758,#1743,#1158,.T.);
#2163=EDGE_CURVE('',#1755,#1746,#1159,.T.);
#2164=EDGE_CURVE('',#1756,#1745,#1160,.T.);
#2165=EDGE_CURVE('',#1754,#1747,#1161,.T.);
#2166=EDGE_CURVE('',#1753,#1748,#1162,.F.);
#2167=EDGE_CURVE('',#1752,#1749,#1163,.T.);
#2168=EDGE_CURVE('',#1760,#1759,#1164,.T.);
#2169=EDGE_CURVE('',#1761,#1760,#1165,.T.);
#2170=EDGE_CURVE('',#1739,#1761,#1166,.T.);
#2171=EDGE_CURVE('',#1751,#1750,#1167,.T.);
#2172=EDGE_CURVE('',#1762,#1742,#1168,.T.);
#2173=EDGE_CURVE('',#1760,#1762,#1169,.T.);
#2174=EDGE_CURVE('',#1736,#1763,#1170,.T.);
#2175=EDGE_CURVE('',#1763,#1762,#1171,.T.);
#2176=EDGE_CURVE('',#1761,#1763,#1172,.T.);
#2177=EDGE_CURVE('',#1757,#1744,#1173,.F.);
#2178=EDGE_CURVE('',#1764,#1764,#1720,.T.);
#2179=EDGE_CURVE('',#1764,#1765,#1174,.T.);
#2180=EDGE_CURVE('',#1765,#1765,#1721,.T.);
#2181=EDGE_CURVE('',#1766,#1766,#1722,.T.);
#2182=EDGE_CURVE('',#1766,#1767,#1175,.T.);
#2183=EDGE_CURVE('',#1767,#1767,#1723,.T.);
#2184=EDGE_CURVE('',#1768,#1769,#301,.T.);
#2185=EDGE_CURVE('',#1769,#1769,#29,.T.);
#2186=EDGE_CURVE('',#1768,#1768,#30,.T.);
#2187=EDGE_CURVE('',#1769,#1770,#1176,.T.);
#2188=EDGE_CURVE('',#1771,#1770,#31,.T.);
#2189=EDGE_CURVE('',#1772,#1771,#32,.T.);
#2190=EDGE_CURVE('',#1773,#1772,#33,.T.);
#2191=EDGE_CURVE('',#1774,#1773,#34,.T.);
#2192=EDGE_CURVE('',#1775,#1774,#35,.T.);
#2193=EDGE_CURVE('',#1776,#1775,#36,.T.);
#2194=EDGE_CURVE('',#1777,#1776,#37,.T.);
#2195=EDGE_CURVE('',#1778,#1777,#38,.T.);
#2196=EDGE_CURVE('',#1779,#1778,#39,.T.);
#2197=EDGE_CURVE('',#1780,#1779,#40,.T.);
#2198=EDGE_CURVE('',#1781,#1780,#41,.T.);
#2199=EDGE_CURVE('',#1770,#1781,#42,.T.);
#2200=EDGE_CURVE('',#1782,#1782,#1724,.T.);
#2201=EDGE_CURVE('',#1783,#1784,#1177,.T.);
#2202=EDGE_CURVE('',#1784,#1785,#302,.T.);
#2203=EDGE_CURVE('',#1785,#1786,#1178,.T.);
#2204=EDGE_CURVE('',#1786,#1783,#1725,.T.);
#2205=EDGE_CURVE('',#1786,#1787,#1179,.T.);
#2206=EDGE_CURVE('',#1787,#1788,#303,.T.);
#2207=EDGE_CURVE('',#1788,#1783,#1180,.T.);
#2208=EDGE_CURVE('',#1789,#1790,#304,.T.);
#2209=EDGE_CURVE('',#1790,#1773,#43,.T.);
#2210=EDGE_CURVE('',#1773,#1789,#44,.T.);
#2211=EDGE_CURVE('',#1791,#1773,#45,.T.);
#2212=EDGE_CURVE('',#1773,#1792,#46,.T.);
#2213=EDGE_CURVE('',#1792,#1791,#305,.T.);
#2214=EDGE_CURVE('',#1793,#1794,#306,.T.);
#2215=EDGE_CURVE('',#1794,#1776,#47,.T.);
#2216=EDGE_CURVE('',#1776,#1793,#48,.T.);
#2217=EDGE_CURVE('',#1795,#1776,#49,.T.);
#2218=EDGE_CURVE('',#1776,#1796,#50,.T.);
#2219=EDGE_CURVE('',#1796,#1795,#307,.T.);
#2220=EDGE_CURVE('',#1797,#1798,#1181,.T.);
#2221=EDGE_CURVE('',#1798,#1799,#308,.T.);
#2222=EDGE_CURVE('',#1799,#1800,#1182,.T.);
#2223=EDGE_CURVE('',#1800,#1797,#1726,.T.);
#2224=EDGE_CURVE('',#1800,#1801,#1183,.T.);
#2225=EDGE_CURVE('',#1801,#1802,#309,.T.);
#2226=EDGE_CURVE('',#1802,#1797,#1184,.T.);
#2227=EDGE_CURVE('',#1803,#1804,#310,.T.);
#2228=EDGE_CURVE('',#1804,#1770,#51,.T.);
#2229=EDGE_CURVE('',#1770,#1803,#52,.T.);
#2230=EDGE_CURVE('',#1805,#1770,#53,.T.);
#2231=EDGE_CURVE('',#1770,#1806,#54,.T.);
#2232=EDGE_CURVE('',#1806,#1805,#311,.T.);
#2233=EDGE_CURVE('',#1807,#1808,#1185,.T.);
#2234=EDGE_CURVE('',#1808,#1809,#312,.T.);
#2235=EDGE_CURVE('',#1809,#1810,#1186,.T.);
#2236=EDGE_CURVE('',#1810,#1807,#1727,.T.);
#2237=EDGE_CURVE('',#1810,#1811,#1187,.T.);
#2238=EDGE_CURVE('',#1811,#1812,#313,.T.);
#2239=EDGE_CURVE('',#1812,#1807,#1188,.T.);
#2240=EDGE_CURVE('',#1813,#1779,#55,.T.);
#2241=EDGE_CURVE('',#1779,#1814,#56,.T.);
#2242=EDGE_CURVE('',#1814,#1813,#314,.T.);
#2243=EDGE_CURVE('',#1815,#1816,#315,.T.);
#2244=EDGE_CURVE('',#1816,#1779,#57,.T.);
#2245=EDGE_CURVE('',#1779,#1815,#58,.T.);
#2246=EDGE_CURVE('',#1814,#1812,#59,.T.);
#2247=EDGE_CURVE('',#1811,#1813,#60,.T.);
#2248=EDGE_CURVE('',#1808,#1804,#61,.T.);
#2249=EDGE_CURVE('',#1803,#1809,#62,.T.);
#2250=EDGE_CURVE('',#1817,#1818,#1189,.T.);
#2251=EDGE_CURVE('',#1818,#1819,#316,.T.);
#2252=EDGE_CURVE('',#1819,#1820,#1190,.T.);
#2253=EDGE_CURVE('',#1820,#1817,#1728,.T.);
#2254=EDGE_CURVE('',#1820,#1821,#1191,.T.);
#2255=EDGE_CURVE('',#1821,#1822,#317,.T.);
#2256=EDGE_CURVE('',#1822,#1817,#1192,.T.);
#2257=EDGE_CURVE('',#1821,#1816,#63,.T.);
#2258=EDGE_CURVE('',#1815,#1822,#64,.T.);
#2259=EDGE_CURVE('',#1806,#1802,#65,.T.);
#2260=EDGE_CURVE('',#1801,#1805,#66,.T.);
#2261=EDGE_CURVE('',#1818,#1794,#67,.T.);
#2262=EDGE_CURVE('',#1793,#1819,#68,.T.);
#2263=EDGE_CURVE('',#1798,#1790,#69,.T.);
#2264=EDGE_CURVE('',#1789,#1799,#70,.T.);
#2265=EDGE_CURVE('',#1796,#1785,#71,.T.);
#2266=EDGE_CURVE('',#1784,#1795,#72,.T.);
#2267=EDGE_CURVE('',#1792,#1788,#73,.T.);
#2268=EDGE_CURVE('',#1787,#1791,#74,.T.);
#2269=EDGE_CURVE('',#1801,#1799,#75,.T.);
#2270=EDGE_CURVE('',#1789,#1772,#318,.T.);
#2271=EDGE_CURVE('',#1823,#1807,#1193,.T.);
#2272=EDGE_CURVE('',#1824,#1823,#1194,.T.);
#2273=EDGE_CURVE('',#1797,#1824,#1195,.T.);
#2274=EDGE_CURVE('',#1774,#1791,#319,.T.);
#2275=EDGE_CURVE('',#1787,#1785,#76,.T.);
#2276=EDGE_CURVE('',#1815,#1778,#320,.T.);
#2277=EDGE_CURVE('',#1777,#1794,#321,.T.);
#2278=EDGE_CURVE('',#1818,#1822,#77,.T.);
#2279=EDGE_CURVE('',#1796,#1775,#322,.T.);
#2280=EDGE_CURVE('',#1820,#1825,#1196,.T.);
#2281=EDGE_CURVE('',#1825,#1826,#1197,.T.);
#2282=EDGE_CURVE('',#1826,#1827,#1198,.T.);
#2283=EDGE_CURVE('',#1827,#1828,#1199,.T.);
#2284=EDGE_CURVE('',#1828,#1829,#1200,.T.);
#2285=EDGE_CURVE('',#1829,#1830,#1201,.T.);
#2286=EDGE_CURVE('',#1830,#1831,#1202,.T.);
#2287=EDGE_CURVE('',#1831,#1832,#1203,.T.);
#2288=EDGE_CURVE('',#1832,#1833,#1204,.T.);
#2289=EDGE_CURVE('',#1833,#1823,#1205,.T.);
#2290=EDGE_CURVE('',#1771,#1805,#323,.T.);
#2291=EDGE_CURVE('',#1803,#1781,#324,.T.);
#2292=EDGE_CURVE('',#1780,#1813,#325,.T.);
#2293=EDGE_CURVE('',#1811,#1809,#78,.T.);
#2294=EDGE_CURVE('',#1834,#1834,#1729,.T.);
#2295=EDGE_CURVE('',#1835,#1824,#1206,.T.);
#2296=EDGE_CURVE('',#1835,#1833,#1207,.T.);
#2297=EDGE_CURVE('',#1836,#1835,#1208,.T.);
#2298=EDGE_CURVE('',#1836,#1832,#1209,.T.);
#2299=EDGE_CURVE('',#1837,#1836,#1210,.T.);
#2300=EDGE_CURVE('',#1837,#1831,#1211,.T.);
#2301=EDGE_CURVE('',#1838,#1837,#1212,.T.);
#2302=EDGE_CURVE('',#1838,#1830,#1213,.T.);
#2303=EDGE_CURVE('',#1839,#1838,#1214,.T.);
#2304=EDGE_CURVE('',#1839,#1829,#1215,.T.);
#2305=EDGE_CURVE('',#1840,#1839,#1216,.T.);
#2306=EDGE_CURVE('',#1840,#1828,#1217,.T.);
#2307=EDGE_CURVE('',#1841,#1840,#1218,.T.);
#2308=EDGE_CURVE('',#1841,#1827,#1219,.T.);
#2309=EDGE_CURVE('',#1842,#1841,#1220,.T.);
#2310=EDGE_CURVE('',#1842,#1826,#1221,.T.);
#2311=EDGE_CURVE('',#1843,#1842,#1222,.T.);
#2312=EDGE_CURVE('',#1843,#1825,#1223,.T.);
#2313=EDGE_CURVE('',#1783,#1843,#1224,.T.);
#2314=EDGE_CURVE('',#1782,#1834,#1225,.T.);
#2315=EDGE_CURVE('',#1844,#1845,#326,.T.);
#2316=EDGE_CURVE('',#1845,#1845,#79,.T.);
#2317=EDGE_CURVE('',#1844,#1844,#80,.T.);
#2318=EDGE_CURVE('',#1845,#1846,#1226,.T.);
#2319=EDGE_CURVE('',#1847,#1846,#81,.T.);
#2320=EDGE_CURVE('',#1848,#1847,#82,.T.);
#2321=EDGE_CURVE('',#1849,#1848,#83,.T.);
#2322=EDGE_CURVE('',#1850,#1849,#84,.T.);
#2323=EDGE_CURVE('',#1851,#1850,#85,.T.);
#2324=EDGE_CURVE('',#1852,#1851,#86,.T.);
#2325=EDGE_CURVE('',#1853,#1852,#87,.T.);
#2326=EDGE_CURVE('',#1854,#1853,#88,.T.);
#2327=EDGE_CURVE('',#1855,#1854,#89,.T.);
#2328=EDGE_CURVE('',#1856,#1855,#90,.T.);
#2329=EDGE_CURVE('',#1857,#1856,#91,.T.);
#2330=EDGE_CURVE('',#1846,#1857,#92,.T.);
#2331=EDGE_CURVE('',#1858,#1858,#1730,.T.);
#2332=EDGE_CURVE('',#1859,#1860,#1227,.T.);
#2333=EDGE_CURVE('',#1860,#1861,#327,.T.);
#2334=EDGE_CURVE('',#1861,#1862,#1228,.T.);
#2335=EDGE_CURVE('',#1862,#1859,#1731,.T.);
#2336=EDGE_CURVE('',#1862,#1863,#1229,.T.);
#2337=EDGE_CURVE('',#1863,#1864,#328,.T.);
#2338=EDGE_CURVE('',#1864,#1859,#1230,.T.);
#2339=EDGE_CURVE('',#1865,#1866,#329,.T.);
#2340=EDGE_CURVE('',#1866,#1849,#93,.T.);
#2341=EDGE_CURVE('',#1849,#1865,#94,.T.);
#2342=EDGE_CURVE('',#1867,#1849,#95,.T.);
#2343=EDGE_CURVE('',#1849,#1868,#96,.T.);
#2344=EDGE_CURVE('',#1868,#1867,#330,.T.);
#2345=EDGE_CURVE('',#1869,#1870,#331,.T.);
#2346=EDGE_CURVE('',#1870,#1852,#97,.T.);
#2347=EDGE_CURVE('',#1852,#1869,#98,.T.);
#2348=EDGE_CURVE('',#1871,#1852,#99,.T.);
#2349=EDGE_CURVE('',#1852,#1872,#100,.T.);
#2350=EDGE_CURVE('',#1872,#1871,#332,.T.);
#2351=EDGE_CURVE('',#1873,#1874,#1231,.T.);
#2352=EDGE_CURVE('',#1874,#1875,#333,.T.);
#2353=EDGE_CURVE('',#1875,#1876,#1232,.T.);
#2354=EDGE_CURVE('',#1876,#1873,#1732,.T.);
#2355=EDGE_CURVE('',#1876,#1877,#1233,.T.);
#2356=EDGE_CURVE('',#1877,#1878,#334,.T.);
#2357=EDGE_CURVE('',#1878,#1873,#1234,.T.);
#2358=EDGE_CURVE('',#1879,#1880,#335,.T.);
#2359=EDGE_CURVE('',#1880,#1846,#101,.T.);
#2360=EDGE_CURVE('',#1846,#1879,#102,.T.);
#2361=EDGE_CURVE('',#1881,#1846,#103,.T.);
#2362=EDGE_CURVE('',#1846,#1882,#104,.T.);
#2363=EDGE_CURVE('',#1882,#1881,#336,.T.);
#2364=EDGE_CURVE('',#1883,#1884,#1235,.T.);
#2365=EDGE_CURVE('',#1884,#1885,#337,.T.);
#2366=EDGE_CURVE('',#1885,#1886,#1236,.T.);
#2367=EDGE_CURVE('',#1886,#1883,#1733,.T.);
#2368=EDGE_CURVE('',#1886,#1887,#1237,.T.);
#2369=EDGE_CURVE('',#1887,#1888,#338,.T.);
#2370=EDGE_CURVE('',#1888,#1883,#1238,.T.);
#2371=EDGE_CURVE('',#1889,#1855,#105,.T.);
#2372=EDGE_CURVE('',#1855,#1890,#106,.T.);
#2373=EDGE_CURVE('',#1890,#1889,#339,.T.);
#2374=EDGE_CURVE('',#1891,#1892,#340,.T.);
#2375=EDGE_CURVE('',#1892,#1855,#107,.T.);
#2376=EDGE_CURVE('',#1855,#1891,#108,.T.);
#2377=EDGE_CURVE('',#1890,#1888,#109,.T.);
#2378=EDGE_CURVE('',#1887,#1889,#110,.T.);
#2379=EDGE_CURVE('',#1884,#1880,#111,.T.);
#2380=EDGE_CURVE('',#1879,#1885,#112,.T.);
#2381=EDGE_CURVE('',#1893,#1894,#1239,.T.);
#2382=EDGE_CURVE('',#1894,#1895,#341,.T.);
#2383=EDGE_CURVE('',#1895,#1896,#1240,.T.);
#2384=EDGE_CURVE('',#1896,#1893,#1734,.T.);
#2385=EDGE_CURVE('',#1896,#1897,#1241,.T.);
#2386=EDGE_CURVE('',#1897,#1898,#342,.T.);
#2387=EDGE_CURVE('',#1898,#1893,#1242,.T.);
#2388=EDGE_CURVE('',#1897,#1892,#113,.T.);
#2389=EDGE_CURVE('',#1891,#1898,#114,.T.);
#2390=EDGE_CURVE('',#1882,#1878,#115,.T.);
#2391=EDGE_CURVE('',#1877,#1881,#116,.T.);
#2392=EDGE_CURVE('',#1894,#1870,#117,.T.);
#2393=EDGE_CURVE('',#1869,#1895,#118,.T.);
#2394=EDGE_CURVE('',#1874,#1866,#119,.T.);
#2395=EDGE_CURVE('',#1865,#1875,#120,.T.);
#2396=EDGE_CURVE('',#1872,#1861,#121,.T.);
#2397=EDGE_CURVE('',#1860,#1871,#122,.T.);
#2398=EDGE_CURVE('',#1868,#1864,#123,.T.);
#2399=EDGE_CURVE('',#1863,#1867,#124,.T.);
#2400=EDGE_CURVE('',#1877,#1875,#125,.T.);
#2401=EDGE_CURVE('',#1865,#1848,#343,.T.);
#2402=EDGE_CURVE('',#1899,#1883,#1243,.T.);
#2403=EDGE_CURVE('',#1900,#1899,#1244,.T.);
#2404=EDGE_CURVE('',#1873,#1900,#1245,.T.);
#2405=EDGE_CURVE('',#1850,#1867,#344,.T.);
#2406=EDGE_CURVE('',#1863,#1861,#126,.T.);
#2407=EDGE_CURVE('',#1891,#1854,#345,.T.);
#2408=EDGE_CURVE('',#1853,#1870,#346,.T.);
#2409=EDGE_CURVE('',#1894,#1898,#127,.T.);
#2410=EDGE_CURVE('',#1872,#1851,#347,.T.);
#2411=EDGE_CURVE('',#1896,#1901,#1246,.T.);
#2412=EDGE_CURVE('',#1901,#1902,#1247,.T.);
#2413=EDGE_CURVE('',#1902,#1903,#1248,.T.);
#2414=EDGE_CURVE('',#1903,#1904,#1249,.T.);
#2415=EDGE_CURVE('',#1904,#1905,#1250,.T.);
#2416=EDGE_CURVE('',#1905,#1906,#1251,.T.);
#2417=EDGE_CURVE('',#1906,#1907,#1252,.T.);
#2418=EDGE_CURVE('',#1907,#1908,#1253,.T.);
#2419=EDGE_CURVE('',#1908,#1909,#1254,.T.);
#2420=EDGE_CURVE('',#1909,#1899,#1255,.T.);
#2421=EDGE_CURVE('',#1847,#1881,#348,.T.);
#2422=EDGE_CURVE('',#1879,#1857,#349,.T.);
#2423=EDGE_CURVE('',#1856,#1889,#350,.T.);
#2424=EDGE_CURVE('',#1887,#1885,#128,.T.);
#2425=EDGE_CURVE('',#1910,#1910,#1735,.T.);
#2426=EDGE_CURVE('',#1911,#1900,#1256,.T.);
#2427=EDGE_CURVE('',#1911,#1909,#1257,.T.);
#2428=EDGE_CURVE('',#1912,#1911,#1258,.T.);
#2429=EDGE_CURVE('',#1912,#1908,#1259,.T.);
#2430=EDGE_CURVE('',#1913,#1912,#1260,.T.);
#2431=EDGE_CURVE('',#1913,#1907,#1261,.T.);
#2432=EDGE_CURVE('',#1914,#1913,#1262,.T.);
#2433=EDGE_CURVE('',#1914,#1906,#1263,.T.);
#2434=EDGE_CURVE('',#1915,#1914,#1264,.T.);
#2435=EDGE_CURVE('',#1915,#1905,#1265,.T.);
#2436=EDGE_CURVE('',#1916,#1915,#1266,.T.);
#2437=EDGE_CURVE('',#1916,#1904,#1267,.T.);
#2438=EDGE_CURVE('',#1917,#1916,#1268,.T.);
#2439=EDGE_CURVE('',#1917,#1903,#1269,.T.);
#2440=EDGE_CURVE('',#1918,#1917,#1270,.T.);
#2441=EDGE_CURVE('',#1918,#1902,#1271,.T.);
#2442=EDGE_CURVE('',#1919,#1918,#1272,.T.);
#2443=EDGE_CURVE('',#1919,#1901,#1273,.T.);
#2444=EDGE_CURVE('',#1859,#1919,#1274,.T.);
#2445=EDGE_CURVE('',#1858,#1910,#1275,.T.);
#2446=EDGE_CURVE('',#1920,#1921,#129,.T.);
#2447=EDGE_CURVE('',#1920,#1922,#1276,.T.);
#2448=EDGE_CURVE('',#1923,#1922,#130,.T.);
#2449=EDGE_CURVE('',#1921,#1923,#1277,.T.);
#2450=EDGE_CURVE('',#1921,#1924,#131,.T.);
#2451=EDGE_CURVE('',#1925,#1923,#132,.T.);
#2452=EDGE_CURVE('',#1924,#1925,#1278,.T.);
#2453=EDGE_CURVE('',#1924,#1926,#133,.T.);
#2454=EDGE_CURVE('',#1927,#1925,#134,.T.);
#2455=EDGE_CURVE('',#1926,#1927,#1279,.T.);
#2456=EDGE_CURVE('',#1926,#1928,#135,.T.);
#2457=EDGE_CURVE('',#1929,#1927,#136,.T.);
#2458=EDGE_CURVE('',#1928,#1929,#1280,.T.);
#2459=EDGE_CURVE('',#1928,#1930,#137,.T.);
#2460=EDGE_CURVE('',#1931,#1929,#138,.T.);
#2461=EDGE_CURVE('',#1930,#1931,#1281,.T.);
#2462=EDGE_CURVE('',#1930,#1920,#1282,.T.);
#2463=EDGE_CURVE('',#1922,#1931,#1283,.T.);
#2464=EDGE_CURVE('',#1932,#1933,#1284,.T.);
#2465=EDGE_CURVE('',#1932,#1934,#1285,.T.);
#2466=EDGE_CURVE('',#1935,#1934,#1286,.T.);
#2467=EDGE_CURVE('',#1933,#1935,#1287,.T.);
#2468=EDGE_CURVE('',#1933,#1936,#139,.T.);
#2469=EDGE_CURVE('',#1937,#1935,#140,.T.);
#2470=EDGE_CURVE('',#1936,#1937,#1288,.T.);
#2471=EDGE_CURVE('',#1936,#1938,#141,.T.);
#2472=EDGE_CURVE('',#1939,#1937,#142,.T.);
#2473=EDGE_CURVE('',#1938,#1939,#1289,.T.);
#2474=EDGE_CURVE('',#1938,#1940,#143,.T.);
#2475=EDGE_CURVE('',#1941,#1939,#144,.T.);
#2476=EDGE_CURVE('',#1940,#1941,#1290,.T.);
#2477=EDGE_CURVE('',#1940,#1942,#145,.T.);
#2478=EDGE_CURVE('',#1943,#1941,#146,.T.);
#2479=EDGE_CURVE('',#1942,#1943,#1291,.T.);
#2480=EDGE_CURVE('',#1942,#1944,#147,.T.);
#2481=EDGE_CURVE('',#1945,#1943,#148,.T.);
#2482=EDGE_CURVE('',#1944,#1945,#1292,.T.);
#2483=EDGE_CURVE('',#1944,#1946,#149,.T.);
#2484=EDGE_CURVE('',#1947,#1945,#150,.T.);
#2485=EDGE_CURVE('',#1946,#1947,#1293,.T.);
#2486=EDGE_CURVE('',#1946,#1948,#151,.T.);
#2487=EDGE_CURVE('',#1949,#1947,#152,.T.);
#2488=EDGE_CURVE('',#1948,#1949,#1294,.T.);
#2489=EDGE_CURVE('',#1948,#1950,#153,.T.);
#2490=EDGE_CURVE('',#1951,#1949,#154,.T.);
#2491=EDGE_CURVE('',#1950,#1951,#1295,.T.);
#2492=EDGE_CURVE('',#1950,#1952,#1296,.T.);
#2493=EDGE_CURVE('',#1953,#1951,#1297,.T.);
#2494=EDGE_CURVE('',#1952,#1953,#1298,.T.);
#2495=EDGE_CURVE('',#1952,#1954,#155,.T.);
#2496=EDGE_CURVE('',#1955,#1953,#156,.T.);
#2497=EDGE_CURVE('',#1954,#1955,#1299,.T.);
#2498=EDGE_CURVE('',#1954,#1956,#157,.T.);
#2499=EDGE_CURVE('',#1957,#1955,#158,.T.);
#2500=EDGE_CURVE('',#1956,#1957,#1300,.T.);
#2501=EDGE_CURVE('',#1956,#1958,#1301,.T.);
#2502=EDGE_CURVE('',#1959,#1957,#1302,.T.);
#2503=EDGE_CURVE('',#1958,#1959,#1303,.T.);
#2504=EDGE_CURVE('',#1958,#1960,#159,.T.);
#2505=EDGE_CURVE('',#1961,#1959,#160,.T.);
#2506=EDGE_CURVE('',#1960,#1961,#1304,.T.);
#2507=EDGE_CURVE('',#1960,#1962,#161,.T.);
#2508=EDGE_CURVE('',#1963,#1961,#162,.T.);
#2509=EDGE_CURVE('',#1962,#1963,#1305,.T.);
#2510=EDGE_CURVE('',#1962,#1964,#163,.T.);
#2511=EDGE_CURVE('',#1965,#1963,#164,.T.);
#2512=EDGE_CURVE('',#1964,#1965,#1306,.T.);
#2513=EDGE_CURVE('',#1964,#1966,#165,.T.);
#2514=EDGE_CURVE('',#1967,#1965,#166,.T.);
#2515=EDGE_CURVE('',#1966,#1967,#1307,.T.);
#2516=EDGE_CURVE('',#1966,#1968,#167,.T.);
#2517=EDGE_CURVE('',#1969,#1967,#168,.T.);
#2518=EDGE_CURVE('',#1968,#1969,#1308,.T.);
#2519=EDGE_CURVE('',#1968,#1970,#169,.T.);
#2520=EDGE_CURVE('',#1971,#1969,#170,.T.);
#2521=EDGE_CURVE('',#1970,#1971,#1309,.T.);
#2522=EDGE_CURVE('',#1970,#1972,#1310,.T.);
#2523=EDGE_CURVE('',#1973,#1971,#1311,.T.);
#2524=EDGE_CURVE('',#1972,#1973,#1312,.T.);
#2525=EDGE_CURVE('',#1972,#1932,#171,.T.);
#2526=EDGE_CURVE('',#1934,#1973,#172,.T.);
#2527=EDGE_CURVE('',#1974,#1975,#1313,.T.);
#2528=EDGE_CURVE('',#1974,#1976,#1314,.T.);
#2529=EDGE_CURVE('',#1977,#1976,#1315,.T.);
#2530=EDGE_CURVE('',#1975,#1977,#1316,.T.);
#2531=EDGE_CURVE('',#1975,#1978,#173,.T.);
#2532=EDGE_CURVE('',#1979,#1977,#174,.T.);
#2533=EDGE_CURVE('',#1978,#1979,#1317,.T.);
#2534=EDGE_CURVE('',#1978,#1980,#175,.T.);
#2535=EDGE_CURVE('',#1981,#1979,#176,.T.);
#2536=EDGE_CURVE('',#1980,#1981,#1318,.T.);
#2537=EDGE_CURVE('',#1980,#1982,#177,.T.);
#2538=EDGE_CURVE('',#1983,#1981,#178,.T.);
#2539=EDGE_CURVE('',#1982,#1983,#1319,.T.);
#2540=EDGE_CURVE('',#1982,#1984,#179,.T.);
#2541=EDGE_CURVE('',#1985,#1983,#180,.T.);
#2542=EDGE_CURVE('',#1984,#1985,#1320,.T.);
#2543=EDGE_CURVE('',#1984,#1986,#181,.T.);
#2544=EDGE_CURVE('',#1987,#1985,#182,.T.);
#2545=EDGE_CURVE('',#1986,#1987,#1321,.T.);
#2546=EDGE_CURVE('',#1986,#1988,#1322,.T.);
#2547=EDGE_CURVE('',#1989,#1987,#1323,.T.);
#2548=EDGE_CURVE('',#1988,#1989,#1324,.T.);
#2549=EDGE_CURVE('',#1988,#1990,#183,.T.);
#2550=EDGE_CURVE('',#1991,#1989,#184,.T.);
#2551=EDGE_CURVE('',#1990,#1991,#1325,.T.);
#2552=EDGE_CURVE('',#1990,#1992,#185,.T.);
#2553=EDGE_CURVE('',#1993,#1991,#186,.T.);
#2554=EDGE_CURVE('',#1992,#1993,#1326,.T.);
#2555=EDGE_CURVE('',#1992,#1994,#187,.T.);
#2556=EDGE_CURVE('',#1995,#1993,#188,.T.);
#2557=EDGE_CURVE('',#1994,#1995,#1327,.T.);
#2558=EDGE_CURVE('',#1994,#1996,#189,.T.);
#2559=EDGE_CURVE('',#1997,#1995,#190,.T.);
#2560=EDGE_CURVE('',#1996,#1997,#1328,.T.);
#2561=EDGE_CURVE('',#1996,#1998,#191,.T.);
#2562=EDGE_CURVE('',#1999,#1997,#192,.T.);
#2563=EDGE_CURVE('',#1998,#1999,#1329,.T.);
#2564=EDGE_CURVE('',#1998,#2000,#193,.T.);
#2565=EDGE_CURVE('',#2001,#1999,#194,.T.);
#2566=EDGE_CURVE('',#2000,#2001,#1330,.T.);
#2567=EDGE_CURVE('',#2000,#1974,#195,.T.);
#2568=EDGE_CURVE('',#1976,#2001,#196,.T.);
#2569=EDGE_CURVE('',#2002,#2003,#1331,.T.);
#2570=EDGE_CURVE('',#2002,#2004,#1332,.T.);
#2571=EDGE_CURVE('',#2005,#2004,#1333,.T.);
#2572=EDGE_CURVE('',#2003,#2005,#1334,.T.);
#2573=EDGE_CURVE('',#2003,#2006,#1335,.T.);
#2574=EDGE_CURVE('',#2007,#2005,#1336,.T.);
#2575=EDGE_CURVE('',#2006,#2007,#1337,.T.);
#2576=EDGE_CURVE('',#2006,#2008,#197,.T.);
#2577=EDGE_CURVE('',#2009,#2007,#198,.T.);
#2578=EDGE_CURVE('',#2008,#2009,#1338,.T.);
#2579=EDGE_CURVE('',#2008,#2010,#199,.T.);
#2580=EDGE_CURVE('',#2011,#2009,#200,.T.);
#2581=EDGE_CURVE('',#2010,#2011,#1339,.T.);
#2582=EDGE_CURVE('',#2010,#2012,#201,.T.);
#2583=EDGE_CURVE('',#2013,#2011,#202,.T.);
#2584=EDGE_CURVE('',#2012,#2013,#1340,.T.);
#2585=EDGE_CURVE('',#2012,#2014,#203,.T.);
#2586=EDGE_CURVE('',#2015,#2013,#204,.T.);
#2587=EDGE_CURVE('',#2014,#2015,#1341,.T.);
#2588=EDGE_CURVE('',#2014,#2016,#1342,.T.);
#2589=EDGE_CURVE('',#2017,#2015,#1343,.T.);
#2590=EDGE_CURVE('',#2016,#2017,#1344,.T.);
#2591=EDGE_CURVE('',#2016,#2018,#1345,.T.);
#2592=EDGE_CURVE('',#2019,#2017,#1346,.T.);
#2593=EDGE_CURVE('',#2018,#2019,#1347,.T.);
#2594=EDGE_CURVE('',#2018,#2020,#1348,.T.);
#2595=EDGE_CURVE('',#2021,#2019,#1349,.T.);
#2596=EDGE_CURVE('',#2020,#2021,#1350,.T.);
#2597=EDGE_CURVE('',#2020,#2022,#1351,.T.);
#2598=EDGE_CURVE('',#2023,#2021,#1352,.T.);
#2599=EDGE_CURVE('',#2022,#2023,#1353,.T.);
#2600=EDGE_CURVE('',#2022,#2024,#1354,.T.);
#2601=EDGE_CURVE('',#2025,#2023,#1355,.T.);
#2602=EDGE_CURVE('',#2024,#2025,#1356,.T.);
#2603=EDGE_CURVE('',#2024,#2026,#205,.T.);
#2604=EDGE_CURVE('',#2027,#2025,#206,.T.);
#2605=EDGE_CURVE('',#2026,#2027,#1357,.T.);
#2606=EDGE_CURVE('',#2026,#2028,#207,.T.);
#2607=EDGE_CURVE('',#2029,#2027,#208,.T.);
#2608=EDGE_CURVE('',#2028,#2029,#1358,.T.);
#2609=EDGE_CURVE('',#2028,#2030,#209,.T.);
#2610=EDGE_CURVE('',#2031,#2029,#210,.T.);
#2611=EDGE_CURVE('',#2030,#2031,#1359,.T.);
#2612=EDGE_CURVE('',#2030,#2032,#211,.T.);
#2613=EDGE_CURVE('',#2033,#2031,#212,.T.);
#2614=EDGE_CURVE('',#2032,#2033,#1360,.T.);
#2615=EDGE_CURVE('',#2032,#2002,#1361,.T.);
#2616=EDGE_CURVE('',#2004,#2033,#1362,.T.);
#2617=EDGE_CURVE('',#2034,#2035,#213,.T.);
#2618=EDGE_CURVE('',#2034,#2036,#1363,.T.);
#2619=EDGE_CURVE('',#2037,#2036,#214,.T.);
#2620=EDGE_CURVE('',#2035,#2037,#1364,.T.);
#2621=EDGE_CURVE('',#2035,#2038,#215,.T.);
#2622=EDGE_CURVE('',#2039,#2037,#216,.T.);
#2623=EDGE_CURVE('',#2038,#2039,#1365,.T.);
#2624=EDGE_CURVE('',#2038,#2040,#217,.T.);
#2625=EDGE_CURVE('',#2041,#2039,#218,.T.);
#2626=EDGE_CURVE('',#2040,#2041,#1366,.T.);
#2627=EDGE_CURVE('',#2040,#2042,#219,.T.);
#2628=EDGE_CURVE('',#2043,#2041,#220,.T.);
#2629=EDGE_CURVE('',#2042,#2043,#1367,.T.);
#2630=EDGE_CURVE('',#2042,#2044,#221,.T.);
#2631=EDGE_CURVE('',#2045,#2043,#222,.T.);
#2632=EDGE_CURVE('',#2044,#2045,#1368,.T.);
#2633=EDGE_CURVE('',#2044,#2046,#223,.T.);
#2634=EDGE_CURVE('',#2047,#2045,#224,.T.);
#2635=EDGE_CURVE('',#2046,#2047,#1369,.T.);
#2636=EDGE_CURVE('',#2046,#2048,#225,.T.);
#2637=EDGE_CURVE('',#2049,#2047,#226,.T.);
#2638=EDGE_CURVE('',#2048,#2049,#1370,.T.);
#2639=EDGE_CURVE('',#2048,#2034,#227,.T.);
#2640=EDGE_CURVE('',#2036,#2049,#228,.T.);
#2641=EDGE_CURVE('',#2050,#2051,#229,.T.);
#2642=EDGE_CURVE('',#2050,#2052,#1371,.T.);
#2643=EDGE_CURVE('',#2053,#2052,#230,.T.);
#2644=EDGE_CURVE('',#2051,#2053,#1372,.T.);
#2645=EDGE_CURVE('',#2051,#2054,#231,.T.);
#2646=EDGE_CURVE('',#2055,#2053,#232,.T.);
#2647=EDGE_CURVE('',#2054,#2055,#1373,.T.);
#2648=EDGE_CURVE('',#2054,#2056,#233,.T.);
#2649=EDGE_CURVE('',#2057,#2055,#234,.T.);
#2650=EDGE_CURVE('',#2056,#2057,#1374,.T.);
#2651=EDGE_CURVE('',#2056,#2058,#235,.T.);
#2652=EDGE_CURVE('',#2059,#2057,#236,.T.);
#2653=EDGE_CURVE('',#2058,#2059,#1375,.T.);
#2654=EDGE_CURVE('',#2058,#2060,#237,.T.);
#2655=EDGE_CURVE('',#2061,#2059,#238,.T.);
#2656=EDGE_CURVE('',#2060,#2061,#1376,.T.);
#2657=EDGE_CURVE('',#2060,#2062,#239,.T.);
#2658=EDGE_CURVE('',#2063,#2061,#240,.T.);
#2659=EDGE_CURVE('',#2062,#2063,#1377,.T.);
#2660=EDGE_CURVE('',#2062,#2064,#241,.T.);
#2661=EDGE_CURVE('',#2065,#2063,#242,.T.);
#2662=EDGE_CURVE('',#2064,#2065,#1378,.T.);
#2663=EDGE_CURVE('',#2064,#2066,#243,.T.);
#2664=EDGE_CURVE('',#2067,#2065,#244,.T.);
#2665=EDGE_CURVE('',#2066,#2067,#1379,.T.);
#2666=EDGE_CURVE('',#2066,#2050,#245,.T.);
#2667=EDGE_CURVE('',#2052,#2067,#246,.T.);
#2668=EDGE_CURVE('',#2068,#2069,#1380,.T.);
#2669=EDGE_CURVE('',#2068,#2070,#1381,.T.);
#2670=EDGE_CURVE('',#2071,#2070,#1382,.T.);
#2671=EDGE_CURVE('',#2069,#2071,#1383,.T.);
#2672=EDGE_CURVE('',#2069,#2072,#247,.T.);
#2673=EDGE_CURVE('',#2073,#2071,#248,.T.);
#2674=EDGE_CURVE('',#2072,#2073,#1384,.T.);
#2675=EDGE_CURVE('',#2072,#2074,#249,.T.);
#2676=EDGE_CURVE('',#2075,#2073,#250,.T.);
#2677=EDGE_CURVE('',#2074,#2075,#1385,.T.);
#2678=EDGE_CURVE('',#2074,#2076,#251,.T.);
#2679=EDGE_CURVE('',#2077,#2075,#252,.T.);
#2680=EDGE_CURVE('',#2076,#2077,#1386,.T.);
#2681=EDGE_CURVE('',#2076,#2078,#253,.T.);
#2682=EDGE_CURVE('',#2079,#2077,#254,.T.);
#2683=EDGE_CURVE('',#2078,#2079,#1387,.T.);
#2684=EDGE_CURVE('',#2078,#2080,#255,.T.);
#2685=EDGE_CURVE('',#2081,#2079,#256,.T.);
#2686=EDGE_CURVE('',#2080,#2081,#1388,.T.);
#2687=EDGE_CURVE('',#2080,#2082,#257,.T.);
#2688=EDGE_CURVE('',#2083,#2081,#258,.T.);
#2689=EDGE_CURVE('',#2082,#2083,#1389,.T.);
#2690=EDGE_CURVE('',#2082,#2084,#259,.T.);
#2691=EDGE_CURVE('',#2085,#2083,#260,.T.);
#2692=EDGE_CURVE('',#2084,#2085,#1390,.T.);
#2693=EDGE_CURVE('',#2084,#2086,#261,.T.);
#2694=EDGE_CURVE('',#2087,#2085,#262,.T.);
#2695=EDGE_CURVE('',#2086,#2087,#1391,.T.);
#2696=EDGE_CURVE('',#2086,#2088,#263,.T.);
#2697=EDGE_CURVE('',#2089,#2087,#264,.T.);
#2698=EDGE_CURVE('',#2088,#2089,#1392,.T.);
#2699=EDGE_CURVE('',#2088,#2090,#265,.T.);
#2700=EDGE_CURVE('',#2091,#2089,#266,.T.);
#2701=EDGE_CURVE('',#2090,#2091,#1393,.T.);
#2702=EDGE_CURVE('',#2090,#2092,#1394,.T.);
#2703=EDGE_CURVE('',#2093,#2091,#1395,.T.);
#2704=EDGE_CURVE('',#2092,#2093,#1396,.T.);
#2705=EDGE_CURVE('',#2092,#2094,#267,.T.);
#2706=EDGE_CURVE('',#2095,#2093,#268,.T.);
#2707=EDGE_CURVE('',#2094,#2095,#1397,.T.);
#2708=EDGE_CURVE('',#2094,#2096,#269,.T.);
#2709=EDGE_CURVE('',#2097,#2095,#270,.T.);
#2710=EDGE_CURVE('',#2096,#2097,#1398,.T.);
#2711=EDGE_CURVE('',#2096,#2098,#271,.T.);
#2712=EDGE_CURVE('',#2099,#2097,#272,.T.);
#2713=EDGE_CURVE('',#2098,#2099,#1399,.T.);
#2714=EDGE_CURVE('',#2098,#2100,#273,.T.);
#2715=EDGE_CURVE('',#2101,#2099,#274,.T.);
#2716=EDGE_CURVE('',#2100,#2101,#1400,.T.);
#2717=EDGE_CURVE('',#2100,#2102,#275,.T.);
#2718=EDGE_CURVE('',#2103,#2101,#276,.T.);
#2719=EDGE_CURVE('',#2102,#2103,#1401,.T.);
#2720=EDGE_CURVE('',#2102,#2104,#277,.T.);
#2721=EDGE_CURVE('',#2105,#2103,#278,.T.);
#2722=EDGE_CURVE('',#2104,#2105,#1402,.T.);
#2723=EDGE_CURVE('',#2104,#2106,#279,.T.);
#2724=EDGE_CURVE('',#2107,#2105,#280,.T.);
#2725=EDGE_CURVE('',#2106,#2107,#1403,.T.);
#2726=EDGE_CURVE('',#2106,#2108,#281,.T.);
#2727=EDGE_CURVE('',#2109,#2107,#282,.T.);
#2728=EDGE_CURVE('',#2108,#2109,#1404,.T.);
#2729=EDGE_CURVE('',#2108,#2110,#283,.T.);
#2730=EDGE_CURVE('',#2111,#2109,#284,.T.);
#2731=EDGE_CURVE('',#2110,#2111,#1405,.T.);
#2732=EDGE_CURVE('',#2110,#2068,#285,.T.);
#2733=EDGE_CURVE('',#2070,#2111,#286,.T.);
#2734=EDGE_CURVE('',#2112,#2113,#1406,.T.);
#2735=EDGE_CURVE('',#2112,#2114,#1407,.T.);
#2736=EDGE_CURVE('',#2115,#2114,#1408,.T.);
#2737=EDGE_CURVE('',#2113,#2115,#1409,.T.);
#2738=EDGE_CURVE('',#2113,#2116,#287,.T.);
#2739=EDGE_CURVE('',#2117,#2115,#288,.T.);
#2740=EDGE_CURVE('',#2116,#2117,#1410,.T.);
#2741=EDGE_CURVE('',#2116,#2118,#289,.T.);
#2742=EDGE_CURVE('',#2119,#2117,#290,.T.);
#2743=EDGE_CURVE('',#2118,#2119,#1411,.T.);
#2744=EDGE_CURVE('',#2118,#2120,#291,.T.);
#2745=EDGE_CURVE('',#2121,#2119,#292,.T.);
#2746=EDGE_CURVE('',#2120,#2121,#1412,.T.);
#2747=EDGE_CURVE('',#2120,#2122,#1413,.T.);
#2748=EDGE_CURVE('',#2123,#2121,#1414,.T.);
#2749=EDGE_CURVE('',#2122,#2123,#1415,.T.);
#2750=EDGE_CURVE('',#2122,#2124,#293,.T.);
#2751=EDGE_CURVE('',#2125,#2123,#294,.T.);
#2752=EDGE_CURVE('',#2124,#2125,#1416,.T.);
#2753=EDGE_CURVE('',#2124,#2126,#295,.T.);
#2754=EDGE_CURVE('',#2127,#2125,#296,.T.);
#2755=EDGE_CURVE('',#2126,#2127,#1417,.T.);
#2756=EDGE_CURVE('',#2126,#2128,#297,.T.);
#2757=EDGE_CURVE('',#2129,#2127,#298,.T.);
#2758=EDGE_CURVE('',#2128,#2129,#1418,.T.);
#2759=EDGE_CURVE('',#2128,#2130,#299,.T.);
#2760=EDGE_CURVE('',#2131,#2129,#300,.T.);
#2761=EDGE_CURVE('',#2130,#2131,#1419,.T.);
#2762=EDGE_CURVE('',#2130,#2132,#1420,.T.);
#2763=EDGE_CURVE('',#2133,#2131,#1421,.T.);
#2764=EDGE_CURVE('',#2132,#2133,#1422,.T.);
#2765=EDGE_CURVE('',#2132,#2112,#1423,.T.);
#2766=EDGE_CURVE('',#2114,#2133,#1424,.T.);
#2767=ORIENTED_EDGE('',*,*,#2134,.T.);
#2768=ORIENTED_EDGE('',*,*,#2135,.T.);
#2769=ORIENTED_EDGE('',*,*,#2136,.T.);
#2770=ORIENTED_EDGE('',*,*,#2137,.T.);
#2771=ORIENTED_EDGE('',*,*,#2135,.F.);
#2772=ORIENTED_EDGE('',*,*,#2138,.F.);
#2773=ORIENTED_EDGE('',*,*,#2139,.F.);
#2774=ORIENTED_EDGE('',*,*,#2140,.T.);
#2775=ORIENTED_EDGE('',*,*,#2134,.F.);
#2776=ORIENTED_EDGE('',*,*,#2141,.T.);
#2777=ORIENTED_EDGE('',*,*,#2142,.F.);
#2778=ORIENTED_EDGE('',*,*,#2143,.T.);
#2779=ORIENTED_EDGE('',*,*,#2144,.T.);
#2780=ORIENTED_EDGE('',*,*,#2145,.T.);
#2781=ORIENTED_EDGE('',*,*,#2146,.T.);
#2782=ORIENTED_EDGE('',*,*,#2147,.T.);
#2783=ORIENTED_EDGE('',*,*,#2148,.T.);
#2784=ORIENTED_EDGE('',*,*,#2149,.T.);
#2785=ORIENTED_EDGE('',*,*,#2150,.T.);
#2786=ORIENTED_EDGE('',*,*,#2138,.T.);
#2787=ORIENTED_EDGE('',*,*,#2136,.F.);
#2788=ORIENTED_EDGE('',*,*,#2140,.F.);
#2789=ORIENTED_EDGE('',*,*,#2151,.T.);
#2790=ORIENTED_EDGE('',*,*,#2152,.T.);
#2791=ORIENTED_EDGE('',*,*,#2153,.T.);
#2792=ORIENTED_EDGE('',*,*,#2154,.F.);
#2793=ORIENTED_EDGE('',*,*,#2155,.T.);
#2794=ORIENTED_EDGE('',*,*,#2156,.T.);
#2795=ORIENTED_EDGE('',*,*,#2157,.T.);
#2796=ORIENTED_EDGE('',*,*,#2158,.T.);
#2797=ORIENTED_EDGE('',*,*,#2159,.T.);
#2798=ORIENTED_EDGE('',*,*,#2160,.T.);
#2799=ORIENTED_EDGE('',*,*,#2161,.T.);
#2800=ORIENTED_EDGE('',*,*,#2159,.F.);
#2801=ORIENTED_EDGE('',*,*,#2162,.T.);
#2802=ORIENTED_EDGE('',*,*,#2142,.T.);
#2803=ORIENTED_EDGE('',*,*,#2156,.F.);
#2804=ORIENTED_EDGE('',*,*,#2163,.T.);
#2805=ORIENTED_EDGE('',*,*,#2145,.F.);
#2806=ORIENTED_EDGE('',*,*,#2164,.F.);
#2807=ORIENTED_EDGE('',*,*,#2155,.F.);
#2808=ORIENTED_EDGE('',*,*,#2165,.T.);
#2809=ORIENTED_EDGE('',*,*,#2146,.F.);
#2810=ORIENTED_EDGE('',*,*,#2163,.F.);
#2811=ORIENTED_EDGE('',*,*,#2154,.T.);
#2812=ORIENTED_EDGE('',*,*,#2166,.T.);
#2813=ORIENTED_EDGE('',*,*,#2147,.F.);
#2814=ORIENTED_EDGE('',*,*,#2165,.F.);
#2815=ORIENTED_EDGE('',*,*,#2153,.F.);
#2816=ORIENTED_EDGE('',*,*,#2167,.T.);
#2817=ORIENTED_EDGE('',*,*,#2148,.F.);
#2818=ORIENTED_EDGE('',*,*,#2166,.F.);
#2819=ORIENTED_EDGE('',*,*,#2160,.F.);
#2820=ORIENTED_EDGE('',*,*,#2168,.F.);
#2821=ORIENTED_EDGE('',*,*,#2169,.F.);
#2822=ORIENTED_EDGE('',*,*,#2170,.F.);
#2823=ORIENTED_EDGE('',*,*,#2152,.F.);
#2824=ORIENTED_EDGE('',*,*,#2171,.T.);
#2825=ORIENTED_EDGE('',*,*,#2149,.F.);
#2826=ORIENTED_EDGE('',*,*,#2167,.F.);
#2827=ORIENTED_EDGE('',*,*,#2161,.F.);
#2828=ORIENTED_EDGE('',*,*,#2172,.F.);
#2829=ORIENTED_EDGE('',*,*,#2173,.F.);
#2830=ORIENTED_EDGE('',*,*,#2168,.T.);
#2831=ORIENTED_EDGE('',*,*,#2151,.F.);
#2832=ORIENTED_EDGE('',*,*,#2139,.T.);
#2833=ORIENTED_EDGE('',*,*,#2150,.F.);
#2834=ORIENTED_EDGE('',*,*,#2171,.F.);
#2835=ORIENTED_EDGE('',*,*,#2141,.F.);
#2836=ORIENTED_EDGE('',*,*,#2174,.T.);
#2837=ORIENTED_EDGE('',*,*,#2175,.T.);
#2838=ORIENTED_EDGE('',*,*,#2172,.T.);
#2839=ORIENTED_EDGE('',*,*,#2137,.F.);
#2840=ORIENTED_EDGE('',*,*,#2170,.T.);
#2841=ORIENTED_EDGE('',*,*,#2176,.T.);
#2842=ORIENTED_EDGE('',*,*,#2174,.F.);
#2843=ORIENTED_EDGE('',*,*,#2157,.F.);
#2844=ORIENTED_EDGE('',*,*,#2164,.T.);
#2845=ORIENTED_EDGE('',*,*,#2144,.F.);
#2846=ORIENTED_EDGE('',*,*,#2177,.F.);
#2847=ORIENTED_EDGE('',*,*,#2158,.F.);
#2848=ORIENTED_EDGE('',*,*,#2177,.T.);
#2849=ORIENTED_EDGE('',*,*,#2143,.F.);
#2850=ORIENTED_EDGE('',*,*,#2162,.F.);
#2851=ORIENTED_EDGE('',*,*,#2169,.T.);
#2852=ORIENTED_EDGE('',*,*,#2173,.T.);
#2853=ORIENTED_EDGE('',*,*,#2175,.F.);
#2854=ORIENTED_EDGE('',*,*,#2176,.F.);
#2855=ORIENTED_EDGE('',*,*,#2178,.F.);
#2856=ORIENTED_EDGE('',*,*,#2179,.T.);
#2857=ORIENTED_EDGE('',*,*,#2180,.T.);
#2858=ORIENTED_EDGE('',*,*,#2179,.F.);
#2859=ORIENTED_EDGE('',*,*,#2178,.T.);
#2860=ORIENTED_EDGE('',*,*,#2180,.F.);
#2861=ORIENTED_EDGE('',*,*,#2181,.F.);
#2862=ORIENTED_EDGE('',*,*,#2182,.T.);
#2863=ORIENTED_EDGE('',*,*,#2183,.T.);
#2864=ORIENTED_EDGE('',*,*,#2182,.F.);
#2865=ORIENTED_EDGE('',*,*,#2181,.T.);
#2866=ORIENTED_EDGE('',*,*,#2183,.F.);
#2867=ORIENTED_EDGE('',*,*,#2184,.T.);
#2868=ORIENTED_EDGE('',*,*,#2185,.T.);
#2869=ORIENTED_EDGE('',*,*,#2184,.F.);
#2870=ORIENTED_EDGE('',*,*,#2186,.T.);
#2871=ORIENTED_EDGE('',*,*,#2185,.F.);
#2872=ORIENTED_EDGE('',*,*,#2187,.T.);
#2873=ORIENTED_EDGE('',*,*,#2188,.F.);
#2874=ORIENTED_EDGE('',*,*,#2189,.F.);
#2875=ORIENTED_EDGE('',*,*,#2190,.F.);
#2876=ORIENTED_EDGE('',*,*,#2191,.F.);
#2877=ORIENTED_EDGE('',*,*,#2192,.F.);
#2878=ORIENTED_EDGE('',*,*,#2193,.F.);
#2879=ORIENTED_EDGE('',*,*,#2194,.F.);
#2880=ORIENTED_EDGE('',*,*,#2195,.F.);
#2881=ORIENTED_EDGE('',*,*,#2196,.F.);
#2882=ORIENTED_EDGE('',*,*,#2197,.F.);
#2883=ORIENTED_EDGE('',*,*,#2198,.F.);
#2884=ORIENTED_EDGE('',*,*,#2199,.F.);
#2885=ORIENTED_EDGE('',*,*,#2187,.F.);
#2886=ORIENTED_EDGE('',*,*,#2186,.F.);
#2887=ORIENTED_EDGE('',*,*,#2200,.T.);
#2888=ORIENTED_EDGE('',*,*,#2201,.T.);
#2889=ORIENTED_EDGE('',*,*,#2202,.T.);
#2890=ORIENTED_EDGE('',*,*,#2203,.T.);
#2891=ORIENTED_EDGE('',*,*,#2204,.T.);
#2892=ORIENTED_EDGE('',*,*,#2205,.T.);
#2893=ORIENTED_EDGE('',*,*,#2206,.T.);
#2894=ORIENTED_EDGE('',*,*,#2207,.T.);
#2895=ORIENTED_EDGE('',*,*,#2204,.F.);
#2896=ORIENTED_EDGE('',*,*,#2208,.T.);
#2897=ORIENTED_EDGE('',*,*,#2209,.T.);
#2898=ORIENTED_EDGE('',*,*,#2210,.T.);
#2899=ORIENTED_EDGE('',*,*,#2211,.T.);
#2900=ORIENTED_EDGE('',*,*,#2212,.T.);
#2901=ORIENTED_EDGE('',*,*,#2213,.T.);
#2902=ORIENTED_EDGE('',*,*,#2214,.T.);
#2903=ORIENTED_EDGE('',*,*,#2215,.T.);
#2904=ORIENTED_EDGE('',*,*,#2216,.T.);
#2905=ORIENTED_EDGE('',*,*,#2217,.T.);
#2906=ORIENTED_EDGE('',*,*,#2218,.T.);
#2907=ORIENTED_EDGE('',*,*,#2219,.T.);
#2908=ORIENTED_EDGE('',*,*,#2220,.T.);
#2909=ORIENTED_EDGE('',*,*,#2221,.T.);
#2910=ORIENTED_EDGE('',*,*,#2222,.T.);
#2911=ORIENTED_EDGE('',*,*,#2223,.T.);
#2912=ORIENTED_EDGE('',*,*,#2224,.T.);
#2913=ORIENTED_EDGE('',*,*,#2225,.T.);
#2914=ORIENTED_EDGE('',*,*,#2226,.T.);
#2915=ORIENTED_EDGE('',*,*,#2223,.F.);
#2916=ORIENTED_EDGE('',*,*,#2227,.T.);
#2917=ORIENTED_EDGE('',*,*,#2228,.T.);
#2918=ORIENTED_EDGE('',*,*,#2229,.T.);
#2919=ORIENTED_EDGE('',*,*,#2230,.T.);
#2920=ORIENTED_EDGE('',*,*,#2231,.T.);
#2921=ORIENTED_EDGE('',*,*,#2232,.T.);
#2922=ORIENTED_EDGE('',*,*,#2233,.T.);
#2923=ORIENTED_EDGE('',*,*,#2234,.T.);
#2924=ORIENTED_EDGE('',*,*,#2235,.T.);
#2925=ORIENTED_EDGE('',*,*,#2236,.T.);
#2926=ORIENTED_EDGE('',*,*,#2237,.T.);
#2927=ORIENTED_EDGE('',*,*,#2238,.T.);
#2928=ORIENTED_EDGE('',*,*,#2239,.T.);
#2929=ORIENTED_EDGE('',*,*,#2236,.F.);
#2930=ORIENTED_EDGE('',*,*,#2240,.T.);
#2931=ORIENTED_EDGE('',*,*,#2241,.T.);
#2932=ORIENTED_EDGE('',*,*,#2242,.T.);
#2933=ORIENTED_EDGE('',*,*,#2243,.T.);
#2934=ORIENTED_EDGE('',*,*,#2244,.T.);
#2935=ORIENTED_EDGE('',*,*,#2245,.T.);
#2936=ORIENTED_EDGE('',*,*,#2242,.F.);
#2937=ORIENTED_EDGE('',*,*,#2246,.T.);
#2938=ORIENTED_EDGE('',*,*,#2238,.F.);
#2939=ORIENTED_EDGE('',*,*,#2247,.T.);
#2940=ORIENTED_EDGE('',*,*,#2234,.F.);
#2941=ORIENTED_EDGE('',*,*,#2248,.T.);
#2942=ORIENTED_EDGE('',*,*,#2227,.F.);
#2943=ORIENTED_EDGE('',*,*,#2249,.T.);
#2944=ORIENTED_EDGE('',*,*,#2250,.T.);
#2945=ORIENTED_EDGE('',*,*,#2251,.T.);
#2946=ORIENTED_EDGE('',*,*,#2252,.T.);
#2947=ORIENTED_EDGE('',*,*,#2253,.T.);
#2948=ORIENTED_EDGE('',*,*,#2254,.T.);
#2949=ORIENTED_EDGE('',*,*,#2255,.T.);
#2950=ORIENTED_EDGE('',*,*,#2256,.T.);
#2951=ORIENTED_EDGE('',*,*,#2253,.F.);
#2952=ORIENTED_EDGE('',*,*,#2255,.F.);
#2953=ORIENTED_EDGE('',*,*,#2257,.T.);
#2954=ORIENTED_EDGE('',*,*,#2243,.F.);
#2955=ORIENTED_EDGE('',*,*,#2258,.T.);
#2956=ORIENTED_EDGE('',*,*,#2232,.F.);
#2957=ORIENTED_EDGE('',*,*,#2259,.T.);
#2958=ORIENTED_EDGE('',*,*,#2225,.F.);
#2959=ORIENTED_EDGE('',*,*,#2260,.T.);
#2960=ORIENTED_EDGE('',*,*,#2251,.F.);
#2961=ORIENTED_EDGE('',*,*,#2261,.T.);
#2962=ORIENTED_EDGE('',*,*,#2214,.F.);
#2963=ORIENTED_EDGE('',*,*,#2262,.T.);
#2964=ORIENTED_EDGE('',*,*,#2221,.F.);
#2965=ORIENTED_EDGE('',*,*,#2263,.T.);
#2966=ORIENTED_EDGE('',*,*,#2208,.F.);
#2967=ORIENTED_EDGE('',*,*,#2264,.T.);
#2968=ORIENTED_EDGE('',*,*,#2219,.F.);
#2969=ORIENTED_EDGE('',*,*,#2265,.T.);
#2970=ORIENTED_EDGE('',*,*,#2202,.F.);
#2971=ORIENTED_EDGE('',*,*,#2266,.T.);
#2972=ORIENTED_EDGE('',*,*,#2213,.F.);
#2973=ORIENTED_EDGE('',*,*,#2267,.T.);
#2974=ORIENTED_EDGE('',*,*,#2206,.F.);
#2975=ORIENTED_EDGE('',*,*,#2268,.T.);
#2976=ORIENTED_EDGE('',*,*,#2224,.F.);
#2977=ORIENTED_EDGE('',*,*,#2222,.F.);
#2978=ORIENTED_EDGE('',*,*,#2269,.F.);
#2979=ORIENTED_EDGE('',*,*,#2210,.F.);
#2980=ORIENTED_EDGE('',*,*,#2190,.T.);
#2981=ORIENTED_EDGE('',*,*,#2270,.F.);
#2982=ORIENTED_EDGE('',*,*,#2226,.F.);
#2983=ORIENTED_EDGE('',*,*,#2259,.F.);
#2984=ORIENTED_EDGE('',*,*,#2231,.F.);
#2985=ORIENTED_EDGE('',*,*,#2228,.F.);
#2986=ORIENTED_EDGE('',*,*,#2248,.F.);
#2987=ORIENTED_EDGE('',*,*,#2233,.F.);
#2988=ORIENTED_EDGE('',*,*,#2271,.F.);
#2989=ORIENTED_EDGE('',*,*,#2272,.F.);
#2990=ORIENTED_EDGE('',*,*,#2273,.F.);
#2991=ORIENTED_EDGE('',*,*,#2211,.F.);
#2992=ORIENTED_EDGE('',*,*,#2274,.F.);
#2993=ORIENTED_EDGE('',*,*,#2191,.T.);
#2994=ORIENTED_EDGE('',*,*,#2205,.F.);
#2995=ORIENTED_EDGE('',*,*,#2203,.F.);
#2996=ORIENTED_EDGE('',*,*,#2275,.F.);
#2997=ORIENTED_EDGE('',*,*,#2245,.F.);
#2998=ORIENTED_EDGE('',*,*,#2196,.T.);
#2999=ORIENTED_EDGE('',*,*,#2276,.F.);
#3000=ORIENTED_EDGE('',*,*,#2258,.F.);
#3001=ORIENTED_EDGE('',*,*,#2276,.T.);
#3002=ORIENTED_EDGE('',*,*,#2195,.T.);
#3003=ORIENTED_EDGE('',*,*,#2277,.T.);
#3004=ORIENTED_EDGE('',*,*,#2261,.F.);
#3005=ORIENTED_EDGE('',*,*,#2278,.T.);
#3006=ORIENTED_EDGE('',*,*,#2268,.F.);
#3007=ORIENTED_EDGE('',*,*,#2275,.T.);
#3008=ORIENTED_EDGE('',*,*,#2265,.F.);
#3009=ORIENTED_EDGE('',*,*,#2279,.T.);
#3010=ORIENTED_EDGE('',*,*,#2192,.T.);
#3011=ORIENTED_EDGE('',*,*,#2274,.T.);
#3012=ORIENTED_EDGE('',*,*,#2239,.F.);
#3013=ORIENTED_EDGE('',*,*,#2246,.F.);
#3014=ORIENTED_EDGE('',*,*,#2241,.F.);
#3015=ORIENTED_EDGE('',*,*,#2244,.F.);
#3016=ORIENTED_EDGE('',*,*,#2257,.F.);
#3017=ORIENTED_EDGE('',*,*,#2254,.F.);
#3018=ORIENTED_EDGE('',*,*,#2280,.T.);
#3019=ORIENTED_EDGE('',*,*,#2281,.T.);
#3020=ORIENTED_EDGE('',*,*,#2282,.T.);
#3021=ORIENTED_EDGE('',*,*,#2283,.T.);
#3022=ORIENTED_EDGE('',*,*,#2284,.T.);
#3023=ORIENTED_EDGE('',*,*,#2285,.T.);
#3024=ORIENTED_EDGE('',*,*,#2286,.T.);
#3025=ORIENTED_EDGE('',*,*,#2287,.T.);
#3026=ORIENTED_EDGE('',*,*,#2288,.T.);
#3027=ORIENTED_EDGE('',*,*,#2289,.T.);
#3028=ORIENTED_EDGE('',*,*,#2271,.T.);
#3029=ORIENTED_EDGE('',*,*,#2218,.F.);
#3030=ORIENTED_EDGE('',*,*,#2193,.T.);
#3031=ORIENTED_EDGE('',*,*,#2279,.F.);
#3032=ORIENTED_EDGE('',*,*,#2260,.F.);
#3033=ORIENTED_EDGE('',*,*,#2269,.T.);
#3034=ORIENTED_EDGE('',*,*,#2264,.F.);
#3035=ORIENTED_EDGE('',*,*,#2270,.T.);
#3036=ORIENTED_EDGE('',*,*,#2189,.T.);
#3037=ORIENTED_EDGE('',*,*,#2290,.T.);
#3038=ORIENTED_EDGE('',*,*,#2230,.F.);
#3039=ORIENTED_EDGE('',*,*,#2290,.F.);
#3040=ORIENTED_EDGE('',*,*,#2188,.T.);
#3041=ORIENTED_EDGE('',*,*,#2249,.F.);
#3042=ORIENTED_EDGE('',*,*,#2291,.T.);
#3043=ORIENTED_EDGE('',*,*,#2198,.T.);
#3044=ORIENTED_EDGE('',*,*,#2292,.T.);
#3045=ORIENTED_EDGE('',*,*,#2247,.F.);
#3046=ORIENTED_EDGE('',*,*,#2293,.T.);
#3047=ORIENTED_EDGE('',*,*,#2229,.F.);
#3048=ORIENTED_EDGE('',*,*,#2199,.T.);
#3049=ORIENTED_EDGE('',*,*,#2291,.F.);
#3050=ORIENTED_EDGE('',*,*,#2240,.F.);
#3051=ORIENTED_EDGE('',*,*,#2292,.F.);
#3052=ORIENTED_EDGE('',*,*,#2197,.T.);
#3053=ORIENTED_EDGE('',*,*,#2215,.F.);
#3054=ORIENTED_EDGE('',*,*,#2277,.F.);
#3055=ORIENTED_EDGE('',*,*,#2194,.T.);
#3056=ORIENTED_EDGE('',*,*,#2235,.F.);
#3057=ORIENTED_EDGE('',*,*,#2293,.F.);
#3058=ORIENTED_EDGE('',*,*,#2237,.F.);
#3059=ORIENTED_EDGE('',*,*,#2294,.T.);
#3060=ORIENTED_EDGE('',*,*,#2256,.F.);
#3061=ORIENTED_EDGE('',*,*,#2278,.F.);
#3062=ORIENTED_EDGE('',*,*,#2250,.F.);
#3063=ORIENTED_EDGE('',*,*,#2295,.T.);
#3064=ORIENTED_EDGE('',*,*,#2272,.T.);
#3065=ORIENTED_EDGE('',*,*,#2289,.F.);
#3066=ORIENTED_EDGE('',*,*,#2296,.F.);
#3067=ORIENTED_EDGE('',*,*,#2297,.T.);
#3068=ORIENTED_EDGE('',*,*,#2296,.T.);
#3069=ORIENTED_EDGE('',*,*,#2288,.F.);
#3070=ORIENTED_EDGE('',*,*,#2298,.F.);
#3071=ORIENTED_EDGE('',*,*,#2299,.T.);
#3072=ORIENTED_EDGE('',*,*,#2298,.T.);
#3073=ORIENTED_EDGE('',*,*,#2287,.F.);
#3074=ORIENTED_EDGE('',*,*,#2300,.F.);
#3075=ORIENTED_EDGE('',*,*,#2301,.T.);
#3076=ORIENTED_EDGE('',*,*,#2300,.T.);
#3077=ORIENTED_EDGE('',*,*,#2286,.F.);
#3078=ORIENTED_EDGE('',*,*,#2302,.F.);
#3079=ORIENTED_EDGE('',*,*,#2303,.T.);
#3080=ORIENTED_EDGE('',*,*,#2302,.T.);
#3081=ORIENTED_EDGE('',*,*,#2285,.F.);
#3082=ORIENTED_EDGE('',*,*,#2304,.F.);
#3083=ORIENTED_EDGE('',*,*,#2305,.T.);
#3084=ORIENTED_EDGE('',*,*,#2304,.T.);
#3085=ORIENTED_EDGE('',*,*,#2284,.F.);
#3086=ORIENTED_EDGE('',*,*,#2306,.F.);
#3087=ORIENTED_EDGE('',*,*,#2307,.T.);
#3088=ORIENTED_EDGE('',*,*,#2306,.T.);
#3089=ORIENTED_EDGE('',*,*,#2283,.F.);
#3090=ORIENTED_EDGE('',*,*,#2308,.F.);
#3091=ORIENTED_EDGE('',*,*,#2309,.T.);
#3092=ORIENTED_EDGE('',*,*,#2308,.T.);
#3093=ORIENTED_EDGE('',*,*,#2282,.F.);
#3094=ORIENTED_EDGE('',*,*,#2310,.F.);
#3095=ORIENTED_EDGE('',*,*,#2311,.T.);
#3096=ORIENTED_EDGE('',*,*,#2310,.T.);
#3097=ORIENTED_EDGE('',*,*,#2281,.F.);
#3098=ORIENTED_EDGE('',*,*,#2312,.F.);
#3099=ORIENTED_EDGE('',*,*,#2201,.F.);
#3100=ORIENTED_EDGE('',*,*,#2313,.T.);
#3101=ORIENTED_EDGE('',*,*,#2312,.T.);
#3102=ORIENTED_EDGE('',*,*,#2280,.F.);
#3103=ORIENTED_EDGE('',*,*,#2252,.F.);
#3104=ORIENTED_EDGE('',*,*,#2262,.F.);
#3105=ORIENTED_EDGE('',*,*,#2216,.F.);
#3106=ORIENTED_EDGE('',*,*,#2217,.F.);
#3107=ORIENTED_EDGE('',*,*,#2266,.F.);
#3108=ORIENTED_EDGE('',*,*,#2220,.F.);
#3109=ORIENTED_EDGE('',*,*,#2273,.T.);
#3110=ORIENTED_EDGE('',*,*,#2295,.F.);
#3111=ORIENTED_EDGE('',*,*,#2297,.F.);
#3112=ORIENTED_EDGE('',*,*,#2299,.F.);
#3113=ORIENTED_EDGE('',*,*,#2301,.F.);
#3114=ORIENTED_EDGE('',*,*,#2303,.F.);
#3115=ORIENTED_EDGE('',*,*,#2305,.F.);
#3116=ORIENTED_EDGE('',*,*,#2307,.F.);
#3117=ORIENTED_EDGE('',*,*,#2309,.F.);
#3118=ORIENTED_EDGE('',*,*,#2311,.F.);
#3119=ORIENTED_EDGE('',*,*,#2313,.F.);
#3120=ORIENTED_EDGE('',*,*,#2207,.F.);
#3121=ORIENTED_EDGE('',*,*,#2267,.F.);
#3122=ORIENTED_EDGE('',*,*,#2212,.F.);
#3123=ORIENTED_EDGE('',*,*,#2209,.F.);
#3124=ORIENTED_EDGE('',*,*,#2263,.F.);
#3125=ORIENTED_EDGE('',*,*,#2200,.F.);
#3126=ORIENTED_EDGE('',*,*,#2314,.T.);
#3127=ORIENTED_EDGE('',*,*,#2294,.F.);
#3128=ORIENTED_EDGE('',*,*,#2314,.F.);
#3129=ORIENTED_EDGE('',*,*,#2315,.T.);
#3130=ORIENTED_EDGE('',*,*,#2316,.T.);
#3131=ORIENTED_EDGE('',*,*,#2315,.F.);
#3132=ORIENTED_EDGE('',*,*,#2317,.T.);
#3133=ORIENTED_EDGE('',*,*,#2316,.F.);
#3134=ORIENTED_EDGE('',*,*,#2318,.T.);
#3135=ORIENTED_EDGE('',*,*,#2319,.F.);
#3136=ORIENTED_EDGE('',*,*,#2320,.F.);
#3137=ORIENTED_EDGE('',*,*,#2321,.F.);
#3138=ORIENTED_EDGE('',*,*,#2322,.F.);
#3139=ORIENTED_EDGE('',*,*,#2323,.F.);
#3140=ORIENTED_EDGE('',*,*,#2324,.F.);
#3141=ORIENTED_EDGE('',*,*,#2325,.F.);
#3142=ORIENTED_EDGE('',*,*,#2326,.F.);
#3143=ORIENTED_EDGE('',*,*,#2327,.F.);
#3144=ORIENTED_EDGE('',*,*,#2328,.F.);
#3145=ORIENTED_EDGE('',*,*,#2329,.F.);
#3146=ORIENTED_EDGE('',*,*,#2330,.F.);
#3147=ORIENTED_EDGE('',*,*,#2318,.F.);
#3148=ORIENTED_EDGE('',*,*,#2317,.F.);
#3149=ORIENTED_EDGE('',*,*,#2331,.T.);
#3150=ORIENTED_EDGE('',*,*,#2332,.T.);
#3151=ORIENTED_EDGE('',*,*,#2333,.T.);
#3152=ORIENTED_EDGE('',*,*,#2334,.T.);
#3153=ORIENTED_EDGE('',*,*,#2335,.T.);
#3154=ORIENTED_EDGE('',*,*,#2336,.T.);
#3155=ORIENTED_EDGE('',*,*,#2337,.T.);
#3156=ORIENTED_EDGE('',*,*,#2338,.T.);
#3157=ORIENTED_EDGE('',*,*,#2335,.F.);
#3158=ORIENTED_EDGE('',*,*,#2339,.T.);
#3159=ORIENTED_EDGE('',*,*,#2340,.T.);
#3160=ORIENTED_EDGE('',*,*,#2341,.T.);
#3161=ORIENTED_EDGE('',*,*,#2342,.T.);
#3162=ORIENTED_EDGE('',*,*,#2343,.T.);
#3163=ORIENTED_EDGE('',*,*,#2344,.T.);
#3164=ORIENTED_EDGE('',*,*,#2345,.T.);
#3165=ORIENTED_EDGE('',*,*,#2346,.T.);
#3166=ORIENTED_EDGE('',*,*,#2347,.T.);
#3167=ORIENTED_EDGE('',*,*,#2348,.T.);
#3168=ORIENTED_EDGE('',*,*,#2349,.T.);
#3169=ORIENTED_EDGE('',*,*,#2350,.T.);
#3170=ORIENTED_EDGE('',*,*,#2351,.T.);
#3171=ORIENTED_EDGE('',*,*,#2352,.T.);
#3172=ORIENTED_EDGE('',*,*,#2353,.T.);
#3173=ORIENTED_EDGE('',*,*,#2354,.T.);
#3174=ORIENTED_EDGE('',*,*,#2355,.T.);
#3175=ORIENTED_EDGE('',*,*,#2356,.T.);
#3176=ORIENTED_EDGE('',*,*,#2357,.T.);
#3177=ORIENTED_EDGE('',*,*,#2354,.F.);
#3178=ORIENTED_EDGE('',*,*,#2358,.T.);
#3179=ORIENTED_EDGE('',*,*,#2359,.T.);
#3180=ORIENTED_EDGE('',*,*,#2360,.T.);
#3181=ORIENTED_EDGE('',*,*,#2361,.T.);
#3182=ORIENTED_EDGE('',*,*,#2362,.T.);
#3183=ORIENTED_EDGE('',*,*,#2363,.T.);
#3184=ORIENTED_EDGE('',*,*,#2364,.T.);
#3185=ORIENTED_EDGE('',*,*,#2365,.T.);
#3186=ORIENTED_EDGE('',*,*,#2366,.T.);
#3187=ORIENTED_EDGE('',*,*,#2367,.T.);
#3188=ORIENTED_EDGE('',*,*,#2368,.T.);
#3189=ORIENTED_EDGE('',*,*,#2369,.T.);
#3190=ORIENTED_EDGE('',*,*,#2370,.T.);
#3191=ORIENTED_EDGE('',*,*,#2367,.F.);
#3192=ORIENTED_EDGE('',*,*,#2371,.T.);
#3193=ORIENTED_EDGE('',*,*,#2372,.T.);
#3194=ORIENTED_EDGE('',*,*,#2373,.T.);
#3195=ORIENTED_EDGE('',*,*,#2374,.T.);
#3196=ORIENTED_EDGE('',*,*,#2375,.T.);
#3197=ORIENTED_EDGE('',*,*,#2376,.T.);
#3198=ORIENTED_EDGE('',*,*,#2373,.F.);
#3199=ORIENTED_EDGE('',*,*,#2377,.T.);
#3200=ORIENTED_EDGE('',*,*,#2369,.F.);
#3201=ORIENTED_EDGE('',*,*,#2378,.T.);
#3202=ORIENTED_EDGE('',*,*,#2365,.F.);
#3203=ORIENTED_EDGE('',*,*,#2379,.T.);
#3204=ORIENTED_EDGE('',*,*,#2358,.F.);
#3205=ORIENTED_EDGE('',*,*,#2380,.T.);
#3206=ORIENTED_EDGE('',*,*,#2381,.T.);
#3207=ORIENTED_EDGE('',*,*,#2382,.T.);
#3208=ORIENTED_EDGE('',*,*,#2383,.T.);
#3209=ORIENTED_EDGE('',*,*,#2384,.T.);
#3210=ORIENTED_EDGE('',*,*,#2385,.T.);
#3211=ORIENTED_EDGE('',*,*,#2386,.T.);
#3212=ORIENTED_EDGE('',*,*,#2387,.T.);
#3213=ORIENTED_EDGE('',*,*,#2384,.F.);
#3214=ORIENTED_EDGE('',*,*,#2386,.F.);
#3215=ORIENTED_EDGE('',*,*,#2388,.T.);
#3216=ORIENTED_EDGE('',*,*,#2374,.F.);
#3217=ORIENTED_EDGE('',*,*,#2389,.T.);
#3218=ORIENTED_EDGE('',*,*,#2363,.F.);
#3219=ORIENTED_EDGE('',*,*,#2390,.T.);
#3220=ORIENTED_EDGE('',*,*,#2356,.F.);
#3221=ORIENTED_EDGE('',*,*,#2391,.T.);
#3222=ORIENTED_EDGE('',*,*,#2382,.F.);
#3223=ORIENTED_EDGE('',*,*,#2392,.T.);
#3224=ORIENTED_EDGE('',*,*,#2345,.F.);
#3225=ORIENTED_EDGE('',*,*,#2393,.T.);
#3226=ORIENTED_EDGE('',*,*,#2352,.F.);
#3227=ORIENTED_EDGE('',*,*,#2394,.T.);
#3228=ORIENTED_EDGE('',*,*,#2339,.F.);
#3229=ORIENTED_EDGE('',*,*,#2395,.T.);
#3230=ORIENTED_EDGE('',*,*,#2350,.F.);
#3231=ORIENTED_EDGE('',*,*,#2396,.T.);
#3232=ORIENTED_EDGE('',*,*,#2333,.F.);
#3233=ORIENTED_EDGE('',*,*,#2397,.T.);
#3234=ORIENTED_EDGE('',*,*,#2344,.F.);
#3235=ORIENTED_EDGE('',*,*,#2398,.T.);
#3236=ORIENTED_EDGE('',*,*,#2337,.F.);
#3237=ORIENTED_EDGE('',*,*,#2399,.T.);
#3238=ORIENTED_EDGE('',*,*,#2355,.F.);
#3239=ORIENTED_EDGE('',*,*,#2353,.F.);
#3240=ORIENTED_EDGE('',*,*,#2400,.F.);
#3241=ORIENTED_EDGE('',*,*,#2341,.F.);
#3242=ORIENTED_EDGE('',*,*,#2321,.T.);
#3243=ORIENTED_EDGE('',*,*,#2401,.F.);
#3244=ORIENTED_EDGE('',*,*,#2357,.F.);
#3245=ORIENTED_EDGE('',*,*,#2390,.F.);
#3246=ORIENTED_EDGE('',*,*,#2362,.F.);
#3247=ORIENTED_EDGE('',*,*,#2359,.F.);
#3248=ORIENTED_EDGE('',*,*,#2379,.F.);
#3249=ORIENTED_EDGE('',*,*,#2364,.F.);
#3250=ORIENTED_EDGE('',*,*,#2402,.F.);
#3251=ORIENTED_EDGE('',*,*,#2403,.F.);
#3252=ORIENTED_EDGE('',*,*,#2404,.F.);
#3253=ORIENTED_EDGE('',*,*,#2342,.F.);
#3254=ORIENTED_EDGE('',*,*,#2405,.F.);
#3255=ORIENTED_EDGE('',*,*,#2322,.T.);
#3256=ORIENTED_EDGE('',*,*,#2336,.F.);
#3257=ORIENTED_EDGE('',*,*,#2334,.F.);
#3258=ORIENTED_EDGE('',*,*,#2406,.F.);
#3259=ORIENTED_EDGE('',*,*,#2376,.F.);
#3260=ORIENTED_EDGE('',*,*,#2327,.T.);
#3261=ORIENTED_EDGE('',*,*,#2407,.F.);
#3262=ORIENTED_EDGE('',*,*,#2389,.F.);
#3263=ORIENTED_EDGE('',*,*,#2407,.T.);
#3264=ORIENTED_EDGE('',*,*,#2326,.T.);
#3265=ORIENTED_EDGE('',*,*,#2408,.T.);
#3266=ORIENTED_EDGE('',*,*,#2392,.F.);
#3267=ORIENTED_EDGE('',*,*,#2409,.T.);
#3268=ORIENTED_EDGE('',*,*,#2399,.F.);
#3269=ORIENTED_EDGE('',*,*,#2406,.T.);
#3270=ORIENTED_EDGE('',*,*,#2396,.F.);
#3271=ORIENTED_EDGE('',*,*,#2410,.T.);
#3272=ORIENTED_EDGE('',*,*,#2323,.T.);
#3273=ORIENTED_EDGE('',*,*,#2405,.T.);
#3274=ORIENTED_EDGE('',*,*,#2370,.F.);
#3275=ORIENTED_EDGE('',*,*,#2377,.F.);
#3276=ORIENTED_EDGE('',*,*,#2372,.F.);
#3277=ORIENTED_EDGE('',*,*,#2375,.F.);
#3278=ORIENTED_EDGE('',*,*,#2388,.F.);
#3279=ORIENTED_EDGE('',*,*,#2385,.F.);
#3280=ORIENTED_EDGE('',*,*,#2411,.T.);
#3281=ORIENTED_EDGE('',*,*,#2412,.T.);
#3282=ORIENTED_EDGE('',*,*,#2413,.T.);
#3283=ORIENTED_EDGE('',*,*,#2414,.T.);
#3284=ORIENTED_EDGE('',*,*,#2415,.T.);
#3285=ORIENTED_EDGE('',*,*,#2416,.T.);
#3286=ORIENTED_EDGE('',*,*,#2417,.T.);
#3287=ORIENTED_EDGE('',*,*,#2418,.T.);
#3288=ORIENTED_EDGE('',*,*,#2419,.T.);
#3289=ORIENTED_EDGE('',*,*,#2420,.T.);
#3290=ORIENTED_EDGE('',*,*,#2402,.T.);
#3291=ORIENTED_EDGE('',*,*,#2349,.F.);
#3292=ORIENTED_EDGE('',*,*,#2324,.T.);
#3293=ORIENTED_EDGE('',*,*,#2410,.F.);
#3294=ORIENTED_EDGE('',*,*,#2391,.F.);
#3295=ORIENTED_EDGE('',*,*,#2400,.T.);
#3296=ORIENTED_EDGE('',*,*,#2395,.F.);
#3297=ORIENTED_EDGE('',*,*,#2401,.T.);
#3298=ORIENTED_EDGE('',*,*,#2320,.T.);
#3299=ORIENTED_EDGE('',*,*,#2421,.T.);
#3300=ORIENTED_EDGE('',*,*,#2361,.F.);
#3301=ORIENTED_EDGE('',*,*,#2421,.F.);
#3302=ORIENTED_EDGE('',*,*,#2319,.T.);
#3303=ORIENTED_EDGE('',*,*,#2380,.F.);
#3304=ORIENTED_EDGE('',*,*,#2422,.T.);
#3305=ORIENTED_EDGE('',*,*,#2329,.T.);
#3306=ORIENTED_EDGE('',*,*,#2423,.T.);
#3307=ORIENTED_EDGE('',*,*,#2378,.F.);
#3308=ORIENTED_EDGE('',*,*,#2424,.T.);
#3309=ORIENTED_EDGE('',*,*,#2360,.F.);
#3310=ORIENTED_EDGE('',*,*,#2330,.T.);
#3311=ORIENTED_EDGE('',*,*,#2422,.F.);
#3312=ORIENTED_EDGE('',*,*,#2371,.F.);
#3313=ORIENTED_EDGE('',*,*,#2423,.F.);
#3314=ORIENTED_EDGE('',*,*,#2328,.T.);
#3315=ORIENTED_EDGE('',*,*,#2346,.F.);
#3316=ORIENTED_EDGE('',*,*,#2408,.F.);
#3317=ORIENTED_EDGE('',*,*,#2325,.T.);
#3318=ORIENTED_EDGE('',*,*,#2366,.F.);
#3319=ORIENTED_EDGE('',*,*,#2424,.F.);
#3320=ORIENTED_EDGE('',*,*,#2368,.F.);
#3321=ORIENTED_EDGE('',*,*,#2425,.T.);
#3322=ORIENTED_EDGE('',*,*,#2387,.F.);
#3323=ORIENTED_EDGE('',*,*,#2409,.F.);
#3324=ORIENTED_EDGE('',*,*,#2381,.F.);
#3325=ORIENTED_EDGE('',*,*,#2426,.T.);
#3326=ORIENTED_EDGE('',*,*,#2403,.T.);
#3327=ORIENTED_EDGE('',*,*,#2420,.F.);
#3328=ORIENTED_EDGE('',*,*,#2427,.F.);
#3329=ORIENTED_EDGE('',*,*,#2428,.T.);
#3330=ORIENTED_EDGE('',*,*,#2427,.T.);
#3331=ORIENTED_EDGE('',*,*,#2419,.F.);
#3332=ORIENTED_EDGE('',*,*,#2429,.F.);
#3333=ORIENTED_EDGE('',*,*,#2430,.T.);
#3334=ORIENTED_EDGE('',*,*,#2429,.T.);
#3335=ORIENTED_EDGE('',*,*,#2418,.F.);
#3336=ORIENTED_EDGE('',*,*,#2431,.F.);
#3337=ORIENTED_EDGE('',*,*,#2432,.T.);
#3338=ORIENTED_EDGE('',*,*,#2431,.T.);
#3339=ORIENTED_EDGE('',*,*,#2417,.F.);
#3340=ORIENTED_EDGE('',*,*,#2433,.F.);
#3341=ORIENTED_EDGE('',*,*,#2434,.T.);
#3342=ORIENTED_EDGE('',*,*,#2433,.T.);
#3343=ORIENTED_EDGE('',*,*,#2416,.F.);
#3344=ORIENTED_EDGE('',*,*,#2435,.F.);
#3345=ORIENTED_EDGE('',*,*,#2436,.T.);
#3346=ORIENTED_EDGE('',*,*,#2435,.T.);
#3347=ORIENTED_EDGE('',*,*,#2415,.F.);
#3348=ORIENTED_EDGE('',*,*,#2437,.F.);
#3349=ORIENTED_EDGE('',*,*,#2438,.T.);
#3350=ORIENTED_EDGE('',*,*,#2437,.T.);
#3351=ORIENTED_EDGE('',*,*,#2414,.F.);
#3352=ORIENTED_EDGE('',*,*,#2439,.F.);
#3353=ORIENTED_EDGE('',*,*,#2440,.T.);
#3354=ORIENTED_EDGE('',*,*,#2439,.T.);
#3355=ORIENTED_EDGE('',*,*,#2413,.F.);
#3356=ORIENTED_EDGE('',*,*,#2441,.F.);
#3357=ORIENTED_EDGE('',*,*,#2442,.T.);
#3358=ORIENTED_EDGE('',*,*,#2441,.T.);
#3359=ORIENTED_EDGE('',*,*,#2412,.F.);
#3360=ORIENTED_EDGE('',*,*,#2443,.F.);
#3361=ORIENTED_EDGE('',*,*,#2332,.F.);
#3362=ORIENTED_EDGE('',*,*,#2444,.T.);
#3363=ORIENTED_EDGE('',*,*,#2443,.T.);
#3364=ORIENTED_EDGE('',*,*,#2411,.F.);
#3365=ORIENTED_EDGE('',*,*,#2383,.F.);
#3366=ORIENTED_EDGE('',*,*,#2393,.F.);
#3367=ORIENTED_EDGE('',*,*,#2347,.F.);
#3368=ORIENTED_EDGE('',*,*,#2348,.F.);
#3369=ORIENTED_EDGE('',*,*,#2397,.F.);
#3370=ORIENTED_EDGE('',*,*,#2351,.F.);
#3371=ORIENTED_EDGE('',*,*,#2404,.T.);
#3372=ORIENTED_EDGE('',*,*,#2426,.F.);
#3373=ORIENTED_EDGE('',*,*,#2428,.F.);
#3374=ORIENTED_EDGE('',*,*,#2430,.F.);
#3375=ORIENTED_EDGE('',*,*,#2432,.F.);
#3376=ORIENTED_EDGE('',*,*,#2434,.F.);
#3377=ORIENTED_EDGE('',*,*,#2436,.F.);
#3378=ORIENTED_EDGE('',*,*,#2438,.F.);
#3379=ORIENTED_EDGE('',*,*,#2440,.F.);
#3380=ORIENTED_EDGE('',*,*,#2442,.F.);
#3381=ORIENTED_EDGE('',*,*,#2444,.F.);
#3382=ORIENTED_EDGE('',*,*,#2338,.F.);
#3383=ORIENTED_EDGE('',*,*,#2398,.F.);
#3384=ORIENTED_EDGE('',*,*,#2343,.F.);
#3385=ORIENTED_EDGE('',*,*,#2340,.F.);
#3386=ORIENTED_EDGE('',*,*,#2394,.F.);
#3387=ORIENTED_EDGE('',*,*,#2331,.F.);
#3388=ORIENTED_EDGE('',*,*,#2445,.T.);
#3389=ORIENTED_EDGE('',*,*,#2425,.F.);
#3390=ORIENTED_EDGE('',*,*,#2445,.F.);
#3391=ORIENTED_EDGE('',*,*,#2446,.F.);
#3392=ORIENTED_EDGE('',*,*,#2447,.T.);
#3393=ORIENTED_EDGE('',*,*,#2448,.F.);
#3394=ORIENTED_EDGE('',*,*,#2449,.F.);
#3395=ORIENTED_EDGE('',*,*,#2450,.F.);
#3396=ORIENTED_EDGE('',*,*,#2449,.T.);
#3397=ORIENTED_EDGE('',*,*,#2451,.F.);
#3398=ORIENTED_EDGE('',*,*,#2452,.F.);
#3399=ORIENTED_EDGE('',*,*,#2453,.F.);
#3400=ORIENTED_EDGE('',*,*,#2452,.T.);
#3401=ORIENTED_EDGE('',*,*,#2454,.F.);
#3402=ORIENTED_EDGE('',*,*,#2455,.F.);
#3403=ORIENTED_EDGE('',*,*,#2456,.F.);
#3404=ORIENTED_EDGE('',*,*,#2455,.T.);
#3405=ORIENTED_EDGE('',*,*,#2457,.F.);
#3406=ORIENTED_EDGE('',*,*,#2458,.F.);
#3407=ORIENTED_EDGE('',*,*,#2459,.F.);
#3408=ORIENTED_EDGE('',*,*,#2458,.T.);
#3409=ORIENTED_EDGE('',*,*,#2460,.F.);
#3410=ORIENTED_EDGE('',*,*,#2461,.F.);
#3411=ORIENTED_EDGE('',*,*,#2462,.F.);
#3412=ORIENTED_EDGE('',*,*,#2461,.T.);
#3413=ORIENTED_EDGE('',*,*,#2463,.F.);
#3414=ORIENTED_EDGE('',*,*,#2447,.F.);
#3415=ORIENTED_EDGE('',*,*,#2464,.F.);
#3416=ORIENTED_EDGE('',*,*,#2465,.T.);
#3417=ORIENTED_EDGE('',*,*,#2466,.F.);
#3418=ORIENTED_EDGE('',*,*,#2467,.F.);
#3419=ORIENTED_EDGE('',*,*,#2468,.F.);
#3420=ORIENTED_EDGE('',*,*,#2467,.T.);
#3421=ORIENTED_EDGE('',*,*,#2469,.F.);
#3422=ORIENTED_EDGE('',*,*,#2470,.F.);
#3423=ORIENTED_EDGE('',*,*,#2471,.F.);
#3424=ORIENTED_EDGE('',*,*,#2470,.T.);
#3425=ORIENTED_EDGE('',*,*,#2472,.F.);
#3426=ORIENTED_EDGE('',*,*,#2473,.F.);
#3427=ORIENTED_EDGE('',*,*,#2474,.F.);
#3428=ORIENTED_EDGE('',*,*,#2473,.T.);
#3429=ORIENTED_EDGE('',*,*,#2475,.F.);
#3430=ORIENTED_EDGE('',*,*,#2476,.F.);
#3431=ORIENTED_EDGE('',*,*,#2477,.F.);
#3432=ORIENTED_EDGE('',*,*,#2476,.T.);
#3433=ORIENTED_EDGE('',*,*,#2478,.F.);
#3434=ORIENTED_EDGE('',*,*,#2479,.F.);
#3435=ORIENTED_EDGE('',*,*,#2480,.F.);
#3436=ORIENTED_EDGE('',*,*,#2479,.T.);
#3437=ORIENTED_EDGE('',*,*,#2481,.F.);
#3438=ORIENTED_EDGE('',*,*,#2482,.F.);
#3439=ORIENTED_EDGE('',*,*,#2483,.F.);
#3440=ORIENTED_EDGE('',*,*,#2482,.T.);
#3441=ORIENTED_EDGE('',*,*,#2484,.F.);
#3442=ORIENTED_EDGE('',*,*,#2485,.F.);
#3443=ORIENTED_EDGE('',*,*,#2486,.F.);
#3444=ORIENTED_EDGE('',*,*,#2485,.T.);
#3445=ORIENTED_EDGE('',*,*,#2487,.F.);
#3446=ORIENTED_EDGE('',*,*,#2488,.F.);
#3447=ORIENTED_EDGE('',*,*,#2489,.F.);
#3448=ORIENTED_EDGE('',*,*,#2488,.T.);
#3449=ORIENTED_EDGE('',*,*,#2490,.F.);
#3450=ORIENTED_EDGE('',*,*,#2491,.F.);
#3451=ORIENTED_EDGE('',*,*,#2492,.F.);
#3452=ORIENTED_EDGE('',*,*,#2491,.T.);
#3453=ORIENTED_EDGE('',*,*,#2493,.F.);
#3454=ORIENTED_EDGE('',*,*,#2494,.F.);
#3455=ORIENTED_EDGE('',*,*,#2495,.F.);
#3456=ORIENTED_EDGE('',*,*,#2494,.T.);
#3457=ORIENTED_EDGE('',*,*,#2496,.F.);
#3458=ORIENTED_EDGE('',*,*,#2497,.F.);
#3459=ORIENTED_EDGE('',*,*,#2498,.F.);
#3460=ORIENTED_EDGE('',*,*,#2497,.T.);
#3461=ORIENTED_EDGE('',*,*,#2499,.F.);
#3462=ORIENTED_EDGE('',*,*,#2500,.F.);
#3463=ORIENTED_EDGE('',*,*,#2501,.F.);
#3464=ORIENTED_EDGE('',*,*,#2500,.T.);
#3465=ORIENTED_EDGE('',*,*,#2502,.F.);
#3466=ORIENTED_EDGE('',*,*,#2503,.F.);
#3467=ORIENTED_EDGE('',*,*,#2504,.F.);
#3468=ORIENTED_EDGE('',*,*,#2503,.T.);
#3469=ORIENTED_EDGE('',*,*,#2505,.F.);
#3470=ORIENTED_EDGE('',*,*,#2506,.F.);
#3471=ORIENTED_EDGE('',*,*,#2507,.F.);
#3472=ORIENTED_EDGE('',*,*,#2506,.T.);
#3473=ORIENTED_EDGE('',*,*,#2508,.F.);
#3474=ORIENTED_EDGE('',*,*,#2509,.F.);
#3475=ORIENTED_EDGE('',*,*,#2510,.F.);
#3476=ORIENTED_EDGE('',*,*,#2509,.T.);
#3477=ORIENTED_EDGE('',*,*,#2511,.F.);
#3478=ORIENTED_EDGE('',*,*,#2512,.F.);
#3479=ORIENTED_EDGE('',*,*,#2513,.F.);
#3480=ORIENTED_EDGE('',*,*,#2512,.T.);
#3481=ORIENTED_EDGE('',*,*,#2514,.F.);
#3482=ORIENTED_EDGE('',*,*,#2515,.F.);
#3483=ORIENTED_EDGE('',*,*,#2516,.F.);
#3484=ORIENTED_EDGE('',*,*,#2515,.T.);
#3485=ORIENTED_EDGE('',*,*,#2517,.F.);
#3486=ORIENTED_EDGE('',*,*,#2518,.F.);
#3487=ORIENTED_EDGE('',*,*,#2519,.F.);
#3488=ORIENTED_EDGE('',*,*,#2518,.T.);
#3489=ORIENTED_EDGE('',*,*,#2520,.F.);
#3490=ORIENTED_EDGE('',*,*,#2521,.F.);
#3491=ORIENTED_EDGE('',*,*,#2522,.F.);
#3492=ORIENTED_EDGE('',*,*,#2521,.T.);
#3493=ORIENTED_EDGE('',*,*,#2523,.F.);
#3494=ORIENTED_EDGE('',*,*,#2524,.F.);
#3495=ORIENTED_EDGE('',*,*,#2525,.F.);
#3496=ORIENTED_EDGE('',*,*,#2524,.T.);
#3497=ORIENTED_EDGE('',*,*,#2526,.F.);
#3498=ORIENTED_EDGE('',*,*,#2465,.F.);
#3499=ORIENTED_EDGE('',*,*,#2526,.T.);
#3500=ORIENTED_EDGE('',*,*,#2523,.T.);
#3501=ORIENTED_EDGE('',*,*,#2520,.T.);
#3502=ORIENTED_EDGE('',*,*,#2517,.T.);
#3503=ORIENTED_EDGE('',*,*,#2514,.T.);
#3504=ORIENTED_EDGE('',*,*,#2511,.T.);
#3505=ORIENTED_EDGE('',*,*,#2508,.T.);
#3506=ORIENTED_EDGE('',*,*,#2505,.T.);
#3507=ORIENTED_EDGE('',*,*,#2502,.T.);
#3508=ORIENTED_EDGE('',*,*,#2499,.T.);
#3509=ORIENTED_EDGE('',*,*,#2496,.T.);
#3510=ORIENTED_EDGE('',*,*,#2493,.T.);
#3511=ORIENTED_EDGE('',*,*,#2490,.T.);
#3512=ORIENTED_EDGE('',*,*,#2487,.T.);
#3513=ORIENTED_EDGE('',*,*,#2484,.T.);
#3514=ORIENTED_EDGE('',*,*,#2481,.T.);
#3515=ORIENTED_EDGE('',*,*,#2478,.T.);
#3516=ORIENTED_EDGE('',*,*,#2475,.T.);
#3517=ORIENTED_EDGE('',*,*,#2472,.T.);
#3518=ORIENTED_EDGE('',*,*,#2469,.T.);
#3519=ORIENTED_EDGE('',*,*,#2466,.T.);
#3520=ORIENTED_EDGE('',*,*,#2463,.T.);
#3521=ORIENTED_EDGE('',*,*,#2460,.T.);
#3522=ORIENTED_EDGE('',*,*,#2457,.T.);
#3523=ORIENTED_EDGE('',*,*,#2454,.T.);
#3524=ORIENTED_EDGE('',*,*,#2451,.T.);
#3525=ORIENTED_EDGE('',*,*,#2448,.T.);
#3526=ORIENTED_EDGE('',*,*,#2525,.T.);
#3527=ORIENTED_EDGE('',*,*,#2464,.T.);
#3528=ORIENTED_EDGE('',*,*,#2468,.T.);
#3529=ORIENTED_EDGE('',*,*,#2471,.T.);
#3530=ORIENTED_EDGE('',*,*,#2474,.T.);
#3531=ORIENTED_EDGE('',*,*,#2477,.T.);
#3532=ORIENTED_EDGE('',*,*,#2480,.T.);
#3533=ORIENTED_EDGE('',*,*,#2483,.T.);
#3534=ORIENTED_EDGE('',*,*,#2486,.T.);
#3535=ORIENTED_EDGE('',*,*,#2489,.T.);
#3536=ORIENTED_EDGE('',*,*,#2492,.T.);
#3537=ORIENTED_EDGE('',*,*,#2495,.T.);
#3538=ORIENTED_EDGE('',*,*,#2498,.T.);
#3539=ORIENTED_EDGE('',*,*,#2501,.T.);
#3540=ORIENTED_EDGE('',*,*,#2504,.T.);
#3541=ORIENTED_EDGE('',*,*,#2507,.T.);
#3542=ORIENTED_EDGE('',*,*,#2510,.T.);
#3543=ORIENTED_EDGE('',*,*,#2513,.T.);
#3544=ORIENTED_EDGE('',*,*,#2516,.T.);
#3545=ORIENTED_EDGE('',*,*,#2519,.T.);
#3546=ORIENTED_EDGE('',*,*,#2522,.T.);
#3547=ORIENTED_EDGE('',*,*,#2462,.T.);
#3548=ORIENTED_EDGE('',*,*,#2446,.T.);
#3549=ORIENTED_EDGE('',*,*,#2450,.T.);
#3550=ORIENTED_EDGE('',*,*,#2453,.T.);
#3551=ORIENTED_EDGE('',*,*,#2456,.T.);
#3552=ORIENTED_EDGE('',*,*,#2459,.T.);
#3553=ORIENTED_EDGE('',*,*,#2527,.F.);
#3554=ORIENTED_EDGE('',*,*,#2528,.T.);
#3555=ORIENTED_EDGE('',*,*,#2529,.F.);
#3556=ORIENTED_EDGE('',*,*,#2530,.F.);
#3557=ORIENTED_EDGE('',*,*,#2531,.F.);
#3558=ORIENTED_EDGE('',*,*,#2530,.T.);
#3559=ORIENTED_EDGE('',*,*,#2532,.F.);
#3560=ORIENTED_EDGE('',*,*,#2533,.F.);
#3561=ORIENTED_EDGE('',*,*,#2534,.F.);
#3562=ORIENTED_EDGE('',*,*,#2533,.T.);
#3563=ORIENTED_EDGE('',*,*,#2535,.F.);
#3564=ORIENTED_EDGE('',*,*,#2536,.F.);
#3565=ORIENTED_EDGE('',*,*,#2537,.F.);
#3566=ORIENTED_EDGE('',*,*,#2536,.T.);
#3567=ORIENTED_EDGE('',*,*,#2538,.F.);
#3568=ORIENTED_EDGE('',*,*,#2539,.F.);
#3569=ORIENTED_EDGE('',*,*,#2540,.F.);
#3570=ORIENTED_EDGE('',*,*,#2539,.T.);
#3571=ORIENTED_EDGE('',*,*,#2541,.F.);
#3572=ORIENTED_EDGE('',*,*,#2542,.F.);
#3573=ORIENTED_EDGE('',*,*,#2543,.F.);
#3574=ORIENTED_EDGE('',*,*,#2542,.T.);
#3575=ORIENTED_EDGE('',*,*,#2544,.F.);
#3576=ORIENTED_EDGE('',*,*,#2545,.F.);
#3577=ORIENTED_EDGE('',*,*,#2546,.F.);
#3578=ORIENTED_EDGE('',*,*,#2545,.T.);
#3579=ORIENTED_EDGE('',*,*,#2547,.F.);
#3580=ORIENTED_EDGE('',*,*,#2548,.F.);
#3581=ORIENTED_EDGE('',*,*,#2549,.F.);
#3582=ORIENTED_EDGE('',*,*,#2548,.T.);
#3583=ORIENTED_EDGE('',*,*,#2550,.F.);
#3584=ORIENTED_EDGE('',*,*,#2551,.F.);
#3585=ORIENTED_EDGE('',*,*,#2552,.F.);
#3586=ORIENTED_EDGE('',*,*,#2551,.T.);
#3587=ORIENTED_EDGE('',*,*,#2553,.F.);
#3588=ORIENTED_EDGE('',*,*,#2554,.F.);
#3589=ORIENTED_EDGE('',*,*,#2555,.F.);
#3590=ORIENTED_EDGE('',*,*,#2554,.T.);
#3591=ORIENTED_EDGE('',*,*,#2556,.F.);
#3592=ORIENTED_EDGE('',*,*,#2557,.F.);
#3593=ORIENTED_EDGE('',*,*,#2558,.F.);
#3594=ORIENTED_EDGE('',*,*,#2557,.T.);
#3595=ORIENTED_EDGE('',*,*,#2559,.F.);
#3596=ORIENTED_EDGE('',*,*,#2560,.F.);
#3597=ORIENTED_EDGE('',*,*,#2561,.F.);
#3598=ORIENTED_EDGE('',*,*,#2560,.T.);
#3599=ORIENTED_EDGE('',*,*,#2562,.F.);
#3600=ORIENTED_EDGE('',*,*,#2563,.F.);
#3601=ORIENTED_EDGE('',*,*,#2564,.F.);
#3602=ORIENTED_EDGE('',*,*,#2563,.T.);
#3603=ORIENTED_EDGE('',*,*,#2565,.F.);
#3604=ORIENTED_EDGE('',*,*,#2566,.F.);
#3605=ORIENTED_EDGE('',*,*,#2567,.F.);
#3606=ORIENTED_EDGE('',*,*,#2566,.T.);
#3607=ORIENTED_EDGE('',*,*,#2568,.F.);
#3608=ORIENTED_EDGE('',*,*,#2528,.F.);
#3609=ORIENTED_EDGE('',*,*,#2568,.T.);
#3610=ORIENTED_EDGE('',*,*,#2565,.T.);
#3611=ORIENTED_EDGE('',*,*,#2562,.T.);
#3612=ORIENTED_EDGE('',*,*,#2559,.T.);
#3613=ORIENTED_EDGE('',*,*,#2556,.T.);
#3614=ORIENTED_EDGE('',*,*,#2553,.T.);
#3615=ORIENTED_EDGE('',*,*,#2550,.T.);
#3616=ORIENTED_EDGE('',*,*,#2547,.T.);
#3617=ORIENTED_EDGE('',*,*,#2544,.T.);
#3618=ORIENTED_EDGE('',*,*,#2541,.T.);
#3619=ORIENTED_EDGE('',*,*,#2538,.T.);
#3620=ORIENTED_EDGE('',*,*,#2535,.T.);
#3621=ORIENTED_EDGE('',*,*,#2532,.T.);
#3622=ORIENTED_EDGE('',*,*,#2529,.T.);
#3623=ORIENTED_EDGE('',*,*,#2567,.T.);
#3624=ORIENTED_EDGE('',*,*,#2527,.T.);
#3625=ORIENTED_EDGE('',*,*,#2531,.T.);
#3626=ORIENTED_EDGE('',*,*,#2534,.T.);
#3627=ORIENTED_EDGE('',*,*,#2537,.T.);
#3628=ORIENTED_EDGE('',*,*,#2540,.T.);
#3629=ORIENTED_EDGE('',*,*,#2543,.T.);
#3630=ORIENTED_EDGE('',*,*,#2546,.T.);
#3631=ORIENTED_EDGE('',*,*,#2549,.T.);
#3632=ORIENTED_EDGE('',*,*,#2552,.T.);
#3633=ORIENTED_EDGE('',*,*,#2555,.T.);
#3634=ORIENTED_EDGE('',*,*,#2558,.T.);
#3635=ORIENTED_EDGE('',*,*,#2561,.T.);
#3636=ORIENTED_EDGE('',*,*,#2564,.T.);
#3637=ORIENTED_EDGE('',*,*,#2569,.F.);
#3638=ORIENTED_EDGE('',*,*,#2570,.T.);
#3639=ORIENTED_EDGE('',*,*,#2571,.F.);
#3640=ORIENTED_EDGE('',*,*,#2572,.F.);
#3641=ORIENTED_EDGE('',*,*,#2573,.F.);
#3642=ORIENTED_EDGE('',*,*,#2572,.T.);
#3643=ORIENTED_EDGE('',*,*,#2574,.F.);
#3644=ORIENTED_EDGE('',*,*,#2575,.F.);
#3645=ORIENTED_EDGE('',*,*,#2576,.F.);
#3646=ORIENTED_EDGE('',*,*,#2575,.T.);
#3647=ORIENTED_EDGE('',*,*,#2577,.F.);
#3648=ORIENTED_EDGE('',*,*,#2578,.F.);
#3649=ORIENTED_EDGE('',*,*,#2579,.F.);
#3650=ORIENTED_EDGE('',*,*,#2578,.T.);
#3651=ORIENTED_EDGE('',*,*,#2580,.F.);
#3652=ORIENTED_EDGE('',*,*,#2581,.F.);
#3653=ORIENTED_EDGE('',*,*,#2582,.F.);
#3654=ORIENTED_EDGE('',*,*,#2581,.T.);
#3655=ORIENTED_EDGE('',*,*,#2583,.F.);
#3656=ORIENTED_EDGE('',*,*,#2584,.F.);
#3657=ORIENTED_EDGE('',*,*,#2585,.F.);
#3658=ORIENTED_EDGE('',*,*,#2584,.T.);
#3659=ORIENTED_EDGE('',*,*,#2586,.F.);
#3660=ORIENTED_EDGE('',*,*,#2587,.F.);
#3661=ORIENTED_EDGE('',*,*,#2588,.F.);
#3662=ORIENTED_EDGE('',*,*,#2587,.T.);
#3663=ORIENTED_EDGE('',*,*,#2589,.F.);
#3664=ORIENTED_EDGE('',*,*,#2590,.F.);
#3665=ORIENTED_EDGE('',*,*,#2591,.F.);
#3666=ORIENTED_EDGE('',*,*,#2590,.T.);
#3667=ORIENTED_EDGE('',*,*,#2592,.F.);
#3668=ORIENTED_EDGE('',*,*,#2593,.F.);
#3669=ORIENTED_EDGE('',*,*,#2594,.F.);
#3670=ORIENTED_EDGE('',*,*,#2593,.T.);
#3671=ORIENTED_EDGE('',*,*,#2595,.F.);
#3672=ORIENTED_EDGE('',*,*,#2596,.F.);
#3673=ORIENTED_EDGE('',*,*,#2597,.F.);
#3674=ORIENTED_EDGE('',*,*,#2596,.T.);
#3675=ORIENTED_EDGE('',*,*,#2598,.F.);
#3676=ORIENTED_EDGE('',*,*,#2599,.F.);
#3677=ORIENTED_EDGE('',*,*,#2600,.F.);
#3678=ORIENTED_EDGE('',*,*,#2599,.T.);
#3679=ORIENTED_EDGE('',*,*,#2601,.F.);
#3680=ORIENTED_EDGE('',*,*,#2602,.F.);
#3681=ORIENTED_EDGE('',*,*,#2603,.F.);
#3682=ORIENTED_EDGE('',*,*,#2602,.T.);
#3683=ORIENTED_EDGE('',*,*,#2604,.F.);
#3684=ORIENTED_EDGE('',*,*,#2605,.F.);
#3685=ORIENTED_EDGE('',*,*,#2606,.F.);
#3686=ORIENTED_EDGE('',*,*,#2605,.T.);
#3687=ORIENTED_EDGE('',*,*,#2607,.F.);
#3688=ORIENTED_EDGE('',*,*,#2608,.F.);
#3689=ORIENTED_EDGE('',*,*,#2609,.F.);
#3690=ORIENTED_EDGE('',*,*,#2608,.T.);
#3691=ORIENTED_EDGE('',*,*,#2610,.F.);
#3692=ORIENTED_EDGE('',*,*,#2611,.F.);
#3693=ORIENTED_EDGE('',*,*,#2612,.F.);
#3694=ORIENTED_EDGE('',*,*,#2611,.T.);
#3695=ORIENTED_EDGE('',*,*,#2613,.F.);
#3696=ORIENTED_EDGE('',*,*,#2614,.F.);
#3697=ORIENTED_EDGE('',*,*,#2615,.F.);
#3698=ORIENTED_EDGE('',*,*,#2614,.T.);
#3699=ORIENTED_EDGE('',*,*,#2616,.F.);
#3700=ORIENTED_EDGE('',*,*,#2570,.F.);
#3701=ORIENTED_EDGE('',*,*,#2616,.T.);
#3702=ORIENTED_EDGE('',*,*,#2613,.T.);
#3703=ORIENTED_EDGE('',*,*,#2610,.T.);
#3704=ORIENTED_EDGE('',*,*,#2607,.T.);
#3705=ORIENTED_EDGE('',*,*,#2604,.T.);
#3706=ORIENTED_EDGE('',*,*,#2601,.T.);
#3707=ORIENTED_EDGE('',*,*,#2598,.T.);
#3708=ORIENTED_EDGE('',*,*,#2595,.T.);
#3709=ORIENTED_EDGE('',*,*,#2592,.T.);
#3710=ORIENTED_EDGE('',*,*,#2589,.T.);
#3711=ORIENTED_EDGE('',*,*,#2586,.T.);
#3712=ORIENTED_EDGE('',*,*,#2583,.T.);
#3713=ORIENTED_EDGE('',*,*,#2580,.T.);
#3714=ORIENTED_EDGE('',*,*,#2577,.T.);
#3715=ORIENTED_EDGE('',*,*,#2574,.T.);
#3716=ORIENTED_EDGE('',*,*,#2571,.T.);
#3717=ORIENTED_EDGE('',*,*,#2615,.T.);
#3718=ORIENTED_EDGE('',*,*,#2569,.T.);
#3719=ORIENTED_EDGE('',*,*,#2573,.T.);
#3720=ORIENTED_EDGE('',*,*,#2576,.T.);
#3721=ORIENTED_EDGE('',*,*,#2579,.T.);
#3722=ORIENTED_EDGE('',*,*,#2582,.T.);
#3723=ORIENTED_EDGE('',*,*,#2585,.T.);
#3724=ORIENTED_EDGE('',*,*,#2588,.T.);
#3725=ORIENTED_EDGE('',*,*,#2591,.T.);
#3726=ORIENTED_EDGE('',*,*,#2594,.T.);
#3727=ORIENTED_EDGE('',*,*,#2597,.T.);
#3728=ORIENTED_EDGE('',*,*,#2600,.T.);
#3729=ORIENTED_EDGE('',*,*,#2603,.T.);
#3730=ORIENTED_EDGE('',*,*,#2606,.T.);
#3731=ORIENTED_EDGE('',*,*,#2609,.T.);
#3732=ORIENTED_EDGE('',*,*,#2612,.T.);
#3733=ORIENTED_EDGE('',*,*,#2617,.F.);
#3734=ORIENTED_EDGE('',*,*,#2618,.T.);
#3735=ORIENTED_EDGE('',*,*,#2619,.F.);
#3736=ORIENTED_EDGE('',*,*,#2620,.F.);
#3737=ORIENTED_EDGE('',*,*,#2621,.F.);
#3738=ORIENTED_EDGE('',*,*,#2620,.T.);
#3739=ORIENTED_EDGE('',*,*,#2622,.F.);
#3740=ORIENTED_EDGE('',*,*,#2623,.F.);
#3741=ORIENTED_EDGE('',*,*,#2624,.F.);
#3742=ORIENTED_EDGE('',*,*,#2623,.T.);
#3743=ORIENTED_EDGE('',*,*,#2625,.F.);
#3744=ORIENTED_EDGE('',*,*,#2626,.F.);
#3745=ORIENTED_EDGE('',*,*,#2627,.F.);
#3746=ORIENTED_EDGE('',*,*,#2626,.T.);
#3747=ORIENTED_EDGE('',*,*,#2628,.F.);
#3748=ORIENTED_EDGE('',*,*,#2629,.F.);
#3749=ORIENTED_EDGE('',*,*,#2630,.F.);
#3750=ORIENTED_EDGE('',*,*,#2629,.T.);
#3751=ORIENTED_EDGE('',*,*,#2631,.F.);
#3752=ORIENTED_EDGE('',*,*,#2632,.F.);
#3753=ORIENTED_EDGE('',*,*,#2633,.F.);
#3754=ORIENTED_EDGE('',*,*,#2632,.T.);
#3755=ORIENTED_EDGE('',*,*,#2634,.F.);
#3756=ORIENTED_EDGE('',*,*,#2635,.F.);
#3757=ORIENTED_EDGE('',*,*,#2636,.F.);
#3758=ORIENTED_EDGE('',*,*,#2635,.T.);
#3759=ORIENTED_EDGE('',*,*,#2637,.F.);
#3760=ORIENTED_EDGE('',*,*,#2638,.F.);
#3761=ORIENTED_EDGE('',*,*,#2639,.F.);
#3762=ORIENTED_EDGE('',*,*,#2638,.T.);
#3763=ORIENTED_EDGE('',*,*,#2640,.F.);
#3764=ORIENTED_EDGE('',*,*,#2618,.F.);
#3765=ORIENTED_EDGE('',*,*,#2641,.F.);
#3766=ORIENTED_EDGE('',*,*,#2642,.T.);
#3767=ORIENTED_EDGE('',*,*,#2643,.F.);
#3768=ORIENTED_EDGE('',*,*,#2644,.F.);
#3769=ORIENTED_EDGE('',*,*,#2645,.F.);
#3770=ORIENTED_EDGE('',*,*,#2644,.T.);
#3771=ORIENTED_EDGE('',*,*,#2646,.F.);
#3772=ORIENTED_EDGE('',*,*,#2647,.F.);
#3773=ORIENTED_EDGE('',*,*,#2648,.F.);
#3774=ORIENTED_EDGE('',*,*,#2647,.T.);
#3775=ORIENTED_EDGE('',*,*,#2649,.F.);
#3776=ORIENTED_EDGE('',*,*,#2650,.F.);
#3777=ORIENTED_EDGE('',*,*,#2651,.F.);
#3778=ORIENTED_EDGE('',*,*,#2650,.T.);
#3779=ORIENTED_EDGE('',*,*,#2652,.F.);
#3780=ORIENTED_EDGE('',*,*,#2653,.F.);
#3781=ORIENTED_EDGE('',*,*,#2654,.F.);
#3782=ORIENTED_EDGE('',*,*,#2653,.T.);
#3783=ORIENTED_EDGE('',*,*,#2655,.F.);
#3784=ORIENTED_EDGE('',*,*,#2656,.F.);
#3785=ORIENTED_EDGE('',*,*,#2657,.F.);
#3786=ORIENTED_EDGE('',*,*,#2656,.T.);
#3787=ORIENTED_EDGE('',*,*,#2658,.F.);
#3788=ORIENTED_EDGE('',*,*,#2659,.F.);
#3789=ORIENTED_EDGE('',*,*,#2660,.F.);
#3790=ORIENTED_EDGE('',*,*,#2659,.T.);
#3791=ORIENTED_EDGE('',*,*,#2661,.F.);
#3792=ORIENTED_EDGE('',*,*,#2662,.F.);
#3793=ORIENTED_EDGE('',*,*,#2663,.F.);
#3794=ORIENTED_EDGE('',*,*,#2662,.T.);
#3795=ORIENTED_EDGE('',*,*,#2664,.F.);
#3796=ORIENTED_EDGE('',*,*,#2665,.F.);
#3797=ORIENTED_EDGE('',*,*,#2666,.F.);
#3798=ORIENTED_EDGE('',*,*,#2665,.T.);
#3799=ORIENTED_EDGE('',*,*,#2667,.F.);
#3800=ORIENTED_EDGE('',*,*,#2642,.F.);
#3801=ORIENTED_EDGE('',*,*,#2667,.T.);
#3802=ORIENTED_EDGE('',*,*,#2664,.T.);
#3803=ORIENTED_EDGE('',*,*,#2661,.T.);
#3804=ORIENTED_EDGE('',*,*,#2658,.T.);
#3805=ORIENTED_EDGE('',*,*,#2655,.T.);
#3806=ORIENTED_EDGE('',*,*,#2652,.T.);
#3807=ORIENTED_EDGE('',*,*,#2649,.T.);
#3808=ORIENTED_EDGE('',*,*,#2646,.T.);
#3809=ORIENTED_EDGE('',*,*,#2643,.T.);
#3810=ORIENTED_EDGE('',*,*,#2640,.T.);
#3811=ORIENTED_EDGE('',*,*,#2637,.T.);
#3812=ORIENTED_EDGE('',*,*,#2634,.T.);
#3813=ORIENTED_EDGE('',*,*,#2631,.T.);
#3814=ORIENTED_EDGE('',*,*,#2628,.T.);
#3815=ORIENTED_EDGE('',*,*,#2625,.T.);
#3816=ORIENTED_EDGE('',*,*,#2622,.T.);
#3817=ORIENTED_EDGE('',*,*,#2619,.T.);
#3818=ORIENTED_EDGE('',*,*,#2666,.T.);
#3819=ORIENTED_EDGE('',*,*,#2641,.T.);
#3820=ORIENTED_EDGE('',*,*,#2645,.T.);
#3821=ORIENTED_EDGE('',*,*,#2648,.T.);
#3822=ORIENTED_EDGE('',*,*,#2651,.T.);
#3823=ORIENTED_EDGE('',*,*,#2654,.T.);
#3824=ORIENTED_EDGE('',*,*,#2657,.T.);
#3825=ORIENTED_EDGE('',*,*,#2660,.T.);
#3826=ORIENTED_EDGE('',*,*,#2663,.T.);
#3827=ORIENTED_EDGE('',*,*,#2639,.T.);
#3828=ORIENTED_EDGE('',*,*,#2617,.T.);
#3829=ORIENTED_EDGE('',*,*,#2621,.T.);
#3830=ORIENTED_EDGE('',*,*,#2624,.T.);
#3831=ORIENTED_EDGE('',*,*,#2627,.T.);
#3832=ORIENTED_EDGE('',*,*,#2630,.T.);
#3833=ORIENTED_EDGE('',*,*,#2633,.T.);
#3834=ORIENTED_EDGE('',*,*,#2636,.T.);
#3835=ORIENTED_EDGE('',*,*,#2668,.F.);
#3836=ORIENTED_EDGE('',*,*,#2669,.T.);
#3837=ORIENTED_EDGE('',*,*,#2670,.F.);
#3838=ORIENTED_EDGE('',*,*,#2671,.F.);
#3839=ORIENTED_EDGE('',*,*,#2672,.F.);
#3840=ORIENTED_EDGE('',*,*,#2671,.T.);
#3841=ORIENTED_EDGE('',*,*,#2673,.F.);
#3842=ORIENTED_EDGE('',*,*,#2674,.F.);
#3843=ORIENTED_EDGE('',*,*,#2675,.F.);
#3844=ORIENTED_EDGE('',*,*,#2674,.T.);
#3845=ORIENTED_EDGE('',*,*,#2676,.F.);
#3846=ORIENTED_EDGE('',*,*,#2677,.F.);
#3847=ORIENTED_EDGE('',*,*,#2678,.F.);
#3848=ORIENTED_EDGE('',*,*,#2677,.T.);
#3849=ORIENTED_EDGE('',*,*,#2679,.F.);
#3850=ORIENTED_EDGE('',*,*,#2680,.F.);
#3851=ORIENTED_EDGE('',*,*,#2681,.F.);
#3852=ORIENTED_EDGE('',*,*,#2680,.T.);
#3853=ORIENTED_EDGE('',*,*,#2682,.F.);
#3854=ORIENTED_EDGE('',*,*,#2683,.F.);
#3855=ORIENTED_EDGE('',*,*,#2684,.F.);
#3856=ORIENTED_EDGE('',*,*,#2683,.T.);
#3857=ORIENTED_EDGE('',*,*,#2685,.F.);
#3858=ORIENTED_EDGE('',*,*,#2686,.F.);
#3859=ORIENTED_EDGE('',*,*,#2687,.F.);
#3860=ORIENTED_EDGE('',*,*,#2686,.T.);
#3861=ORIENTED_EDGE('',*,*,#2688,.F.);
#3862=ORIENTED_EDGE('',*,*,#2689,.F.);
#3863=ORIENTED_EDGE('',*,*,#2690,.F.);
#3864=ORIENTED_EDGE('',*,*,#2689,.T.);
#3865=ORIENTED_EDGE('',*,*,#2691,.F.);
#3866=ORIENTED_EDGE('',*,*,#2692,.F.);
#3867=ORIENTED_EDGE('',*,*,#2693,.F.);
#3868=ORIENTED_EDGE('',*,*,#2692,.T.);
#3869=ORIENTED_EDGE('',*,*,#2694,.F.);
#3870=ORIENTED_EDGE('',*,*,#2695,.F.);
#3871=ORIENTED_EDGE('',*,*,#2696,.F.);
#3872=ORIENTED_EDGE('',*,*,#2695,.T.);
#3873=ORIENTED_EDGE('',*,*,#2697,.F.);
#3874=ORIENTED_EDGE('',*,*,#2698,.F.);
#3875=ORIENTED_EDGE('',*,*,#2699,.F.);
#3876=ORIENTED_EDGE('',*,*,#2698,.T.);
#3877=ORIENTED_EDGE('',*,*,#2700,.F.);
#3878=ORIENTED_EDGE('',*,*,#2701,.F.);
#3879=ORIENTED_EDGE('',*,*,#2702,.F.);
#3880=ORIENTED_EDGE('',*,*,#2701,.T.);
#3881=ORIENTED_EDGE('',*,*,#2703,.F.);
#3882=ORIENTED_EDGE('',*,*,#2704,.F.);
#3883=ORIENTED_EDGE('',*,*,#2705,.F.);
#3884=ORIENTED_EDGE('',*,*,#2704,.T.);
#3885=ORIENTED_EDGE('',*,*,#2706,.F.);
#3886=ORIENTED_EDGE('',*,*,#2707,.F.);
#3887=ORIENTED_EDGE('',*,*,#2708,.F.);
#3888=ORIENTED_EDGE('',*,*,#2707,.T.);
#3889=ORIENTED_EDGE('',*,*,#2709,.F.);
#3890=ORIENTED_EDGE('',*,*,#2710,.F.);
#3891=ORIENTED_EDGE('',*,*,#2711,.F.);
#3892=ORIENTED_EDGE('',*,*,#2710,.T.);
#3893=ORIENTED_EDGE('',*,*,#2712,.F.);
#3894=ORIENTED_EDGE('',*,*,#2713,.F.);
#3895=ORIENTED_EDGE('',*,*,#2714,.F.);
#3896=ORIENTED_EDGE('',*,*,#2713,.T.);
#3897=ORIENTED_EDGE('',*,*,#2715,.F.);
#3898=ORIENTED_EDGE('',*,*,#2716,.F.);
#3899=ORIENTED_EDGE('',*,*,#2717,.F.);
#3900=ORIENTED_EDGE('',*,*,#2716,.T.);
#3901=ORIENTED_EDGE('',*,*,#2718,.F.);
#3902=ORIENTED_EDGE('',*,*,#2719,.F.);
#3903=ORIENTED_EDGE('',*,*,#2720,.F.);
#3904=ORIENTED_EDGE('',*,*,#2719,.T.);
#3905=ORIENTED_EDGE('',*,*,#2721,.F.);
#3906=ORIENTED_EDGE('',*,*,#2722,.F.);
#3907=ORIENTED_EDGE('',*,*,#2723,.F.);
#3908=ORIENTED_EDGE('',*,*,#2722,.T.);
#3909=ORIENTED_EDGE('',*,*,#2724,.F.);
#3910=ORIENTED_EDGE('',*,*,#2725,.F.);
#3911=ORIENTED_EDGE('',*,*,#2726,.F.);
#3912=ORIENTED_EDGE('',*,*,#2725,.T.);
#3913=ORIENTED_EDGE('',*,*,#2727,.F.);
#3914=ORIENTED_EDGE('',*,*,#2728,.F.);
#3915=ORIENTED_EDGE('',*,*,#2729,.F.);
#3916=ORIENTED_EDGE('',*,*,#2728,.T.);
#3917=ORIENTED_EDGE('',*,*,#2730,.F.);
#3918=ORIENTED_EDGE('',*,*,#2731,.F.);
#3919=ORIENTED_EDGE('',*,*,#2732,.F.);
#3920=ORIENTED_EDGE('',*,*,#2731,.T.);
#3921=ORIENTED_EDGE('',*,*,#2733,.F.);
#3922=ORIENTED_EDGE('',*,*,#2669,.F.);
#3923=ORIENTED_EDGE('',*,*,#2733,.T.);
#3924=ORIENTED_EDGE('',*,*,#2730,.T.);
#3925=ORIENTED_EDGE('',*,*,#2727,.T.);
#3926=ORIENTED_EDGE('',*,*,#2724,.T.);
#3927=ORIENTED_EDGE('',*,*,#2721,.T.);
#3928=ORIENTED_EDGE('',*,*,#2718,.T.);
#3929=ORIENTED_EDGE('',*,*,#2715,.T.);
#3930=ORIENTED_EDGE('',*,*,#2712,.T.);
#3931=ORIENTED_EDGE('',*,*,#2709,.T.);
#3932=ORIENTED_EDGE('',*,*,#2706,.T.);
#3933=ORIENTED_EDGE('',*,*,#2703,.T.);
#3934=ORIENTED_EDGE('',*,*,#2700,.T.);
#3935=ORIENTED_EDGE('',*,*,#2697,.T.);
#3936=ORIENTED_EDGE('',*,*,#2694,.T.);
#3937=ORIENTED_EDGE('',*,*,#2691,.T.);
#3938=ORIENTED_EDGE('',*,*,#2688,.T.);
#3939=ORIENTED_EDGE('',*,*,#2685,.T.);
#3940=ORIENTED_EDGE('',*,*,#2682,.T.);
#3941=ORIENTED_EDGE('',*,*,#2679,.T.);
#3942=ORIENTED_EDGE('',*,*,#2676,.T.);
#3943=ORIENTED_EDGE('',*,*,#2673,.T.);
#3944=ORIENTED_EDGE('',*,*,#2670,.T.);
#3945=ORIENTED_EDGE('',*,*,#2732,.T.);
#3946=ORIENTED_EDGE('',*,*,#2668,.T.);
#3947=ORIENTED_EDGE('',*,*,#2672,.T.);
#3948=ORIENTED_EDGE('',*,*,#2675,.T.);
#3949=ORIENTED_EDGE('',*,*,#2678,.T.);
#3950=ORIENTED_EDGE('',*,*,#2681,.T.);
#3951=ORIENTED_EDGE('',*,*,#2684,.T.);
#3952=ORIENTED_EDGE('',*,*,#2687,.T.);
#3953=ORIENTED_EDGE('',*,*,#2690,.T.);
#3954=ORIENTED_EDGE('',*,*,#2693,.T.);
#3955=ORIENTED_EDGE('',*,*,#2696,.T.);
#3956=ORIENTED_EDGE('',*,*,#2699,.T.);
#3957=ORIENTED_EDGE('',*,*,#2702,.T.);
#3958=ORIENTED_EDGE('',*,*,#2705,.T.);
#3959=ORIENTED_EDGE('',*,*,#2708,.T.);
#3960=ORIENTED_EDGE('',*,*,#2711,.T.);
#3961=ORIENTED_EDGE('',*,*,#2714,.T.);
#3962=ORIENTED_EDGE('',*,*,#2717,.T.);
#3963=ORIENTED_EDGE('',*,*,#2720,.T.);
#3964=ORIENTED_EDGE('',*,*,#2723,.T.);
#3965=ORIENTED_EDGE('',*,*,#2726,.T.);
#3966=ORIENTED_EDGE('',*,*,#2729,.T.);
#3967=ORIENTED_EDGE('',*,*,#2734,.F.);
#3968=ORIENTED_EDGE('',*,*,#2735,.T.);
#3969=ORIENTED_EDGE('',*,*,#2736,.F.);
#3970=ORIENTED_EDGE('',*,*,#2737,.F.);
#3971=ORIENTED_EDGE('',*,*,#2738,.F.);
#3972=ORIENTED_EDGE('',*,*,#2737,.T.);
#3973=ORIENTED_EDGE('',*,*,#2739,.F.);
#3974=ORIENTED_EDGE('',*,*,#2740,.F.);
#3975=ORIENTED_EDGE('',*,*,#2741,.F.);
#3976=ORIENTED_EDGE('',*,*,#2740,.T.);
#3977=ORIENTED_EDGE('',*,*,#2742,.F.);
#3978=ORIENTED_EDGE('',*,*,#2743,.F.);
#3979=ORIENTED_EDGE('',*,*,#2744,.F.);
#3980=ORIENTED_EDGE('',*,*,#2743,.T.);
#3981=ORIENTED_EDGE('',*,*,#2745,.F.);
#3982=ORIENTED_EDGE('',*,*,#2746,.F.);
#3983=ORIENTED_EDGE('',*,*,#2747,.F.);
#3984=ORIENTED_EDGE('',*,*,#2746,.T.);
#3985=ORIENTED_EDGE('',*,*,#2748,.F.);
#3986=ORIENTED_EDGE('',*,*,#2749,.F.);
#3987=ORIENTED_EDGE('',*,*,#2750,.F.);
#3988=ORIENTED_EDGE('',*,*,#2749,.T.);
#3989=ORIENTED_EDGE('',*,*,#2751,.F.);
#3990=ORIENTED_EDGE('',*,*,#2752,.F.);
#3991=ORIENTED_EDGE('',*,*,#2753,.F.);
#3992=ORIENTED_EDGE('',*,*,#2752,.T.);
#3993=ORIENTED_EDGE('',*,*,#2754,.F.);
#3994=ORIENTED_EDGE('',*,*,#2755,.F.);
#3995=ORIENTED_EDGE('',*,*,#2756,.F.);
#3996=ORIENTED_EDGE('',*,*,#2755,.T.);
#3997=ORIENTED_EDGE('',*,*,#2757,.F.);
#3998=ORIENTED_EDGE('',*,*,#2758,.F.);
#3999=ORIENTED_EDGE('',*,*,#2759,.F.);
#4000=ORIENTED_EDGE('',*,*,#2758,.T.);
#4001=ORIENTED_EDGE('',*,*,#2760,.F.);
#4002=ORIENTED_EDGE('',*,*,#2761,.F.);
#4003=ORIENTED_EDGE('',*,*,#2762,.F.);
#4004=ORIENTED_EDGE('',*,*,#2761,.T.);
#4005=ORIENTED_EDGE('',*,*,#2763,.F.);
#4006=ORIENTED_EDGE('',*,*,#2764,.F.);
#4007=ORIENTED_EDGE('',*,*,#2765,.F.);
#4008=ORIENTED_EDGE('',*,*,#2764,.T.);
#4009=ORIENTED_EDGE('',*,*,#2766,.F.);
#4010=ORIENTED_EDGE('',*,*,#2735,.F.);
#4011=ORIENTED_EDGE('',*,*,#2766,.T.);
#4012=ORIENTED_EDGE('',*,*,#2763,.T.);
#4013=ORIENTED_EDGE('',*,*,#2760,.T.);
#4014=ORIENTED_EDGE('',*,*,#2757,.T.);
#4015=ORIENTED_EDGE('',*,*,#2754,.T.);
#4016=ORIENTED_EDGE('',*,*,#2751,.T.);
#4017=ORIENTED_EDGE('',*,*,#2748,.T.);
#4018=ORIENTED_EDGE('',*,*,#2745,.T.);
#4019=ORIENTED_EDGE('',*,*,#2742,.T.);
#4020=ORIENTED_EDGE('',*,*,#2739,.T.);
#4021=ORIENTED_EDGE('',*,*,#2736,.T.);
#4022=ORIENTED_EDGE('',*,*,#2765,.T.);
#4023=ORIENTED_EDGE('',*,*,#2734,.T.);
#4024=ORIENTED_EDGE('',*,*,#2738,.T.);
#4025=ORIENTED_EDGE('',*,*,#2741,.T.);
#4026=ORIENTED_EDGE('',*,*,#2744,.T.);
#4027=ORIENTED_EDGE('',*,*,#2747,.T.);
#4028=ORIENTED_EDGE('',*,*,#2750,.T.);
#4029=ORIENTED_EDGE('',*,*,#2753,.T.);
#4030=ORIENTED_EDGE('',*,*,#2756,.T.);
#4031=ORIENTED_EDGE('',*,*,#2759,.T.);
#4032=ORIENTED_EDGE('',*,*,#2762,.T.);
#4033=CYLINDRICAL_SURFACE('',#4359,1.5);
#4034=CYLINDRICAL_SURFACE('',#4363,1.5);
#4035=CYLINDRICAL_SURFACE('',#4369,1.5);
#4036=CYLINDRICAL_SURFACE('',#4375,1.5);
#4037=CYLINDRICAL_SURFACE('',#4402,1.5);
#4038=CYLINDRICAL_SURFACE('',#4405,1.5);
#4039=CYLINDRICAL_SURFACE('',#4411,1.5);
#4040=CYLINDRICAL_SURFACE('',#4414,1.5);
#4041=CYLINDRICAL_SURFACE('',#4418,1.5);
#4042=CYLINDRICAL_SURFACE('',#4421,1.5);
#4043=CYLINDRICAL_SURFACE('',#4425,1.5);
#4044=CYLINDRICAL_SURFACE('',#4428,1.5);
#4045=CYLINDRICAL_SURFACE('',#4460,1.5);
#4046=CYLINDRICAL_SURFACE('',#4463,1.5);
#4047=CYLINDRICAL_SURFACE('',#4469,1.5);
#4048=CYLINDRICAL_SURFACE('',#4472,1.5);
#4049=CYLINDRICAL_SURFACE('',#4476,1.5);
#4050=CYLINDRICAL_SURFACE('',#4479,1.5);
#4051=CYLINDRICAL_SURFACE('',#4483,1.5);
#4052=CYLINDRICAL_SURFACE('',#4486,1.5);
#4053=ADVANCED_FACE('',(#618),#4033,.T.);
#4054=ADVANCED_FACE('',(#619),#529,.T.);
#4055=ADVANCED_FACE('',(#620),#4034,.T.);
#4056=ADVANCED_FACE('',(#621),#4035,.T.);
#4057=ADVANCED_FACE('',(#622),#4036,.T.);
#4058=ADVANCED_FACE('',(#623),#530,.T.);
#4059=ADVANCED_FACE('',(#624),#531,.T.);
#4060=ADVANCED_FACE('',(#625),#532,.T.);
#4061=ADVANCED_FACE('',(#626),#533,.T.);
#4062=ADVANCED_FACE('',(#627),#534,.F.);
#4063=ADVANCED_FACE('',(#628),#535,.T.);
#4064=ADVANCED_FACE('',(#629),#536,.T.);
#4065=ADVANCED_FACE('',(#630),#537,.T.);
#4066=ADVANCED_FACE('',(#631),#538,.T.);
#4067=ADVANCED_FACE('',(#632),#539,.T.);
#4068=ADVANCED_FACE('',(#633),#540,.T.);
#4069=ADVANCED_FACE('',(#634),#541,.T.);
#4070=ADVANCED_FACE('',(#635),#542,.T.);
#4071=ADVANCED_FACE('',(#636),#495,.F.);
#4072=ADVANCED_FACE('',(#637),#543,.T.);
#4073=ADVANCED_FACE('',(#638),#544,.F.);
#4074=ADVANCED_FACE('',(#639),#496,.F.);
#4075=ADVANCED_FACE('',(#640),#545,.T.);
#4076=ADVANCED_FACE('',(#641),#546,.F.);
#4077=ADVANCED_FACE('',(#642),#351,.F.);
#4078=ADVANCED_FACE('',(#643),#497,.F.);
#4079=ADVANCED_FACE('',(#644,#23),#547,.F.);
#4080=ADVANCED_FACE('',(#645),#4037,.T.);
#4081=ADVANCED_FACE('',(#646),#4038,.T.);
#4082=ADVANCED_FACE('',(#647),#352,.F.);
#4083=ADVANCED_FACE('',(#648),#353,.F.);
#4084=ADVANCED_FACE('',(#649),#354,.F.);
#4085=ADVANCED_FACE('',(#650),#355,.F.);
#4086=ADVANCED_FACE('',(#651),#4039,.T.);
#4087=ADVANCED_FACE('',(#652),#4040,.T.);
#4088=ADVANCED_FACE('',(#653),#356,.F.);
#4089=ADVANCED_FACE('',(#654),#357,.F.);
#4090=ADVANCED_FACE('',(#655),#4041,.T.);
#4091=ADVANCED_FACE('',(#656),#4042,.T.);
#4092=ADVANCED_FACE('',(#657),#358,.F.);
#4093=ADVANCED_FACE('',(#658),#359,.F.);
#4094=ADVANCED_FACE('',(#659),#360,.F.);
#4095=ADVANCED_FACE('',(#660),#361,.F.);
#4096=ADVANCED_FACE('',(#661),#4043,.T.);
#4097=ADVANCED_FACE('',(#662),#4044,.T.);
#4098=ADVANCED_FACE('',(#663),#362,.F.);
#4099=ADVANCED_FACE('',(#664),#363,.F.);
#4100=ADVANCED_FACE('',(#665),#364,.F.);
#4101=ADVANCED_FACE('',(#666),#365,.F.);
#4102=ADVANCED_FACE('',(#667),#366,.F.);
#4103=ADVANCED_FACE('',(#668),#367,.F.);
#4104=ADVANCED_FACE('',(#669),#548,.T.);
#4105=ADVANCED_FACE('',(#670),#368,.T.);
#4106=ADVANCED_FACE('',(#671),#549,.T.);
#4107=ADVANCED_FACE('',(#672),#369,.T.);
#4108=ADVANCED_FACE('',(#673),#550,.T.);
#4109=ADVANCED_FACE('',(#674),#370,.T.);
#4110=ADVANCED_FACE('',(#675),#371,.T.);
#4111=ADVANCED_FACE('',(#676),#372,.T.);
#4112=ADVANCED_FACE('',(#677),#551,.T.);
#4113=ADVANCED_FACE('',(#678),#373,.T.);
#4114=ADVANCED_FACE('',(#679),#374,.T.);
#4115=ADVANCED_FACE('',(#680),#375,.T.);
#4116=ADVANCED_FACE('',(#681),#376,.T.);
#4117=ADVANCED_FACE('',(#682),#377,.T.);
#4118=ADVANCED_FACE('',(#683),#378,.T.);
#4119=ADVANCED_FACE('',(#684),#379,.T.);
#4120=ADVANCED_FACE('',(#685),#552,.T.);
#4121=ADVANCED_FACE('',(#686),#553,.T.);
#4122=ADVANCED_FACE('',(#687),#554,.T.);
#4123=ADVANCED_FACE('',(#688),#555,.T.);
#4124=ADVANCED_FACE('',(#689),#556,.T.);
#4125=ADVANCED_FACE('',(#690),#557,.T.);
#4126=ADVANCED_FACE('',(#691),#558,.T.);
#4127=ADVANCED_FACE('',(#692),#559,.T.);
#4128=ADVANCED_FACE('',(#693),#560,.T.);
#4129=ADVANCED_FACE('',(#694),#561,.T.);
#4130=ADVANCED_FACE('',(#695),#562,.T.);
#4131=ADVANCED_FACE('',(#696),#563,.T.);
#4132=ADVANCED_FACE('',(#697),#564,.T.);
#4133=ADVANCED_FACE('',(#698),#565,.T.);
#4134=ADVANCED_FACE('',(#699),#498,.T.);
#4135=ADVANCED_FACE('',(#700),#380,.F.);
#4136=ADVANCED_FACE('',(#701),#499,.F.);
#4137=ADVANCED_FACE('',(#702,#24),#566,.F.);
#4138=ADVANCED_FACE('',(#703),#4045,.T.);
#4139=ADVANCED_FACE('',(#704),#4046,.T.);
#4140=ADVANCED_FACE('',(#705),#381,.F.);
#4141=ADVANCED_FACE('',(#706),#382,.F.);
#4142=ADVANCED_FACE('',(#707),#383,.F.);
#4143=ADVANCED_FACE('',(#708),#384,.F.);
#4144=ADVANCED_FACE('',(#709),#4047,.T.);
#4145=ADVANCED_FACE('',(#710),#4048,.T.);
#4146=ADVANCED_FACE('',(#711),#385,.F.);
#4147=ADVANCED_FACE('',(#712),#386,.F.);
#4148=ADVANCED_FACE('',(#713),#4049,.T.);
#4149=ADVANCED_FACE('',(#714),#4050,.T.);
#4150=ADVANCED_FACE('',(#715),#387,.F.);
#4151=ADVANCED_FACE('',(#716),#388,.F.);
#4152=ADVANCED_FACE('',(#717),#389,.F.);
#4153=ADVANCED_FACE('',(#718),#390,.F.);
#4154=ADVANCED_FACE('',(#719),#4051,.T.);
#4155=ADVANCED_FACE('',(#720),#4052,.T.);
#4156=ADVANCED_FACE('',(#721),#391,.F.);
#4157=ADVANCED_FACE('',(#722),#392,.F.);
#4158=ADVANCED_FACE('',(#723),#393,.F.);
#4159=ADVANCED_FACE('',(#724),#394,.F.);
#4160=ADVANCED_FACE('',(#725),#395,.F.);
#4161=ADVANCED_FACE('',(#726),#396,.F.);
#4162=ADVANCED_FACE('',(#727),#567,.T.);
#4163=ADVANCED_FACE('',(#728),#397,.T.);
#4164=ADVANCED_FACE('',(#729),#568,.T.);
#4165=ADVANCED_FACE('',(#730),#398,.T.);
#4166=ADVANCED_FACE('',(#731),#569,.T.);
#4167=ADVANCED_FACE('',(#732),#399,.T.);
#4168=ADVANCED_FACE('',(#733),#400,.T.);
#4169=ADVANCED_FACE('',(#734),#401,.T.);
#4170=ADVANCED_FACE('',(#735),#570,.T.);
#4171=ADVANCED_FACE('',(#736),#402,.T.);
#4172=ADVANCED_FACE('',(#737),#403,.T.);
#4173=ADVANCED_FACE('',(#738),#404,.T.);
#4174=ADVANCED_FACE('',(#739),#405,.T.);
#4175=ADVANCED_FACE('',(#740),#406,.T.);
#4176=ADVANCED_FACE('',(#741),#407,.T.);
#4177=ADVANCED_FACE('',(#742),#408,.T.);
#4178=ADVANCED_FACE('',(#743),#571,.T.);
#4179=ADVANCED_FACE('',(#744),#572,.T.);
#4180=ADVANCED_FACE('',(#745),#573,.T.);
#4181=ADVANCED_FACE('',(#746),#574,.T.);
#4182=ADVANCED_FACE('',(#747),#575,.T.);
#4183=ADVANCED_FACE('',(#748),#576,.T.);
#4184=ADVANCED_FACE('',(#749),#577,.T.);
#4185=ADVANCED_FACE('',(#750),#578,.T.);
#4186=ADVANCED_FACE('',(#751),#579,.T.);
#4187=ADVANCED_FACE('',(#752),#580,.T.);
#4188=ADVANCED_FACE('',(#753),#581,.T.);
#4189=ADVANCED_FACE('',(#754),#582,.T.);
#4190=ADVANCED_FACE('',(#755),#583,.T.);
#4191=ADVANCED_FACE('',(#756),#584,.T.);
#4192=ADVANCED_FACE('',(#757),#500,.T.);
#4193=ADVANCED_FACE('',(#758),#409,.T.);
#4194=ADVANCED_FACE('',(#759),#410,.T.);
#4195=ADVANCED_FACE('',(#760),#411,.T.);
#4196=ADVANCED_FACE('',(#761),#412,.T.);
#4197=ADVANCED_FACE('',(#762),#413,.T.);
#4198=ADVANCED_FACE('',(#763),#585,.T.);
#4199=ADVANCED_FACE('',(#764),#586,.T.);
#4200=ADVANCED_FACE('',(#765),#414,.T.);
#4201=ADVANCED_FACE('',(#766),#415,.T.);
#4202=ADVANCED_FACE('',(#767),#416,.T.);
#4203=ADVANCED_FACE('',(#768),#417,.T.);
#4204=ADVANCED_FACE('',(#769),#418,.T.);
#4205=ADVANCED_FACE('',(#770),#419,.T.);
#4206=ADVANCED_FACE('',(#771),#420,.T.);
#4207=ADVANCED_FACE('',(#772),#421,.T.);
#4208=ADVANCED_FACE('',(#773),#587,.T.);
#4209=ADVANCED_FACE('',(#774),#422,.T.);
#4210=ADVANCED_FACE('',(#775),#423,.T.);
#4211=ADVANCED_FACE('',(#776),#588,.T.);
#4212=ADVANCED_FACE('',(#777),#424,.T.);
#4213=ADVANCED_FACE('',(#778),#425,.T.);
#4214=ADVANCED_FACE('',(#779),#426,.T.);
#4215=ADVANCED_FACE('',(#780),#427,.T.);
#4216=ADVANCED_FACE('',(#781),#428,.T.);
#4217=ADVANCED_FACE('',(#782),#429,.T.);
#4218=ADVANCED_FACE('',(#783),#589,.T.);
#4219=ADVANCED_FACE('',(#784),#430,.T.);
#4220=ADVANCED_FACE('',(#785,#25),#590,.T.);
#4221=ADVANCED_FACE('',(#786,#26),#591,.F.);
#4222=ADVANCED_FACE('',(#787),#592,.T.);
#4223=ADVANCED_FACE('',(#788),#431,.T.);
#4224=ADVANCED_FACE('',(#789),#432,.T.);
#4225=ADVANCED_FACE('',(#790),#433,.T.);
#4226=ADVANCED_FACE('',(#791),#434,.T.);
#4227=ADVANCED_FACE('',(#792),#435,.T.);
#4228=ADVANCED_FACE('',(#793),#593,.T.);
#4229=ADVANCED_FACE('',(#794),#436,.T.);
#4230=ADVANCED_FACE('',(#795),#437,.T.);
#4231=ADVANCED_FACE('',(#796),#438,.T.);
#4232=ADVANCED_FACE('',(#797),#439,.T.);
#4233=ADVANCED_FACE('',(#798),#440,.T.);
#4234=ADVANCED_FACE('',(#799),#441,.T.);
#4235=ADVANCED_FACE('',(#800),#442,.T.);
#4236=ADVANCED_FACE('',(#801),#594,.T.);
#4237=ADVANCED_FACE('',(#802),#595,.F.);
#4238=ADVANCED_FACE('',(#803),#596,.T.);
#4239=ADVANCED_FACE('',(#804),#597,.T.);
#4240=ADVANCED_FACE('',(#805),#443,.T.);
#4241=ADVANCED_FACE('',(#806),#444,.T.);
#4242=ADVANCED_FACE('',(#807),#445,.T.);
#4243=ADVANCED_FACE('',(#808),#446,.T.);
#4244=ADVANCED_FACE('',(#809),#598,.T.);
#4245=ADVANCED_FACE('',(#810),#599,.T.);
#4246=ADVANCED_FACE('',(#811),#600,.T.);
#4247=ADVANCED_FACE('',(#812),#601,.T.);
#4248=ADVANCED_FACE('',(#813),#602,.T.);
#4249=ADVANCED_FACE('',(#814),#447,.T.);
#4250=ADVANCED_FACE('',(#815),#448,.T.);
#4251=ADVANCED_FACE('',(#816),#449,.T.);
#4252=ADVANCED_FACE('',(#817),#450,.T.);
#4253=ADVANCED_FACE('',(#818),#603,.T.);
#4254=ADVANCED_FACE('',(#819),#604,.T.);
#4255=ADVANCED_FACE('',(#820),#605,.F.);
#4256=ADVANCED_FACE('',(#821),#451,.T.);
#4257=ADVANCED_FACE('',(#822),#452,.T.);
#4258=ADVANCED_FACE('',(#823),#453,.T.);
#4259=ADVANCED_FACE('',(#824),#454,.T.);
#4260=ADVANCED_FACE('',(#825),#455,.T.);
#4261=ADVANCED_FACE('',(#826),#456,.T.);
#4262=ADVANCED_FACE('',(#827),#457,.T.);
#4263=ADVANCED_FACE('',(#828),#458,.T.);
#4264=ADVANCED_FACE('',(#829),#459,.T.);
#4265=ADVANCED_FACE('',(#830),#460,.T.);
#4266=ADVANCED_FACE('',(#831),#461,.T.);
#4267=ADVANCED_FACE('',(#832),#462,.T.);
#4268=ADVANCED_FACE('',(#833),#463,.T.);
#4269=ADVANCED_FACE('',(#834),#464,.T.);
#4270=ADVANCED_FACE('',(#835),#465,.T.);
#4271=ADVANCED_FACE('',(#836),#466,.T.);
#4272=ADVANCED_FACE('',(#837),#467,.T.);
#4273=ADVANCED_FACE('',(#838,#27),#606,.T.);
#4274=ADVANCED_FACE('',(#839,#28),#607,.F.);
#4275=ADVANCED_FACE('',(#840),#608,.T.);
#4276=ADVANCED_FACE('',(#841),#468,.T.);
#4277=ADVANCED_FACE('',(#842),#469,.T.);
#4278=ADVANCED_FACE('',(#843),#470,.T.);
#4279=ADVANCED_FACE('',(#844),#471,.T.);
#4280=ADVANCED_FACE('',(#845),#472,.T.);
#4281=ADVANCED_FACE('',(#846),#473,.T.);
#4282=ADVANCED_FACE('',(#847),#474,.T.);
#4283=ADVANCED_FACE('',(#848),#475,.T.);
#4284=ADVANCED_FACE('',(#849),#476,.T.);
#4285=ADVANCED_FACE('',(#850),#477,.T.);
#4286=ADVANCED_FACE('',(#851),#609,.T.);
#4287=ADVANCED_FACE('',(#852),#478,.T.);
#4288=ADVANCED_FACE('',(#853),#479,.T.);
#4289=ADVANCED_FACE('',(#854),#480,.T.);
#4290=ADVANCED_FACE('',(#855),#481,.T.);
#4291=ADVANCED_FACE('',(#856),#482,.T.);
#4292=ADVANCED_FACE('',(#857),#483,.T.);
#4293=ADVANCED_FACE('',(#858),#484,.T.);
#4294=ADVANCED_FACE('',(#859),#485,.T.);
#4295=ADVANCED_FACE('',(#860),#486,.T.);
#4296=ADVANCED_FACE('',(#861),#487,.T.);
#4297=ADVANCED_FACE('',(#862),#610,.T.);
#4298=ADVANCED_FACE('',(#863),#611,.F.);
#4299=ADVANCED_FACE('',(#864),#612,.T.);
#4300=ADVANCED_FACE('',(#865),#488,.T.);
#4301=ADVANCED_FACE('',(#866),#489,.T.);
#4302=ADVANCED_FACE('',(#867),#490,.T.);
#4303=ADVANCED_FACE('',(#868),#613,.T.);
#4304=ADVANCED_FACE('',(#869),#491,.T.);
#4305=ADVANCED_FACE('',(#870),#492,.T.);
#4306=ADVANCED_FACE('',(#871),#493,.T.);
#4307=ADVANCED_FACE('',(#872),#494,.T.);
#4308=ADVANCED_FACE('',(#873),#614,.T.);
#4309=ADVANCED_FACE('',(#874),#615,.T.);
#4310=ADVANCED_FACE('',(#875),#616,.T.);
#4311=ADVANCED_FACE('',(#876),#617,.F.);
#4312=CLOSED_SHELL('',(#4053,#4054,#4055,#4056,#4057,#4058,#4059,#4060,
#4061,#4062,#4063,#4064,#4065,#4066,#4067,#4068,#4069,#4070));
#4313=CLOSED_SHELL('',(#4071,#4072,#4073));
#4314=CLOSED_SHELL('',(#4074,#4075,#4076));
#4315=CLOSED_SHELL('',(#4077,#4078,#4079,#4080,#4081,#4082,#4083,#4084,
#4085,#4086,#4087,#4088,#4089,#4090,#4091,#4092,#4093,#4094,#4095,#4096,
#4097,#4098,#4099,#4100,#4101,#4102,#4103,#4104,#4105,#4106,#4107,#4108,
#4109,#4110,#4111,#4112,#4113,#4114,#4115,#4116,#4117,#4118,#4119,#4120,
#4121,#4122,#4123,#4124,#4125,#4126,#4127,#4128,#4129,#4130,#4131,#4132,
#4133,#4134));
#4316=CLOSED_SHELL('',(#4135,#4136,#4137,#4138,#4139,#4140,#4141,#4142,
#4143,#4144,#4145,#4146,#4147,#4148,#4149,#4150,#4151,#4152,#4153,#4154,
#4155,#4156,#4157,#4158,#4159,#4160,#4161,#4162,#4163,#4164,#4165,#4166,
#4167,#4168,#4169,#4170,#4171,#4172,#4173,#4174,#4175,#4176,#4177,#4178,
#4179,#4180,#4181,#4182,#4183,#4184,#4185,#4186,#4187,#4188,#4189,#4190,
#4191,#4192));
#4317=CLOSED_SHELL('',(#4193,#4194,#4195,#4196,#4197,#4198,#4199,#4200,
#4201,#4202,#4203,#4204,#4205,#4206,#4207,#4208,#4209,#4210,#4211,#4212,
#4213,#4214,#4215,#4216,#4217,#4218,#4219,#4220,#4221));
#4318=CLOSED_SHELL('',(#4222,#4223,#4224,#4225,#4226,#4227,#4228,#4229,
#4230,#4231,#4232,#4233,#4234,#4235,#4236,#4237));
#4319=CLOSED_SHELL('',(#4238,#4239,#4240,#4241,#4242,#4243,#4244,#4245,
#4246,#4247,#4248,#4249,#4250,#4251,#4252,#4253,#4254,#4255));
#4320=CLOSED_SHELL('',(#4256,#4257,#4258,#4259,#4260,#4261,#4262,#4263,
#4264,#4265,#4266,#4267,#4268,#4269,#4270,#4271,#4272,#4273,#4274));
#4321=CLOSED_SHELL('',(#4275,#4276,#4277,#4278,#4279,#4280,#4281,#4282,
#4283,#4284,#4285,#4286,#4287,#4288,#4289,#4290,#4291,#4292,#4293,#4294,
#4295,#4296,#4297,#4298));
#4322=CLOSED_SHELL('',(#4299,#4300,#4301,#4302,#4303,#4304,#4305,#4306,
#4307,#4308,#4309,#4310,#4311));
#4323=DERIVED_UNIT_ELEMENT(#4329,1.);
#4324=DERIVED_UNIT_ELEMENT(#10433,-3.);
#4325=DERIVED_UNIT_ELEMENT(#4329,1.);
#4326=DERIVED_UNIT_ELEMENT(#10433,-3.);
#4327=DERIVED_UNIT_ELEMENT(#4329,1.);
#4328=DERIVED_UNIT_ELEMENT(#10433,-3.);
#4329=(
MASS_UNIT()
NAMED_UNIT(*)
SI_UNIT(.KILO.,.GRAM.)
);
#4330=DERIVED_UNIT((#4323,#4324));
#4331=DERIVED_UNIT((#4325,#4326));
#4332=DERIVED_UNIT((#4327,#4328));
#4333=MEASURE_REPRESENTATION_ITEM('density measure',
POSITIVE_RATIO_MEASURE(7850.),#4330);
#4334=MEASURE_REPRESENTATION_ITEM('density measure',
POSITIVE_RATIO_MEASURE(7850.),#4331);
#4335=MEASURE_REPRESENTATION_ITEM('density measure',
POSITIVE_RATIO_MEASURE(7850.),#4332);
#4336=PROPERTY_DEFINITION_REPRESENTATION(#4351,#4342);
#4337=PROPERTY_DEFINITION_REPRESENTATION(#4352,#4343);
#4338=PROPERTY_DEFINITION_REPRESENTATION(#4353,#4344);
#4339=PROPERTY_DEFINITION_REPRESENTATION(#4354,#4345);
#4340=PROPERTY_DEFINITION_REPRESENTATION(#4355,#4346);
#4341=PROPERTY_DEFINITION_REPRESENTATION(#4356,#4347);
#4342=REPRESENTATION('material name',(#4348),#10428);
#4343=REPRESENTATION('density',(#4333),#10428);
#4344=REPRESENTATION('material name',(#4349),#10429);
#4345=REPRESENTATION('density',(#4334),#10429);
#4346=REPRESENTATION('material name',(#4350),#10430);
#4347=REPRESENTATION('density',(#4335),#10430);
#4348=DESCRIPTIVE_REPRESENTATION_ITEM('Steel','Steel');
#4349=DESCRIPTIVE_REPRESENTATION_ITEM('Steel','Steel');
#4350=DESCRIPTIVE_REPRESENTATION_ITEM('Steel','Steel');
#4351=PROPERTY_DEFINITION('material property','material name',#10453);
#4352=PROPERTY_DEFINITION('material property','density of part',#10453);
#4353=PROPERTY_DEFINITION('material property','material name',#10454);
#4354=PROPERTY_DEFINITION('material property','density of part',#10454);
#4355=PROPERTY_DEFINITION('material property','material name',#10455);
#4356=PROPERTY_DEFINITION('material property','density of part',#10455);
#4357=AXIS2_PLACEMENT_3D('',#5222,#4551,#4552);
#4358=AXIS2_PLACEMENT_3D('',#5223,#4553,#4554);
#4359=AXIS2_PLACEMENT_3D('',#5224,#4555,#4556);
#4360=AXIS2_PLACEMENT_3D('',#5227,#4557,#4558);
#4361=AXIS2_PLACEMENT_3D('',#5231,#4560,#4561);
#4362=AXIS2_PLACEMENT_3D('',#5233,#4563,#4564);
#4363=AXIS2_PLACEMENT_3D('',#5239,#4568,#4569);
#4364=AXIS2_PLACEMENT_3D('',#5243,#4571,#4572);
#4365=AXIS2_PLACEMENT_3D('',#5247,#4574,#4575);
#4366=AXIS2_PLACEMENT_3D('',#5251,#4577,#4578);
#4367=AXIS2_PLACEMENT_3D('',#5255,#4580,#4581);
#4368=AXIS2_PLACEMENT_3D('',#5258,#4583,#4584);
#4369=AXIS2_PLACEMENT_3D('',#5259,#4585,#4586);
#4370=AXIS2_PLACEMENT_3D('',#5261,#4587,#4588);
#4371=AXIS2_PLACEMENT_3D('',#5265,#4590,#4591);
#4372=AXIS2_PLACEMENT_3D('',#5269,#4593,#4594);
#4373=AXIS2_PLACEMENT_3D('',#5273,#4596,#4597);
#4374=AXIS2_PLACEMENT_3D('',#5277,#4599,#4600);
#4375=AXIS2_PLACEMENT_3D('',#5279,#4602,#4603);
#4376=AXIS2_PLACEMENT_3D('',#5282,#4606,#4607);
#4377=AXIS2_PLACEMENT_3D('',#5285,#4610,#4611);
#4378=AXIS2_PLACEMENT_3D('',#5287,#4613,#4614);
#4379=AXIS2_PLACEMENT_3D('',#5289,#4616,#4617);
#4380=AXIS2_PLACEMENT_3D('',#5291,#4619,#4620);
#4381=AXIS2_PLACEMENT_3D('',#5297,#4624,#4625);
#4382=AXIS2_PLACEMENT_3D('',#5299,#4627,#4628);
#4383=AXIS2_PLACEMENT_3D('',#5303,#4631,#4632);
#4384=AXIS2_PLACEMENT_3D('',#5304,#4633,#4634);
#4385=AXIS2_PLACEMENT_3D('',#5308,#4637,#4638);
#4386=AXIS2_PLACEMENT_3D('',#5310,#4640,#4641);
#4387=AXIS2_PLACEMENT_3D('',#5312,#4643,#4644);
#4388=AXIS2_PLACEMENT_3D('',#5313,#4645,#4646);
#4389=AXIS2_PLACEMENT_3D('',#5314,#4647,#4648);
#4390=AXIS2_PLACEMENT_3D('',#5334,#4649,#4650);
#4391=AXIS2_PLACEMENT_3D('',#5337,#4652,#4653);
#4392=AXIS2_PLACEMENT_3D('',#5338,#4654,#4655);
#4393=AXIS2_PLACEMENT_3D('',#5339,#4656,#4657);
#4394=AXIS2_PLACEMENT_3D('',#5359,#4658,#4659);
#4395=AXIS2_PLACEMENT_3D('',#5362,#4661,#4662);
#4396=AXIS2_PLACEMENT_3D('',#5363,#4663,#4664);
#4397=AXIS2_PLACEMENT_3D('',#5364,#4665,#4666);
#4398=AXIS2_PLACEMENT_3D('',#5365,#4667,#4668);
#4399=AXIS2_PLACEMENT_3D('',#5488,#4669,#4670);
#4400=AXIS2_PLACEMENT_3D('',#5670,#4672,#4673);
#4401=AXIS2_PLACEMENT_3D('',#5672,#4674,#4675);
#4402=AXIS2_PLACEMENT_3D('',#5673,#4676,#4677);
#4403=AXIS2_PLACEMENT_3D('',#5678,#4679,#4680);
#4404=AXIS2_PLACEMENT_3D('',#5681,#4682,#4683);
#4405=AXIS2_PLACEMENT_3D('',#5682,#4684,#4685);
#4406=AXIS2_PLACEMENT_3D('',#5686,#4687,#4688);
#4407=AXIS2_PLACEMENT_3D('',#5740,#4690,#4691);
#4408=AXIS2_PLACEMENT_3D('',#5840,#4692,#4693);
#4409=AXIS2_PLACEMENT_3D('',#5893,#4694,#4695);
#4410=AXIS2_PLACEMENT_3D('',#5986,#4696,#4697);
#4411=AXIS2_PLACEMENT_3D('',#5987,#4698,#4699);
#4412=AXIS2_PLACEMENT_3D('',#5992,#4701,#4702);
#4413=AXIS2_PLACEMENT_3D('',#5995,#4704,#4705);
#4414=AXIS2_PLACEMENT_3D('',#5996,#4706,#4707);
#4415=AXIS2_PLACEMENT_3D('',#6000,#4709,#4710);
#4416=AXIS2_PLACEMENT_3D('',#6054,#4712,#4713);
#4417=AXIS2_PLACEMENT_3D('',#6140,#4714,#4715);
#4418=AXIS2_PLACEMENT_3D('',#6141,#4716,#4717);
#4419=AXIS2_PLACEMENT_3D('',#6146,#4719,#4720);
#4420=AXIS2_PLACEMENT_3D('',#6149,#4722,#4723);
#4421=AXIS2_PLACEMENT_3D('',#6150,#4724,#4725);
#4422=AXIS2_PLACEMENT_3D('',#6154,#4727,#4728);
#4423=AXIS2_PLACEMENT_3D('',#6235,#4730,#4731);
#4424=AXIS2_PLACEMENT_3D('',#6288,#4732,#4733);
#4425=AXIS2_PLACEMENT_3D('',#6365,#4734,#4735);
#4426=AXIS2_PLACEMENT_3D('',#6370,#4737,#4738);
#4427=AXIS2_PLACEMENT_3D('',#6373,#4740,#4741);
#4428=AXIS2_PLACEMENT_3D('',#6374,#4742,#4743);
#4429=AXIS2_PLACEMENT_3D('',#6378,#4745,#4746);
#4430=AXIS2_PLACEMENT_3D('',#6548,#4748,#4749);
#4431=AXIS2_PLACEMENT_3D('',#6593,#4750,#4751);
#4432=AXIS2_PLACEMENT_3D('',#6594,#4752,#4753);
#4433=AXIS2_PLACEMENT_3D('',#6660,#4757,#4758);
#4434=AXIS2_PLACEMENT_3D('',#6661,#4759,#4760);
#4435=AXIS2_PLACEMENT_3D('',#6716,#4761,#4762);
#4436=AXIS2_PLACEMENT_3D('',#6741,#4763,#4764);
#4437=AXIS2_PLACEMENT_3D('',#6770,#4765,#4766);
#4438=AXIS2_PLACEMENT_3D('',#6771,#4767,#4768);
#4439=AXIS2_PLACEMENT_3D('',#6865,#4779,#4780);
#4440=AXIS2_PLACEMENT_3D('',#6950,#4781,#4782);
#4441=AXIS2_PLACEMENT_3D('',#6951,#4783,#4784);
#4442=AXIS2_PLACEMENT_3D('',#7126,#4785,#4786);
#4443=AXIS2_PLACEMENT_3D('',#7127,#4787,#4788);
#4444=AXIS2_PLACEMENT_3D('',#7129,#4789,#4790);
#4445=AXIS2_PLACEMENT_3D('',#7130,#4791,#4792);
#4446=AXIS2_PLACEMENT_3D('',#7131,#4793,#4794);
#4447=AXIS2_PLACEMENT_3D('',#7135,#4797,#4798);
#4448=AXIS2_PLACEMENT_3D('',#7139,#4801,#4802);
#4449=AXIS2_PLACEMENT_3D('',#7143,#4805,#4806);
#4450=AXIS2_PLACEMENT_3D('',#7147,#4809,#4810);
#4451=AXIS2_PLACEMENT_3D('',#7151,#4813,#4814);
#4452=AXIS2_PLACEMENT_3D('',#7155,#4817,#4818);
#4453=AXIS2_PLACEMENT_3D('',#7159,#4821,#4822);
#4454=AXIS2_PLACEMENT_3D('',#7163,#4825,#4826);
#4455=AXIS2_PLACEMENT_3D('',#7167,#4829,#4830);
#4456=AXIS2_PLACEMENT_3D('',#7169,#4832,#4833);
#4457=AXIS2_PLACEMENT_3D('',#7296,#4835,#4836);
#4458=AXIS2_PLACEMENT_3D('',#7472,#4838,#4839);
#4459=AXIS2_PLACEMENT_3D('',#7474,#4840,#4841);
#4460=AXIS2_PLACEMENT_3D('',#7475,#4842,#4843);
#4461=AXIS2_PLACEMENT_3D('',#7480,#4845,#4846);
#4462=AXIS2_PLACEMENT_3D('',#7483,#4848,#4849);
#4463=AXIS2_PLACEMENT_3D('',#7484,#4850,#4851);
#4464=AXIS2_PLACEMENT_3D('',#7488,#4853,#4854);
#4465=AXIS2_PLACEMENT_3D('',#7542,#4856,#4857);
#4466=AXIS2_PLACEMENT_3D('',#7642,#4858,#4859);
#4467=AXIS2_PLACEMENT_3D('',#7695,#4860,#4861);
#4468=AXIS2_PLACEMENT_3D('',#7788,#4862,#4863);
#4469=AXIS2_PLACEMENT_3D('',#7789,#4864,#4865);
#4470=AXIS2_PLACEMENT_3D('',#7794,#4867,#4868);
#4471=AXIS2_PLACEMENT_3D('',#7797,#4870,#4871);
#4472=AXIS2_PLACEMENT_3D('',#7798,#4872,#4873);
#4473=AXIS2_PLACEMENT_3D('',#7802,#4875,#4876);
#4474=AXIS2_PLACEMENT_3D('',#7856,#4878,#4879);
#4475=AXIS2_PLACEMENT_3D('',#7942,#4880,#4881);
#4476=AXIS2_PLACEMENT_3D('',#7943,#4882,#4883);
#4477=AXIS2_PLACEMENT_3D('',#7948,#4885,#4886);
#4478=AXIS2_PLACEMENT_3D('',#7951,#4888,#4889);
#4479=AXIS2_PLACEMENT_3D('',#7952,#4890,#4891);
#4480=AXIS2_PLACEMENT_3D('',#7956,#4893,#4894);
#4481=AXIS2_PLACEMENT_3D('',#8037,#4896,#4897);
#4482=AXIS2_PLACEMENT_3D('',#8090,#4898,#4899);
#4483=AXIS2_PLACEMENT_3D('',#8167,#4900,#4901);
#4484=AXIS2_PLACEMENT_3D('',#8172,#4903,#4904);
#4485=AXIS2_PLACEMENT_3D('',#8175,#4906,#4907);
#4486=AXIS2_PLACEMENT_3D('',#8176,#4908,#4909);
#4487=AXIS2_PLACEMENT_3D('',#8180,#4911,#4912);
#4488=AXIS2_PLACEMENT_3D('',#8350,#4914,#4915);
#4489=AXIS2_PLACEMENT_3D('',#8395,#4916,#4917);
#4490=AXIS2_PLACEMENT_3D('',#8396,#4918,#4919);
#4491=AXIS2_PLACEMENT_3D('',#8462,#4923,#4924);
#4492=AXIS2_PLACEMENT_3D('',#8463,#4925,#4926);
#4493=AXIS2_PLACEMENT_3D('',#8518,#4927,#4928);
#4494=AXIS2_PLACEMENT_3D('',#8543,#4929,#4930);
#4495=AXIS2_PLACEMENT_3D('',#8572,#4931,#4932);
#4496=AXIS2_PLACEMENT_3D('',#8573,#4933,#4934);
#4497=AXIS2_PLACEMENT_3D('',#8667,#4945,#4946);
#4498=AXIS2_PLACEMENT_3D('',#8752,#4947,#4948);
#4499=AXIS2_PLACEMENT_3D('',#8753,#4949,#4950);
#4500=AXIS2_PLACEMENT_3D('',#8928,#4951,#4952);
#4501=AXIS2_PLACEMENT_3D('',#8929,#4953,#4954);
#4502=AXIS2_PLACEMENT_3D('',#8931,#4955,#4956);
#4503=AXIS2_PLACEMENT_3D('',#8932,#4957,#4958);
#4504=AXIS2_PLACEMENT_3D('',#8933,#4959,#4960);
#4505=AXIS2_PLACEMENT_3D('',#8937,#4963,#4964);
#4506=AXIS2_PLACEMENT_3D('',#8941,#4967,#4968);
#4507=AXIS2_PLACEMENT_3D('',#8945,#4971,#4972);
#4508=AXIS2_PLACEMENT_3D('',#8949,#4975,#4976);
#4509=AXIS2_PLACEMENT_3D('',#8953,#4979,#4980);
#4510=AXIS2_PLACEMENT_3D('',#8957,#4983,#4984);
#4511=AXIS2_PLACEMENT_3D('',#8961,#4987,#4988);
#4512=AXIS2_PLACEMENT_3D('',#8965,#4991,#4992);
#4513=AXIS2_PLACEMENT_3D('',#8969,#4995,#4996);
#4514=AXIS2_PLACEMENT_3D('',#8971,#4998,#4999);
#4515=AXIS2_PLACEMENT_3D('',#9069,#5007,#5008);
#4516=AXIS2_PLACEMENT_3D('',#9072,#5011,#5012);
#4517=AXIS2_PLACEMENT_3D('',#9201,#5025,#5026);
#4518=AXIS2_PLACEMENT_3D('',#9237,#5032,#5033);
#4519=AXIS2_PLACEMENT_3D('',#9333,#5043,#5044);
#4520=AXIS2_PLACEMENT_3D('',#9351,#5048,#5049);
#4521=AXIS2_PLACEMENT_3D('',#9352,#5050,#5051);
#4522=AXIS2_PLACEMENT_3D('',#9353,#5052,#5053);
#4523=AXIS2_PLACEMENT_3D('',#9437,#5063,#5064);
#4524=AXIS2_PLACEMENT_3D('',#9545,#5074,#5075);
#4525=AXIS2_PLACEMENT_3D('',#9546,#5076,#5077);
#4526=AXIS2_PLACEMENT_3D('',#9547,#5078,#5079);
#4527=AXIS2_PLACEMENT_3D('',#9556,#5084,#5085);
#4528=AXIS2_PLACEMENT_3D('',#9622,#5093,#5094);
#4529=AXIS2_PLACEMENT_3D('',#9628,#5098,#5099);
#4530=AXIS2_PLACEMENT_3D('',#9634,#5103,#5104);
#4531=AXIS2_PLACEMENT_3D('',#9640,#5108,#5109);
#4532=AXIS2_PLACEMENT_3D('',#9646,#5113,#5114);
#4533=AXIS2_PLACEMENT_3D('',#9712,#5122,#5123);
#4534=AXIS2_PLACEMENT_3D('',#9715,#5126,#5127);
#4535=AXIS2_PLACEMENT_3D('',#9716,#5128,#5129);
#4536=AXIS2_PLACEMENT_3D('',#9972,#5147,#5148);
#4537=AXIS2_PLACEMENT_3D('',#9973,#5149,#5150);
#4538=AXIS2_PLACEMENT_3D('',#9974,#5151,#5152);
#4539=AXIS2_PLACEMENT_3D('',#10133,#5167,#5168);
#4540=AXIS2_PLACEMENT_3D('',#10286,#5181,#5182);
#4541=AXIS2_PLACEMENT_3D('',#10287,#5183,#5184);
#4542=AXIS2_PLACEMENT_3D('',#10288,#5185,#5186);
#4543=AXIS2_PLACEMENT_3D('',#10342,#5194,#5195);
#4544=AXIS2_PLACEMENT_3D('',#10408,#5203,#5204);
#4545=AXIS2_PLACEMENT_3D('',#10414,#5208,#5209);
#4546=AXIS2_PLACEMENT_3D('',#10417,#5212,#5213);
#4547=AXIS2_PLACEMENT_3D('',#10418,#5214,#5215);
#4548=AXIS2_PLACEMENT_3D('',#10419,#5216,#5217);
#4549=AXIS2_PLACEMENT_3D('',#10420,#5218,#5219);
#4550=AXIS2_PLACEMENT_3D('',#10421,#5220,#5221);
#4551=DIRECTION('axis',(0.,0.,1.));
#4552=DIRECTION('refdir',(1.,0.,0.));
#4553=DIRECTION('axis',(0.,0.,1.));
#4554=DIRECTION('refdir',(1.,0.,0.));
#4555=DIRECTION('center_axis',(-1.,-2.22044604925031E-16,0.));
#4556=DIRECTION('ref_axis',(0.,0.707106781186548,0.707106781186547));
#4557=DIRECTION('center_axis',(0.707106781186548,0.707106781186548,0.));
#4558=DIRECTION('ref_axis',(-0.707106781186548,0.707106781186547,-6.5420519111824E-17));
#4559=DIRECTION('',(1.,2.22044604925031E-16,0.));
#4560=DIRECTION('center_axis',(-0.707106781186549,0.707106781186546,0.));
#4561=DIRECTION('ref_axis',(0.707106781186546,0.707106781186549,-6.5420519111824E-17));
#4562=DIRECTION('',(-1.,-2.22044604925031E-16,0.));
#4563=DIRECTION('center_axis',(0.,0.,1.));
#4564=DIRECTION('ref_axis',(-2.22044604925031E-16,1.,0.));
#4565=DIRECTION('',(-2.22044604925031E-16,1.,0.));
#4566=DIRECTION('',(-1.,-2.22044604925031E-16,0.));
#4567=DIRECTION('',(-2.22044604925031E-16,1.,0.));
#4568=DIRECTION('center_axis',(-2.22044604925031E-16,1.,0.));
#4569=DIRECTION('ref_axis',(-0.707106781186548,0.,0.707106781186547));
#4570=DIRECTION('',(2.22044604925031E-16,-1.,0.));
#4571=DIRECTION('center_axis',(0.707106781186548,-0.707106781186547,-3.7943901084858E-15));
#4572=DIRECTION('ref_axis',(0.707106781186547,0.707106781186548,3.7943901084858E-15));
#4573=DIRECTION('',(-2.22044604925031E-16,1.,0.));
#4574=DIRECTION('center_axis',(2.08653676733375E-16,-0.93969262078591,0.342020143325665));
#4575=DIRECTION('ref_axis',(-8.69390319722394E-17,0.342020143325665,0.93969262078591));
#4576=DIRECTION('',(-2.22044604925031E-16,1.,0.));
#4577=DIRECTION('center_axis',(-2.08653676733374E-16,0.939692620785908,
0.342020143325671));
#4578=DIRECTION('ref_axis',(6.95512255777914E-16,-0.342020143325671,0.939692620785908));
#4579=DIRECTION('',(-2.22044604925031E-16,1.,0.));
#4580=DIRECTION('center_axis',(2.08653676733374E-16,-0.93969262078591,0.342020143325666));
#4581=DIRECTION('ref_axis',(-8.69390319722394E-17,0.342020143325666,0.93969262078591));
#4582=DIRECTION('',(-2.22044604925031E-16,1.,0.));
#4583=DIRECTION('center_axis',(-2.08653676733374E-16,0.939692620785909,
0.342020143325667));
#4584=DIRECTION('ref_axis',(1.73878063944479E-16,-0.342020143325667,0.939692620785909));
#4585=DIRECTION('center_axis',(-2.22044604925031E-16,1.,0.));
#4586=DIRECTION('ref_axis',(0.707106781186548,0.,0.707106781186547));
#4587=DIRECTION('center_axis',(-2.08653676733374E-16,0.939692620785909,
0.342020143325667));
#4588=DIRECTION('ref_axis',(6.08573223805675E-16,-0.342020143325667,0.939692620785909));
#4589=DIRECTION('',(2.22044604925031E-16,-1.,0.));
#4590=DIRECTION('center_axis',(2.08653676733374E-16,-0.93969262078591,0.342020143325666));
#4591=DIRECTION('ref_axis',(-6.95512255777915E-16,0.342020143325666,0.939692620785909));
#4592=DIRECTION('',(-2.22044604925031E-16,1.,0.));
#4593=DIRECTION('center_axis',(-2.08653676733374E-16,0.939692620785908,
0.342020143325671));
#4594=DIRECTION('ref_axis',(6.08573223805674E-16,-0.342020143325671,0.939692620785908));
#4595=DIRECTION('',(2.22044604925031E-16,-1.,0.));
#4596=DIRECTION('center_axis',(2.08653676733375E-16,-0.93969262078591,0.342020143325665));
#4597=DIRECTION('ref_axis',(-6.95512255777915E-16,0.342020143325665,0.93969262078591));
#4598=DIRECTION('',(2.22044604925031E-16,-1.,0.));
#4599=DIRECTION('center_axis',(0.707106781186548,0.707106781186548,-3.92523114670944E-16));
#4600=DIRECTION('ref_axis',(0.707106781186548,-0.707106781186548,-3.92523114670943E-16));
#4601=DIRECTION('',(-2.22044604925031E-16,1.,0.));
#4602=DIRECTION('center_axis',(-1.,-2.22044604925031E-16,0.));
#4603=DIRECTION('ref_axis',(0.,-0.707106781186548,0.707106781186548));
#4604=DIRECTION('',(1.,2.22044604925031E-16,0.));
#4605=DIRECTION('',(-1.,-2.22044604925031E-16,0.));
#4606=DIRECTION('center_axis',(2.94043280189266E-29,-1.32425320709117E-13,
1.));
#4607=DIRECTION('ref_axis',(-2.22044604925031E-16,1.,1.32425320709117E-13));
#4608=DIRECTION('',(-1.,-2.22044604925031E-16,5.96492271335612E-45));
#4609=DIRECTION('',(-1.,-2.22044604925031E-16,0.));
#4610=DIRECTION('center_axis',(2.08653676733374E-16,-0.939692620785908,
-0.342020143325671));
#4611=DIRECTION('ref_axis',(7.59437276011512E-17,-0.342020143325671,0.939692620785908));
#4612=DIRECTION('',(-1.,-2.22044604925031E-16,0.));
#4613=DIRECTION('center_axis',(0.,0.,1.));
#4614=DIRECTION('ref_axis',(-2.22044604925031E-16,1.,0.));
#4615=DIRECTION('',(1.,2.22044604925031E-16,0.));
#4616=DIRECTION('center_axis',(-2.08653676733374E-16,0.93969262078591,-0.342020143325666));
#4617=DIRECTION('ref_axis',(7.594372760115E-17,-0.342020143325666,-0.93969262078591));
#4618=DIRECTION('',(-1.,-2.22044604925031E-16,0.));
#4619=DIRECTION('center_axis',(-1.,-2.22044604925031E-16,0.));
#4620=DIRECTION('ref_axis',(-2.22044604925031E-16,1.,0.));
#4621=DIRECTION('',(0.,0.,1.));
#4622=DIRECTION('',(2.22044604925031E-16,-1.,0.));
#4623=DIRECTION('',(0.,0.,-1.));
#4624=DIRECTION('center_axis',(-3.89037848766222E-32,1.75207071073658E-16,
1.));
#4625=DIRECTION('ref_axis',(-2.22044604925031E-16,1.,-1.75207071073658E-16));
#4626=DIRECTION('',(-1.,-2.22044604925031E-16,0.));
#4627=DIRECTION('center_axis',(2.22044604925031E-16,-1.,0.));
#4628=DIRECTION('ref_axis',(0.,0.,1.));
#4629=DIRECTION('',(0.,0.,1.));
#4630=DIRECTION('',(-1.,-2.22044604925031E-16,0.));
#4631=DIRECTION('center_axis',(2.08653676733374E-16,-0.939692620785909,
-0.342020143325667));
#4632=DIRECTION('ref_axis',(7.59437276011504E-17,-0.342020143325667,0.939692620785909));
#4633=DIRECTION('center_axis',(-1.,-2.22044604925031E-16,0.));
#4634=DIRECTION('ref_axis',(0.,0.,1.));
#4635=DIRECTION('',(0.,0.,-1.));
#4636=DIRECTION('',(2.22044604925031E-16,-1.,0.));
#4637=DIRECTION('center_axis',(-2.22044604925031E-16,1.,0.));
#4638=DIRECTION('ref_axis',(0.,0.,-1.));
#4639=DIRECTION('',(-1.,-2.22044604925031E-16,0.));
#4640=DIRECTION('center_axis',(-2.08653676733375E-16,0.93969262078591,-0.342020143325665));
#4641=DIRECTION('ref_axis',(7.59437276011498E-17,-0.342020143325665,-0.93969262078591));
#4642=DIRECTION('',(1.,2.22044604925031E-16,0.));
#4643=DIRECTION('center_axis',(0.,0.,1.));
#4644=DIRECTION('ref_axis',(-2.22044604925031E-16,1.,0.));
#4645=DIRECTION('center_axis',(0.,0.,-1.));
#4646=DIRECTION('ref_axis',(2.22044604925031E-16,-1.,0.));
#4647=DIRECTION('axis',(0.,0.,1.));
#4648=DIRECTION('refdir',(1.,0.,0.));
#4649=DIRECTION('center_axis',(0.,0.,1.));
#4650=DIRECTION('ref_axis',(0.,1.,0.));
#4651=DIRECTION('',(0.,0.,-1.));
#4652=DIRECTION('center_axis',(0.,0.,1.));
#4653=DIRECTION('ref_axis',(0.,1.,0.));
#4654=DIRECTION('center_axis',(0.,0.,1.));
#4655=DIRECTION('ref_axis',(1.,0.,0.));
#4656=DIRECTION('center_axis',(0.,0.,1.));
#4657=DIRECTION('ref_axis',(1.,0.,0.));
#4658=DIRECTION('center_axis',(0.,0.,1.));
#4659=DIRECTION('ref_axis',(0.,1.,0.));
#4660=DIRECTION('',(0.,0.,-1.));
#4661=DIRECTION('center_axis',(0.,0.,1.));
#4662=DIRECTION('ref_axis',(0.,1.,0.));
#4663=DIRECTION('center_axis',(0.,0.,1.));
#4664=DIRECTION('ref_axis',(1.,0.,0.));
#4665=DIRECTION('center_axis',(0.,0.,1.));
#4666=DIRECTION('ref_axis',(1.,0.,0.));
#4667=DIRECTION('axis',(0.,0.,1.));
#4668=DIRECTION('refdir',(1.,0.,0.));
#4669=DIRECTION('center_axis',(1.,5.55111512312578E-16,8.21730109605218E-31));
#4670=DIRECTION('ref_axis',(0.,-1.48029736616687E-15,1.));
#4671=DIRECTION('',(0.,0.,-1.));
#4672=DIRECTION('center_axis',(0.,0.,-1.));
#4673=DIRECTION('ref_axis',(1.,0.,0.));
#4674=DIRECTION('center_axis',(0.,0.,-1.));
#4675=DIRECTION('ref_axis',(0.,1.,0.));
#4676=DIRECTION('center_axis',(-1.,0.,0.));
#4677=DIRECTION('ref_axis',(0.,0.707106781186548,0.707106781186547));
#4678=DIRECTION('',(-1.,0.,0.));
#4679=DIRECTION('center_axis',(1.,0.,0.));
#4680=DIRECTION('ref_axis',(0.,1.,0.));
#4681=DIRECTION('',(1.,0.,0.));
#4682=DIRECTION('center_axis',(-0.707106781186549,0.707106781186546,0.));
#4683=DIRECTION('ref_axis',(0.707106781186546,0.707106781186549,0.));
#4684=DIRECTION('center_axis',(0.,-1.,-5.93067855034806E-17));
#4685=DIRECTION('ref_axis',(0.707106781186547,0.,0.707106781186548));
#4686=DIRECTION('',(0.,-1.,-5.93067855034806E-17));
#4687=DIRECTION('center_axis',(0.,1.,0.));
#4688=DIRECTION('ref_axis',(-3.38988096852214E-13,0.,1.));
#4689=DIRECTION('',(0.,1.,5.93067855034806E-17));
#4690=DIRECTION('center_axis',(0.,0.987617883408887,0.156878667673299));
#4691=DIRECTION('ref_axis',(0.230769230742685,-0.152644278813373,0.960960606002127));
#4692=DIRECTION('center_axis',(0.,-0.987617883410054,0.156878667665953));
#4693=DIRECTION('ref_axis',(1.,0.,0.));
#4694=DIRECTION('center_axis',(0.982889553426991,0.,0.18419588965037));
#4695=DIRECTION('ref_axis',(0.,1.,0.));
#4696=DIRECTION('center_axis',(-0.982889552056507,0.,0.18419589696342));
#4697=DIRECTION('ref_axis',(0.179224175805932,0.230769221562396,0.956359901494291));
#4698=DIRECTION('center_axis',(0.,-1.,-5.93067855034806E-17));
#4699=DIRECTION('ref_axis',(0.707106781186547,0.,0.707106781186548));
#4700=DIRECTION('',(0.,1.,5.93067855034806E-17));
#4701=DIRECTION('center_axis',(0.,-1.,0.));
#4702=DIRECTION('ref_axis',(1.,0.,0.));
#4703=DIRECTION('',(0.,-1.,-5.93067855034806E-17));
#4704=DIRECTION('center_axis',(0.707106781186548,0.707106781186548,0.));
#4705=DIRECTION('ref_axis',(-0.707106781186547,0.707106781186547,8.38724603997743E-17));
#4706=DIRECTION('center_axis',(-1.,0.,0.));
#4707=DIRECTION('ref_axis',(0.,-0.707106781186547,0.707106781186548));
#4708=DIRECTION('',(-1.,0.,0.));
#4709=DIRECTION('center_axis',(1.,0.,0.));
#4710=DIRECTION('ref_axis',(0.,3.44702044685619E-11,1.));
#4711=DIRECTION('',(1.,0.,0.));
#4712=DIRECTION('center_axis',(0.982889552056508,0.,0.184195896963416));
#4713=DIRECTION('ref_axis',(-0.179224175805928,-0.230769221562399,0.956359901494291));
#4714=DIRECTION('center_axis',(-0.982889553426992,0.,0.184195889650364));
#4715=DIRECTION('ref_axis',(0.,-1.,0.));
#4716=DIRECTION('center_axis',(-1.,0.,0.));
#4717=DIRECTION('ref_axis',(0.,-0.707106781186547,0.707106781186548));
#4718=DIRECTION('',(1.,0.,0.));
#4719=DIRECTION('center_axis',(-1.,0.,1.48029736616688E-15));
#4720=DIRECTION('ref_axis',(0.,-1.,0.));
#4721=DIRECTION('',(-1.,0.,0.));
#4722=DIRECTION('center_axis',(0.707106781186548,-0.707106781186548,0.));
#4723=DIRECTION('ref_axis',(0.707106781186547,0.707106781186547,0.));
#4724=DIRECTION('center_axis',(0.,1.,5.93067855034806E-17));
#4725=DIRECTION('ref_axis',(-0.707106781186547,0.,0.707106781186548));
#4726=DIRECTION('',(0.,1.,5.93067855034806E-17));
#4727=DIRECTION('center_axis',(0.,-1.,0.));
#4728=DIRECTION('ref_axis',(3.40468394218381E-13,0.,1.));
#4729=DIRECTION('',(0.,-1.,-5.93067855034806E-17));
#4730=DIRECTION('center_axis',(0.,0.987617883410055,0.156878667665947));
#4731=DIRECTION('ref_axis',(-1.,0.,0.));
#4732=DIRECTION('center_axis',(0.,-0.987617883408887,0.156878667673302));
#4733=DIRECTION('ref_axis',(-0.230769230742681,0.152644278813376,0.960960606002127));
#4734=DIRECTION('center_axis',(-1.,0.,0.));
#4735=DIRECTION('ref_axis',(0.,0.707106781186548,0.707106781186547));
#4736=DIRECTION('',(1.,0.,0.));
#4737=DIRECTION('center_axis',(-1.,0.,1.48029736616688E-15));
#4738=DIRECTION('ref_axis',(1.48029736616688E-15,-3.44731650632942E-11,
1.));
#4739=DIRECTION('',(-1.,0.,0.));
#4740=DIRECTION('center_axis',(0.707106781186549,0.707106781186546,0.));
#4741=DIRECTION('ref_axis',(0.707106781186546,-0.707106781186549,0.));
#4742=DIRECTION('center_axis',(0.,1.,5.93067855034806E-17));
#4743=DIRECTION('ref_axis',(-0.707106781186547,0.,0.707106781186548));
#4744=DIRECTION('',(0.,-1.,-5.93067855034806E-17));
#4745=DIRECTION('center_axis',(0.,1.,0.));
#4746=DIRECTION('ref_axis',(-1.,0.,0.));
#4747=DIRECTION('',(0.,1.,5.93067855034806E-17));
#4748=DIRECTION('center_axis',(0.,-5.93067855034806E-17,1.));
#4749=DIRECTION('ref_axis',(0.,1.,5.93067855034806E-17));
#4750=DIRECTION('center_axis',(0.551689302557998,0.834049706817927,9.24585448441209E-15));
#4751=DIRECTION('ref_axis',(8.5016438333696E-12,-5.61239943408509E-12,-1.));
#4752=DIRECTION('center_axis',(0.,-1.,0.));
#4753=DIRECTION('ref_axis',(0.,0.,1.));
#4754=DIRECTION('',(0.,0.,1.));
#4755=DIRECTION('',(-1.,0.,0.));
#4756=DIRECTION('',(0.,0.,-1.));
#4757=DIRECTION('center_axis',(0.55168930255613,-0.834049706819163,-1.21823243659933E-15));
#4758=DIRECTION('ref_axis',(-0.834049706819163,-0.55168930255613,0.));
#4759=DIRECTION('center_axis',(0.,-5.93067855034806E-17,1.));
#4760=DIRECTION('ref_axis',(0.,1.,5.93067855034806E-17));
#4761=DIRECTION('center_axis',(-0.551689302557998,-0.834049706817927,8.99506806676522E-15));
#4762=DIRECTION('ref_axis',(-8.5025320117893E-12,5.61328761250479E-12,-1.));
#4763=DIRECTION('center_axis',(0.789788236745923,0.613379606033463,-1.87460731307999E-15));
#4764=DIRECTION('ref_axis',(0.613379606033463,-0.789788236745923,0.));
#4765=DIRECTION('center_axis',(-0.789788235432172,0.61337960772505,-4.26356072793866E-16));
#4766=DIRECTION('ref_axis',(1.97787208833233E-9,2.54670950994296E-9,-1.));
#4767=DIRECTION('center_axis',(-1.,0.,0.));
#4768=DIRECTION('ref_axis',(0.,0.,1.));
#4769=DIRECTION('',(0.,0.,-1.));
#4770=DIRECTION('',(0.,-1.,-1.5029096955282E-16));
#4771=DIRECTION('',(0.,0.342020143325669,-0.939692620785908));
#4772=DIRECTION('',(0.,-1.,1.80411241501588E-16));
#4773=DIRECTION('',(-1.23259516440783E-32,0.342020143325662,0.939692620785911));
#4774=DIRECTION('',(7.35770339663741E-34,-1.,6.29454310631477E-14));
#4775=DIRECTION('',(-2.05432527401305E-32,0.342020143325671,-0.939692620785908));
#4776=DIRECTION('',(3.08148791101958E-33,-1.,-1.32428790156069E-13));
#4777=DIRECTION('',(0.,0.342020143325666,0.939692620785909));
#4778=DIRECTION('',(0.,-1.,1.4930344900423E-16));
#4779=DIRECTION('center_axis',(-0.789788236745923,-0.613379606033462,-2.82799073911552E-15));
#4780=DIRECTION('ref_axis',(-0.613379606033462,0.789788236745923,0.));
#4781=DIRECTION('center_axis',(0.789788235432172,-0.61337960772505,-5.42069003422309E-16));
#4782=DIRECTION('ref_axis',(-1.97787120015391E-9,-2.54670817767533E-9,-1.));
#4783=DIRECTION('center_axis',(-0.551689302556124,0.834049706819166,-2.5686219777394E-15));
#4784=DIRECTION('ref_axis',(0.834049706819166,0.551689302556124,0.));
#4785=DIRECTION('center_axis',(0.,-5.93067855034806E-17,1.));
#4786=DIRECTION('ref_axis',(0.,1.,5.93067855034806E-17));
#4787=DIRECTION('center_axis',(0.,-5.93067855034806E-17,1.));
#4788=DIRECTION('ref_axis',(0.,1.,5.93067855034806E-17));
#4789=DIRECTION('center_axis',(0.,0.,1.));
#4790=DIRECTION('ref_axis',(0.,1.,0.));
#4791=DIRECTION('center_axis',(0.,-5.93067855034806E-17,1.));
#4792=DIRECTION('ref_axis',(0.,1.,5.93067855034806E-17));
#4793=DIRECTION('center_axis',(0.,-1.4930344900423E-16,-1.));
#4794=DIRECTION('ref_axis',(0.,-1.,1.4930344900423E-16));
#4795=DIRECTION('',(0.,-1.,1.4930344900423E-16));
#4796=DIRECTION('',(-1.,0.,0.));
#4797=DIRECTION('center_axis',(0.,-0.939692620785909,0.342020143325666));
#4798=DIRECTION('ref_axis',(0.,0.342020143325666,0.939692620785909));
#4799=DIRECTION('',(0.,0.342020143325666,0.939692620785909));
#4800=DIRECTION('',(-1.,0.,0.));
#4801=DIRECTION('center_axis',(0.,1.32428790156069E-13,-1.));
#4802=DIRECTION('ref_axis',(3.08148791101958E-33,-1.,-1.32428790156069E-13));
#4803=DIRECTION('',(3.08148791101958E-33,-1.,-1.32428790156069E-13));
#4804=DIRECTION('',(-1.,0.,0.));
#4805=DIRECTION('center_axis',(0.,0.939692620785908,0.342020143325671));
#4806=DIRECTION('ref_axis',(-2.05432527401305E-32,0.342020143325671,-0.939692620785908));
#4807=DIRECTION('',(-2.05432527401305E-32,0.342020143325671,-0.939692620785908));
#4808=DIRECTION('',(-1.,0.,0.));
#4809=DIRECTION('center_axis',(0.,-6.29454310631477E-14,-1.));
#4810=DIRECTION('ref_axis',(7.35770339663741E-34,-1.,6.29454310631477E-14));
#4811=DIRECTION('',(7.35770339663741E-34,-1.,6.29454310631477E-14));
#4812=DIRECTION('',(-1.,0.,0.));
#4813=DIRECTION('center_axis',(0.,-0.939692620785911,0.342020143325662));
#4814=DIRECTION('ref_axis',(-1.23259516440783E-32,0.342020143325662,0.939692620785911));
#4815=DIRECTION('',(-1.23259516440783E-32,0.342020143325662,0.939692620785911));
#4816=DIRECTION('',(-1.,0.,0.));
#4817=DIRECTION('center_axis',(0.,-1.80411241501588E-16,-1.));
#4818=DIRECTION('ref_axis',(0.,-1.,1.80411241501588E-16));
#4819=DIRECTION('',(0.,-1.,1.80411241501588E-16));
#4820=DIRECTION('',(-1.,0.,0.));
#4821=DIRECTION('center_axis',(0.,0.939692620785908,0.342020143325669));
#4822=DIRECTION('ref_axis',(0.,0.342020143325669,-0.939692620785908));
#4823=DIRECTION('',(0.,0.342020143325669,-0.939692620785908));
#4824=DIRECTION('',(-1.,0.,0.));
#4825=DIRECTION('center_axis',(0.,1.5029096955282E-16,-1.));
#4826=DIRECTION('ref_axis',(0.,-1.,-1.5029096955282E-16));
#4827=DIRECTION('',(0.,-1.,-1.5029096955282E-16));
#4828=DIRECTION('',(-1.,0.,0.));
#4829=DIRECTION('center_axis',(0.,1.,0.));
#4830=DIRECTION('ref_axis',(0.,0.,-1.));
#4831=DIRECTION('',(0.,0.,-1.));
#4832=DIRECTION('center_axis',(1.,0.,0.));
#4833=DIRECTION('ref_axis',(0.,1.,0.));
#4834=DIRECTION('',(0.,0.,-1.));
#4835=DIRECTION('center_axis',(1.,0.,0.));
#4836=DIRECTION('ref_axis',(0.,0.,1.));
#4837=DIRECTION('',(5.18170113305667E-77,-4.6199438537394E-153,-1.));
#4838=DIRECTION('center_axis',(5.18170113305667E-77,-4.6199438537394E-153,
-1.));
#4839=DIRECTION('ref_axis',(1.,1.13454841255351E-123,5.18170113305667E-77));
#4840=DIRECTION('center_axis',(5.18170113305667E-77,-4.6199438537394E-153,
-1.));
#4841=DIRECTION('ref_axis',(-1.13454841255351E-123,1.,-4.6199438537394E-153));
#4842=DIRECTION('center_axis',(-1.,-1.13454841255351E-123,-5.18170113305667E-77));
#4843=DIRECTION('ref_axis',(-3.66401600926638E-77,0.707106781186548,0.707106781186547));
#4844=DIRECTION('',(-1.,-1.13454841255351E-123,-5.18170113305667E-77));
#4845=DIRECTION('center_axis',(1.,1.13454841255351E-123,5.18170113305667E-77));
#4846=DIRECTION('ref_axis',(-1.13454841255351E-123,1.,-4.6199438537394E-153));
#4847=DIRECTION('',(1.,1.13454841255351E-123,5.18170113305667E-77));
#4848=DIRECTION('center_axis',(-0.707106781186549,0.707106781186546,-3.66401600926639E-77));
#4849=DIRECTION('ref_axis',(0.707106781186546,0.707106781186549,3.66401600926638E-77));
#4850=DIRECTION('center_axis',(3.07310037641334E-93,-1.,-5.93067855034806E-17));
#4851=DIRECTION('ref_axis',(0.707106781186547,8.0224687610102E-124,0.707106781186548));
#4852=DIRECTION('',(3.07310037641334E-93,-1.,-5.93067855034806E-17));
#4853=DIRECTION('center_axis',(-1.13454841255351E-123,1.,-4.6199438537394E-153));
#4854=DIRECTION('ref_axis',(-3.38988096852214E-13,-3.84598407158216E-136,
1.));
#4855=DIRECTION('',(-3.07310037641334E-93,1.,5.93067855034806E-17));
#4856=DIRECTION('center_axis',(-8.12898370035155E-78,0.987617883408887,
0.156878667673299));
#4857=DIRECTION('ref_axis',(0.230769230742685,-0.152644278813373,0.960960606002127));
#4858=DIRECTION('center_axis',(-8.12898369997087E-78,-0.987617883410054,
0.156878667665953));
#4859=DIRECTION('ref_axis',(1.,1.13454841255351E-123,5.18170113305667E-77));
#4860=DIRECTION('center_axis',(0.982889553426991,1.11513578255602E-123,
0.18419588965037));
#4861=DIRECTION('ref_axis',(-1.13454841255351E-123,1.,-4.6199438537394E-153));
#4862=DIRECTION('center_axis',(-0.982889552056507,-1.11513578100114E-123,
0.18419589696342));
#4863=DIRECTION('ref_axis',(0.179224175805932,0.230769221562396,0.956359901494291));
#4864=DIRECTION('center_axis',(3.07310037641334E-93,-1.,-5.93067855034806E-17));
#4865=DIRECTION('ref_axis',(0.707106781186547,8.0224687610102E-124,0.707106781186548));
#4866=DIRECTION('',(-3.07310037641334E-93,1.,5.93067855034806E-17));
#4867=DIRECTION('center_axis',(1.13454841255351E-123,-1.,4.6199438537394E-153));
#4868=DIRECTION('ref_axis',(1.,1.13454841255351E-123,5.18170113305667E-77));
#4869=DIRECTION('',(3.07310037641334E-93,-1.,-5.93067855034806E-17));
#4870=DIRECTION('center_axis',(0.707106781186548,0.707106781186548,3.66401600926638E-77));
#4871=DIRECTION('ref_axis',(-0.707106781186547,0.707106781186547,8.38724603997743E-17));
#4872=DIRECTION('center_axis',(-1.,-1.13454841255351E-123,-5.18170113305667E-77));
#4873=DIRECTION('ref_axis',(-3.66401600926639E-77,-0.707106781186547,0.707106781186548));
#4874=DIRECTION('',(-1.,-1.13454841255351E-123,-5.18170113305667E-77));
#4875=DIRECTION('center_axis',(1.,1.13454841255351E-123,5.18170113305667E-77));
#4876=DIRECTION('ref_axis',(-5.18170113305667E-77,3.44702044685619E-11,
1.));
#4877=DIRECTION('',(1.,1.13454841255351E-123,5.18170113305667E-77));
#4878=DIRECTION('center_axis',(0.982889552056508,1.11513578100114E-123,
0.184195896963416));
#4879=DIRECTION('ref_axis',(-0.179224175805928,-0.230769221562399,0.956359901494291));
#4880=DIRECTION('center_axis',(-0.982889553426992,-1.11513578255602E-123,
0.184195889650364));
#4881=DIRECTION('ref_axis',(1.13454841255351E-123,-1.,4.6199438537394E-153));
#4882=DIRECTION('center_axis',(-1.,-1.13454841255351E-123,-5.18170113305667E-77));
#4883=DIRECTION('ref_axis',(-3.66401600926639E-77,-0.707106781186547,0.707106781186548));
#4884=DIRECTION('',(1.,1.13454841255351E-123,5.18170113305667E-77));
#4885=DIRECTION('center_axis',(-1.,-1.13454841255351E-123,1.48029736616688E-15));
#4886=DIRECTION('ref_axis',(1.13454841255351E-123,-1.,4.6199438537394E-153));
#4887=DIRECTION('',(-1.,-1.13454841255351E-123,-5.18170113305667E-77));
#4888=DIRECTION('center_axis',(0.707106781186548,-0.707106781186548,3.66401600926638E-77));
#4889=DIRECTION('ref_axis',(0.707106781186547,0.707106781186547,3.66401600926638E-77));
#4890=DIRECTION('center_axis',(-3.07310037641334E-93,1.,5.93067855034806E-17));
#4891=DIRECTION('ref_axis',(-0.707106781186547,-8.0224687610102E-124,0.707106781186548));
#4892=DIRECTION('',(-3.07310037641334E-93,1.,5.93067855034806E-17));
#4893=DIRECTION('center_axis',(1.13454841255351E-123,-1.,4.6199438537394E-153));
#4894=DIRECTION('ref_axis',(3.40468394218381E-13,3.86277876185107E-136,
1.));
#4895=DIRECTION('',(3.07310037641334E-93,-1.,-5.93067855034806E-17));
#4896=DIRECTION('center_axis',(-8.12898369997056E-78,0.987617883410055,
0.156878667665947));
#4897=DIRECTION('ref_axis',(-1.,-1.13454841255351E-123,-5.18170113305667E-77));
#4898=DIRECTION('center_axis',(-8.1289837003517E-78,-0.987617883408887,
0.156878667673302));
#4899=DIRECTION('ref_axis',(-0.230769230742681,0.152644278813376,0.960960606002127));
#4900=DIRECTION('center_axis',(-1.,-1.13454841255351E-123,-5.18170113305667E-77));
#4901=DIRECTION('ref_axis',(-3.66401600926638E-77,0.707106781186548,0.707106781186547));
#4902=DIRECTION('',(1.,1.13454841255351E-123,5.18170113305667E-77));
#4903=DIRECTION('center_axis',(-1.,-1.13454841255351E-123,1.48029736616688E-15));
#4904=DIRECTION('ref_axis',(1.48029736616688E-15,-3.44731650632942E-11,
1.));
#4905=DIRECTION('',(-1.,-1.13454841255351E-123,-5.18170113305667E-77));
#4906=DIRECTION('center_axis',(0.707106781186549,0.707106781186546,3.66401600926639E-77));
#4907=DIRECTION('ref_axis',(0.707106781186546,-0.707106781186549,3.66401600926638E-77));
#4908=DIRECTION('center_axis',(-3.07310037641334E-93,1.,5.93067855034806E-17));
#4909=DIRECTION('ref_axis',(-0.707106781186547,-8.0224687610102E-124,0.707106781186548));
#4910=DIRECTION('',(3.07310037641334E-93,-1.,-5.93067855034806E-17));
#4911=DIRECTION('center_axis',(-1.13454841255351E-123,1.,-4.6199438537394E-153));
#4912=DIRECTION('ref_axis',(-1.,-1.13454841255351E-123,-5.18170113305667E-77));
#4913=DIRECTION('',(-3.07310037641334E-93,1.,5.93067855034806E-17));
#4914=DIRECTION('center_axis',(-5.18170113305667E-77,-5.93067855034806E-17,
1.));
#4915=DIRECTION('ref_axis',(-3.07310037641334E-93,1.,5.93067855034806E-17));
#4916=DIRECTION('center_axis',(0.551689302557998,0.834049706817927,9.24585448441209E-15));
#4917=DIRECTION('ref_axis',(8.5016438333696E-12,-5.61239943408509E-12,-1.));
#4918=DIRECTION('center_axis',(1.13454841255351E-123,-1.,4.6199438537394E-153));
#4919=DIRECTION('ref_axis',(-5.18170113305667E-77,4.6199438537394E-153,
1.));
#4920=DIRECTION('',(-5.18170113305667E-77,4.6199438537394E-153,1.));
#4921=DIRECTION('',(-1.,-1.13454841255351E-123,-5.18170113305667E-77));
#4922=DIRECTION('',(5.18170113305667E-77,-4.6199438537394E-153,-1.));
#4923=DIRECTION('center_axis',(0.55168930255613,-0.834049706819163,-1.21823243659933E-15));
#4924=DIRECTION('ref_axis',(-0.834049706819163,-0.55168930255613,-4.32179631085044E-77));
#4925=DIRECTION('center_axis',(-5.18170113305667E-77,-5.93067855034806E-17,
1.));
#4926=DIRECTION('ref_axis',(-3.07310037641334E-93,1.,5.93067855034806E-17));
#4927=DIRECTION('center_axis',(-0.551689302557998,-0.834049706817927,8.99506806676522E-15));
#4928=DIRECTION('ref_axis',(-8.5025320117893E-12,5.61328761250479E-12,-1.));
#4929=DIRECTION('center_axis',(0.789788236745923,0.613379606033463,-1.87460731307999E-15));
#4930=DIRECTION('ref_axis',(0.613379606033463,-0.789788236745923,3.17834979957745E-77));
#4931=DIRECTION('center_axis',(-0.789788235432172,0.61337960772505,-4.26356072793866E-16));
#4932=DIRECTION('ref_axis',(1.97787208833233E-9,2.54670950994296E-9,-1.));
#4933=DIRECTION('center_axis',(-1.,-1.13454841255351E-123,-5.18170113305667E-77));
#4934=DIRECTION('ref_axis',(-5.18170113305667E-77,4.6199438537394E-153,
1.));
#4935=DIRECTION('',(5.18170113305667E-77,-4.6199438537394E-153,-1.));
#4936=DIRECTION('',(7.78762887220033E-93,-1.,-1.5029096955282E-16));
#4937=DIRECTION('',(4.86920631785133E-77,0.342020143325669,-0.939692620785908));
#4938=DIRECTION('',(-9.34837134504938E-93,-1.,1.80411241501588E-16));
#4939=DIRECTION('',(-1.23259516440783E-32,0.342020143325662,0.939692620785911));
#4940=DIRECTION('',(7.35770339663741E-34,-1.,6.29454310631477E-14));
#4941=DIRECTION('',(-2.05432527401305E-32,0.342020143325671,-0.939692620785908));
#4942=DIRECTION('',(3.08148791101958E-33,-1.,-1.32428790156069E-13));
#4943=DIRECTION('',(-4.86920631785133E-77,0.342020143325666,0.939692620785909));
#4944=DIRECTION('',(-7.73645850874485E-93,-1.,1.4930344900423E-16));
#4945=DIRECTION('center_axis',(-0.789788236745923,-0.613379606033462,-2.82799073911552E-15));
#4946=DIRECTION('ref_axis',(-0.613379606033462,0.789788236745923,-3.17834979957744E-77));
#4947=DIRECTION('center_axis',(0.789788235432172,-0.61337960772505,-5.42069003422309E-16));
#4948=DIRECTION('ref_axis',(-1.97787120015391E-9,-2.54670817767533E-9,-1.));
#4949=DIRECTION('center_axis',(-0.551689302556124,0.834049706819166,-2.5686219777394E-15));
#4950=DIRECTION('ref_axis',(0.834049706819166,0.551689302556124,4.32179631085045E-77));
#4951=DIRECTION('center_axis',(-5.18170113305667E-77,-5.93067855034806E-17,
1.));
#4952=DIRECTION('ref_axis',(-3.07310037641334E-93,1.,5.93067855034806E-17));
#4953=DIRECTION('center_axis',(-5.18170113305667E-77,-5.93067855034806E-17,
1.));
#4954=DIRECTION('ref_axis',(-3.07310037641334E-93,1.,5.93067855034806E-17));
#4955=DIRECTION('center_axis',(-5.18170113305667E-77,4.6199438537394E-153,
1.));
#4956=DIRECTION('ref_axis',(-1.13454841255351E-123,1.,-4.6199438537394E-153));
#4957=DIRECTION('center_axis',(-5.18170113305667E-77,-5.93067855034806E-17,
1.));
#4958=DIRECTION('ref_axis',(-3.07310037641334E-93,1.,5.93067855034806E-17));
#4959=DIRECTION('center_axis',(5.18170113305667E-77,-1.4930344900423E-16,
-1.));
#4960=DIRECTION('ref_axis',(-7.73645850874485E-93,-1.,1.4930344900423E-16));
#4961=DIRECTION('',(-7.73645850874485E-93,-1.,1.4930344900423E-16));
#4962=DIRECTION('',(-1.,-1.13454841255351E-123,-5.18170113305667E-77));
#4963=DIRECTION('center_axis',(-1.77224616419881E-77,-0.939692620785909,
0.342020143325666));
#4964=DIRECTION('ref_axis',(-4.86920631785133E-77,0.342020143325666,0.939692620785909));
#4965=DIRECTION('',(-4.86920631785133E-77,0.342020143325666,0.939692620785909));
#4966=DIRECTION('',(-1.,-1.13454841255351E-123,-5.18170113305667E-77));
#4967=DIRECTION('center_axis',(5.18170113305667E-77,1.32428790156069E-13,
-1.));
#4968=DIRECTION('ref_axis',(3.08148791101958E-33,-1.,-1.32428790156069E-13));
#4969=DIRECTION('',(3.08148791101958E-33,-1.,-1.32428790156069E-13));
#4970=DIRECTION('',(-1.,-1.13454841255351E-123,-5.18170113305667E-77));
#4971=DIRECTION('center_axis',(-1.77224616419883E-77,0.939692620785908,
0.342020143325671));
#4972=DIRECTION('ref_axis',(-2.05432527401305E-32,0.342020143325671,-0.939692620785908));
#4973=DIRECTION('',(-2.05432527401305E-32,0.342020143325671,-0.939692620785908));
#4974=DIRECTION('',(-1.,-1.13454841255351E-123,-5.18170113305667E-77));
#4975=DIRECTION('center_axis',(5.18170113305667E-77,-6.29454310631477E-14,
-1.));
#4976=DIRECTION('ref_axis',(7.35770339663741E-34,-1.,6.29454310631477E-14));
#4977=DIRECTION('',(7.35770339663741E-34,-1.,6.29454310631477E-14));
#4978=DIRECTION('',(-1.,-1.13454841255351E-123,-5.18170113305667E-77));
#4979=DIRECTION('center_axis',(-1.77224616419879E-77,-0.939692620785911,
0.342020143325662));
#4980=DIRECTION('ref_axis',(-1.23259516440783E-32,0.342020143325662,0.939692620785911));
#4981=DIRECTION('',(-1.23259516440783E-32,0.342020143325662,0.939692620785911));
#4982=DIRECTION('',(-1.,-1.13454841255351E-123,-5.18170113305667E-77));
#4983=DIRECTION('center_axis',(5.18170113305667E-77,-1.80411241501588E-16,
-1.));
#4984=DIRECTION('ref_axis',(-9.34837134504938E-93,-1.,1.80411241501588E-16));
#4985=DIRECTION('',(-9.34837134504938E-93,-1.,1.80411241501588E-16));
#4986=DIRECTION('',(-1.,-1.13454841255351E-123,-5.18170113305667E-77));
#4987=DIRECTION('center_axis',(-1.77224616419882E-77,0.939692620785908,
0.342020143325669));
#4988=DIRECTION('ref_axis',(4.86920631785133E-77,0.342020143325669,-0.939692620785908));
#4989=DIRECTION('',(4.86920631785133E-77,0.342020143325669,-0.939692620785908));
#4990=DIRECTION('',(-1.,-1.13454841255351E-123,-5.18170113305667E-77));
#4991=DIRECTION('center_axis',(5.18170113305667E-77,1.5029096955282E-16,
-1.));
#4992=DIRECTION('ref_axis',(7.78762887220033E-93,-1.,-1.5029096955282E-16));
#4993=DIRECTION('',(7.78762887220033E-93,-1.,-1.5029096955282E-16));
#4994=DIRECTION('',(-1.,-1.13454841255351E-123,-5.18170113305667E-77));
#4995=DIRECTION('center_axis',(-1.13454841255351E-123,1.,-4.6199438537394E-153));
#4996=DIRECTION('ref_axis',(5.18170113305667E-77,-4.6199438537394E-153,
-1.));
#4997=DIRECTION('',(5.18170113305667E-77,-4.6199438537394E-153,-1.));
#4998=DIRECTION('center_axis',(1.,1.13454841255351E-123,5.18170113305667E-77));
#4999=DIRECTION('ref_axis',(-1.13454841255351E-123,1.,-4.6199438537394E-153));
#5000=DIRECTION('',(5.18170113305667E-77,-4.6199438537394E-153,-1.));
#5001=DIRECTION('',(0.,0.,1.));
#5002=DIRECTION('',(0.,0.,1.));
#5003=DIRECTION('',(0.,0.,1.));
#5004=DIRECTION('',(0.,0.,1.));
#5005=DIRECTION('',(0.,0.,1.));
#5006=DIRECTION('',(0.,0.,1.));
#5007=DIRECTION('center_axis',(1.,-4.81850404330306E-109,0.));
#5008=DIRECTION('ref_axis',(4.81850404330306E-109,1.,-1.39486162543129E-32));
#5009=DIRECTION('',(-4.81850404330306E-109,-1.,1.39486162543129E-32));
#5010=DIRECTION('',(4.81850404330306E-109,1.,-1.39486162543129E-32));
#5011=DIRECTION('center_axis',(-1.55657746060137E-64,1.,0.));
#5012=DIRECTION('ref_axis',(-1.,-1.55657746060137E-64,-3.15711416357289E-33));
#5013=DIRECTION('',(1.,1.55657746060137E-64,3.15711416357289E-33));
#5014=DIRECTION('',(0.,0.,1.));
#5015=DIRECTION('',(-1.,-1.55657746060137E-64,-3.15711416357289E-33));
#5016=DIRECTION('',(0.,0.,1.));
#5017=DIRECTION('',(0.,0.,1.));
#5018=DIRECTION('',(0.,0.,1.));
#5019=DIRECTION('',(0.,0.,1.));
#5020=DIRECTION('',(0.,0.,1.));
#5021=DIRECTION('',(0.,0.,1.));
#5022=DIRECTION('',(0.,0.,1.));
#5023=DIRECTION('',(0.,0.,1.));
#5024=DIRECTION('',(0.,0.,1.));
#5025=DIRECTION('center_axis',(1.,-4.81850404330309E-109,0.));
#5026=DIRECTION('ref_axis',(4.81850404330309E-109,1.,-1.3948616254313E-32));
#5027=DIRECTION('',(-4.81850404330309E-109,-1.,1.3948616254313E-32));
#5028=DIRECTION('',(4.81850404330309E-109,1.,-1.3948616254313E-32));
#5029=DIRECTION('',(0.,0.,1.));
#5030=DIRECTION('',(0.,0.,1.));
#5031=DIRECTION('',(0.,0.,1.));
#5032=DIRECTION('center_axis',(0.0941257306429664,0.995560318027455,0.));
#5033=DIRECTION('ref_axis',(-0.995560318027455,0.0941257306429664,-4.45602127713118E-33));
#5034=DIRECTION('',(0.995560318027455,-0.0941257306429664,4.45602127713118E-33));
#5035=DIRECTION('',(-0.995560318027455,0.0941257306429664,-4.45602127713118E-33));
#5036=DIRECTION('',(0.,0.,1.));
#5037=DIRECTION('',(0.,0.,1.));
#5038=DIRECTION('',(0.,0.,1.));
#5039=DIRECTION('',(0.,0.,1.));
#5040=DIRECTION('',(0.,0.,1.));
#5041=DIRECTION('',(0.,0.,1.));
#5042=DIRECTION('',(0.,0.,1.));
#5043=DIRECTION('center_axis',(-1.,4.81850404330306E-109,0.));
#5044=DIRECTION('ref_axis',(-4.81850404330306E-109,-1.,1.39486162543129E-32));
#5045=DIRECTION('',(4.81850404330306E-109,1.,-1.39486162543129E-32));
#5046=DIRECTION('',(-4.81850404330306E-109,-1.,1.39486162543129E-32));
#5047=DIRECTION('',(0.,0.,1.));
#5048=DIRECTION('center_axis',(-3.45446742203778E-77,4.93038065763132E-32,
1.));
#5049=DIRECTION('ref_axis',(-1.,0.,-3.45446742203778E-77));
#5050=DIRECTION('center_axis',(-3.45446742203778E-77,4.93038065763132E-32,
1.));
#5051=DIRECTION('ref_axis',(-1.,0.,-3.45446742203778E-77));
#5052=DIRECTION('center_axis',(-0.0625642004320465,0.998040941456962,0.));
#5053=DIRECTION('ref_axis',(-0.998040941456962,-0.0625642004320465,-2.27824516901486E-33));
#5054=DIRECTION('',(0.998040941456962,0.0625642004320465,2.27824516901486E-33));
#5055=DIRECTION('',(0.,0.,1.));
#5056=DIRECTION('',(-0.998040941456962,-0.0625642004320465,-2.27824516901486E-33));
#5057=DIRECTION('',(0.,0.,1.));
#5058=DIRECTION('',(0.,0.,1.));
#5059=DIRECTION('',(0.,0.,1.));
#5060=DIRECTION('',(0.,0.,1.));
#5061=DIRECTION('',(0.,0.,1.));
#5062=DIRECTION('',(0.,0.,1.));
#5063=DIRECTION('center_axis',(-0.0611752982517097,-0.998127037447546,0.));
#5064=DIRECTION('ref_axis',(0.998127037447546,-0.0611752982517097,4.00451176652695E-33));
#5065=DIRECTION('',(-0.998127037447546,0.0611752982517097,-4.00451176652695E-33));
#5066=DIRECTION('',(0.998127037447546,-0.0611752982517097,4.00451176652695E-33));
#5067=DIRECTION('',(0.,0.,1.));
#5068=DIRECTION('',(0.,0.,1.));
#5069=DIRECTION('',(0.,0.,1.));
#5070=DIRECTION('',(0.,0.,1.));
#5071=DIRECTION('',(0.,0.,1.));
#5072=DIRECTION('',(0.,0.,1.));
#5073=DIRECTION('',(0.,0.,1.));
#5074=DIRECTION('center_axis',(-3.45446742203778E-77,4.93038065763132E-32,
1.));
#5075=DIRECTION('ref_axis',(-1.,0.,-3.45446742203778E-77));
#5076=DIRECTION('center_axis',(-3.45446742203778E-77,4.93038065763132E-32,
1.));
#5077=DIRECTION('ref_axis',(-1.,0.,-3.45446742203778E-77));
#5078=DIRECTION('center_axis',(-1.55657746060137E-64,1.,0.));
#5079=DIRECTION('ref_axis',(-1.,-1.55657746060137E-64,-3.1571141635729E-33));
#5080=DIRECTION('',(1.,1.55657746060137E-64,3.1571141635729E-33));
#5081=DIRECTION('',(0.,0.,1.));
#5082=DIRECTION('',(-1.,-1.55657746060137E-64,-3.1571141635729E-33));
#5083=DIRECTION('',(0.,0.,1.));
#5084=DIRECTION('center_axis',(1.,-4.81850404330306E-109,0.));
#5085=DIRECTION('ref_axis',(4.81850404330306E-109,1.,-1.39486162543129E-32));
#5086=DIRECTION('',(-4.81850404330306E-109,-1.,1.39486162543129E-32));
#5087=DIRECTION('',(4.81850404330306E-109,1.,-1.39486162543129E-32));
#5088=DIRECTION('',(0.,0.,1.));
#5089=DIRECTION('',(0.,0.,1.));
#5090=DIRECTION('',(0.,0.,1.));
#5091=DIRECTION('',(0.,0.,1.));
#5092=DIRECTION('',(0.,0.,1.));
#5093=DIRECTION('center_axis',(-1.,4.81850404330306E-109,0.));
#5094=DIRECTION('ref_axis',(-4.81850404330306E-109,-1.,1.39486162543129E-32));
#5095=DIRECTION('',(4.81850404330306E-109,1.,-1.39486162543129E-32));
#5096=DIRECTION('',(-4.81850404330306E-109,-1.,1.39486162543129E-32));
#5097=DIRECTION('',(0.,0.,1.));
#5098=DIRECTION('center_axis',(-1.55657746060137E-64,1.,0.));
#5099=DIRECTION('ref_axis',(-1.,-1.55657746060137E-64,-3.1571141635729E-33));
#5100=DIRECTION('',(1.,1.55657746060137E-64,3.1571141635729E-33));
#5101=DIRECTION('',(-1.,-1.55657746060137E-64,-3.1571141635729E-33));
#5102=DIRECTION('',(0.,0.,1.));
#5103=DIRECTION('center_axis',(1.,-4.81850404330306E-109,0.));
#5104=DIRECTION('ref_axis',(4.81850404330306E-109,1.,-1.39486162543129E-32));
#5105=DIRECTION('',(-4.81850404330306E-109,-1.,1.39486162543129E-32));
#5106=DIRECTION('',(4.81850404330306E-109,1.,-1.39486162543129E-32));
#5107=DIRECTION('',(0.,0.,1.));
#5108=DIRECTION('center_axis',(1.55657746060137E-64,-1.,0.));
#5109=DIRECTION('ref_axis',(1.,1.55657746060137E-64,3.15711416357289E-33));
#5110=DIRECTION('',(-1.,-1.55657746060137E-64,-3.15711416357289E-33));
#5111=DIRECTION('',(1.,1.55657746060137E-64,3.15711416357289E-33));
#5112=DIRECTION('',(0.,0.,1.));
#5113=DIRECTION('center_axis',(-1.,4.81850404330307E-109,0.));
#5114=DIRECTION('ref_axis',(-4.81850404330307E-109,-1.,1.3948616254313E-32));
#5115=DIRECTION('',(4.81850404330307E-109,1.,-1.3948616254313E-32));
#5116=DIRECTION('',(-4.81850404330307E-109,-1.,1.3948616254313E-32));
#5117=DIRECTION('',(0.,0.,1.));
#5118=DIRECTION('',(0.,0.,1.));
#5119=DIRECTION('',(0.,0.,1.));
#5120=DIRECTION('',(0.,0.,1.));
#5121=DIRECTION('',(0.,0.,1.));
#5122=DIRECTION('center_axis',(-1.,4.81850404330306E-109,0.));
#5123=DIRECTION('ref_axis',(-4.81850404330306E-109,-1.,1.39486162543129E-32));
#5124=DIRECTION('',(4.81850404330306E-109,1.,-1.39486162543129E-32));
#5125=DIRECTION('',(-4.81850404330306E-109,-1.,1.39486162543129E-32));
#5126=DIRECTION('center_axis',(-3.45446742203778E-77,4.93038065763132E-32,
1.));
#5127=DIRECTION('ref_axis',(-1.,0.,-3.45446742203778E-77));
#5128=DIRECTION('center_axis',(-3.45446742203778E-77,4.93038065763132E-32,
1.));
#5129=DIRECTION('ref_axis',(-1.,0.,-3.45446742203778E-77));
#5130=DIRECTION('',(0.,0.,1.));
#5131=DIRECTION('',(0.,0.,1.));
#5132=DIRECTION('',(0.,0.,1.));
#5133=DIRECTION('',(0.,0.,1.));
#5134=DIRECTION('',(0.,0.,1.));
#5135=DIRECTION('',(0.,0.,1.));
#5136=DIRECTION('',(0.,0.,1.));
#5137=DIRECTION('',(0.,0.,1.));
#5138=DIRECTION('',(0.,0.,1.));
#5139=DIRECTION('',(0.,0.,1.));
#5140=DIRECTION('',(0.,0.,1.));
#5141=DIRECTION('',(0.,0.,1.));
#5142=DIRECTION('',(0.,0.,1.));
#5143=DIRECTION('',(0.,0.,1.));
#5144=DIRECTION('',(0.,0.,1.));
#5145=DIRECTION('',(0.,0.,1.));
#5146=DIRECTION('',(0.,0.,1.));
#5147=DIRECTION('center_axis',(-3.45446742203778E-77,4.93038065763132E-32,
1.));
#5148=DIRECTION('ref_axis',(-1.,0.,-3.45446742203778E-77));
#5149=DIRECTION('center_axis',(-3.45446742203778E-77,4.93038065763132E-32,
1.));
#5150=DIRECTION('ref_axis',(-1.,0.,-3.45446742203778E-77));
#5151=DIRECTION('center_axis',(-0.258217025107146,0.966086936018087,0.));
#5152=DIRECTION('ref_axis',(-0.966086936018087,-0.258217025107146,5.51723444604413E-34));
#5153=DIRECTION('',(0.966086936018087,0.258217025107146,-5.51723444604413E-34));
#5154=DIRECTION('',(0.,0.,1.));
#5155=DIRECTION('',(-0.966086936018087,-0.258217025107146,5.51723444604413E-34));
#5156=DIRECTION('',(0.,0.,1.));
#5157=DIRECTION('',(0.,0.,1.));
#5158=DIRECTION('',(0.,0.,1.));
#5159=DIRECTION('',(0.,0.,1.));
#5160=DIRECTION('',(0.,0.,1.));
#5161=DIRECTION('',(0.,0.,1.));
#5162=DIRECTION('',(0.,0.,1.));
#5163=DIRECTION('',(0.,0.,1.));
#5164=DIRECTION('',(0.,0.,1.));
#5165=DIRECTION('',(0.,0.,1.));
#5166=DIRECTION('',(0.,0.,1.));
#5167=DIRECTION('center_axis',(0.145834756875474,-0.989308962704307,0.));
#5168=DIRECTION('ref_axis',(0.989308962704307,0.145834756875474,1.08916827810637E-33));
#5169=DIRECTION('',(-0.989308962704307,-0.145834756875474,-1.08916827810637E-33));
#5170=DIRECTION('',(0.989308962704307,0.145834756875474,1.08916827810637E-33));
#5171=DIRECTION('',(0.,0.,1.));
#5172=DIRECTION('',(0.,0.,1.));
#5173=DIRECTION('',(0.,0.,1.));
#5174=DIRECTION('',(0.,0.,1.));
#5175=DIRECTION('',(0.,0.,1.));
#5176=DIRECTION('',(0.,0.,1.));
#5177=DIRECTION('',(0.,0.,1.));
#5178=DIRECTION('',(0.,0.,1.));
#5179=DIRECTION('',(0.,0.,1.));
#5180=DIRECTION('',(0.,0.,1.));
#5181=DIRECTION('center_axis',(-3.45446742203778E-77,4.93038065763132E-32,
1.));
#5182=DIRECTION('ref_axis',(-1.,0.,-3.45446742203778E-77));
#5183=DIRECTION('center_axis',(-3.45446742203778E-77,4.93038065763132E-32,
1.));
#5184=DIRECTION('ref_axis',(-1.,0.,-3.45446742203778E-77));
#5185=DIRECTION('center_axis',(-1.,4.81850404330306E-109,0.));
#5186=DIRECTION('ref_axis',(-4.81850404330306E-109,-1.,1.39486162543129E-32));
#5187=DIRECTION('',(4.81850404330306E-109,1.,-1.39486162543129E-32));
#5188=DIRECTION('',(0.,0.,1.));
#5189=DIRECTION('',(-4.81850404330306E-109,-1.,1.39486162543129E-32));
#5190=DIRECTION('',(0.,0.,1.));
#5191=DIRECTION('',(0.,0.,1.));
#5192=DIRECTION('',(0.,0.,1.));
#5193=DIRECTION('',(0.,0.,1.));
#5194=DIRECTION('center_axis',(1.,-4.81850404330306E-109,0.));
#5195=DIRECTION('ref_axis',(4.81850404330306E-109,1.,-1.39486162543129E-32));
#5196=DIRECTION('',(-4.81850404330306E-109,-1.,1.39486162543129E-32));
#5197=DIRECTION('',(4.81850404330306E-109,1.,-1.39486162543129E-32));
#5198=DIRECTION('',(0.,0.,1.));
#5199=DIRECTION('',(0.,0.,1.));
#5200=DIRECTION('',(0.,0.,1.));
#5201=DIRECTION('',(0.,0.,1.));
#5202=DIRECTION('',(0.,0.,1.));
#5203=DIRECTION('center_axis',(1.,-4.81850404330306E-109,0.));
#5204=DIRECTION('ref_axis',(4.81850404330306E-109,1.,-1.39486162543129E-32));
#5205=DIRECTION('',(-4.81850404330306E-109,-1.,1.39486162543129E-32));
#5206=DIRECTION('',(4.81850404330306E-109,1.,-1.39486162543129E-32));
#5207=DIRECTION('',(0.,0.,1.));
#5208=DIRECTION('center_axis',(1.55657746060138E-64,-1.,0.));
#5209=DIRECTION('ref_axis',(1.,1.55657746060138E-64,3.15711416357291E-33));
#5210=DIRECTION('',(-1.,-1.55657746060138E-64,-3.15711416357291E-33));
#5211=DIRECTION('',(1.,1.55657746060138E-64,3.15711416357291E-33));
#5212=DIRECTION('center_axis',(-3.45446742203778E-77,4.93038065763132E-32,
1.));
#5213=DIRECTION('ref_axis',(-1.,0.,-3.45446742203778E-77));
#5214=DIRECTION('center_axis',(-3.45446742203778E-77,4.93038065763132E-32,
1.));
#5215=DIRECTION('ref_axis',(-1.,0.,-3.45446742203778E-77));
#5216=DIRECTION('',(0.,0.,1.));
#5217=DIRECTION('',(1.,0.,0.));
#5218=DIRECTION('',(-9.04177905877602E-46,2.18952885050753E-47,1.));
#5219=DIRECTION('',(1.,-3.15544362088405E-30,-1.72723371101889E-77));
#5220=DIRECTION('',(-9.04177905877602E-46,2.18952885050753E-47,1.));
#5221=DIRECTION('',(1.,-3.15544362088405E-30,-1.72723371101889E-77));
#5222=CARTESIAN_POINT('',(0.,0.,0.));
#5223=CARTESIAN_POINT('',(0.,0.,0.));
#5224=CARTESIAN_POINT('Origin',(32.4572474820843,63.5427525179158,-0.449999999999997));
#5225=CARTESIAN_POINT('',(-57.5427525179157,65.0427525179158,-0.449999999999997));
#5226=CARTESIAN_POINT('',(-56.0427525179157,63.5427525179158,1.05));
#5227=CARTESIAN_POINT('Origin',(-56.0427525179157,63.5427525179158,-0.449999999999997));
#5228=CARTESIAN_POINT('',(30.9572474820843,63.5427525179158,1.05));
#5229=CARTESIAN_POINT('',(32.4572474820843,63.5427525179158,1.05));
#5230=CARTESIAN_POINT('',(32.4572474820843,65.0427525179158,-0.449999999999997));
#5231=CARTESIAN_POINT('Origin',(30.9572474820843,63.5427525179158,-0.449999999999997));
#5232=CARTESIAN_POINT('',(32.4572474820843,65.0427525179158,-0.449999999999997));
#5233=CARTESIAN_POINT('Origin',(32.4572474820843,52.1152273387586,1.05));
#5234=CARTESIAN_POINT('',(-56.0427525179157,52.400856940107,1.05));
#5235=CARTESIAN_POINT('',(-56.0427525179157,16.2927525179158,1.05));
#5236=CARTESIAN_POINT('',(30.9572474820843,52.4008569401071,1.05));
#5237=CARTESIAN_POINT('',(32.4572474820843,52.4008569401071,1.05));
#5238=CARTESIAN_POINT('',(30.9572474820843,16.2927525179158,1.05));
#5239=CARTESIAN_POINT('Origin',(-56.0427525179157,16.2927525179158,-0.449999999999997));
#5240=CARTESIAN_POINT('',(-57.5427525179157,0.0427525179157806,-0.449999999999997));
#5241=CARTESIAN_POINT('',(-57.5427525179157,16.2927525179158,-0.449999999999997));
#5242=CARTESIAN_POINT('',(-56.0427525179157,1.54275251791578,1.05));
#5243=CARTESIAN_POINT('Origin',(-56.0427525179157,1.54275251791578,-0.449999999999997));
#5244=CARTESIAN_POINT('',(-56.0427525179157,12.7701531315558,1.05));
#5245=CARTESIAN_POINT('',(-56.0427525179157,16.2927525179158,1.05));
#5246=CARTESIAN_POINT('',(-57.5400222982251,12.2571229165673,-0.3595389311789));
#5247=CARTESIAN_POINT('Origin',(-56.0427525179157,12.2241977801565,-0.449999999999997));
#5248=CARTESIAN_POINT('',(-57.540022298225,22.8283821192641,-0.3595389311775));
#5249=CARTESIAN_POINT('',(-57.5400222982251,16.2927525179158,-0.359538931178366));
#5250=CARTESIAN_POINT('',(-56.0427525179157,22.3153519042761,1.05));
#5251=CARTESIAN_POINT('Origin',(-56.0427525179157,22.8613072556754,-0.449999999999997));
#5252=CARTESIAN_POINT('',(-56.0427525179157,42.6846480957244,1.05));
#5253=CARTESIAN_POINT('',(-56.0427525179157,16.2927525179158,1.05));
#5254=CARTESIAN_POINT('',(-57.5070356554135,42.2571229165673,-0.124615775982384));
#5255=CARTESIAN_POINT('Origin',(-56.0427525179157,42.1386927443251,-0.449999999999997));
#5256=CARTESIAN_POINT('',(-57.5070356554135,52.8283821192641,-0.124615775982386));
#5257=CARTESIAN_POINT('',(-57.5070356554135,16.2927525179158,-0.124615775982379));
#5258=CARTESIAN_POINT('Origin',(-56.0427525179157,52.9468122915063,-0.449999999999997));
#5259=CARTESIAN_POINT('Origin',(30.9572474820843,16.2927525179158,-0.449999999999997));
#5260=CARTESIAN_POINT('',(32.4215306195821,52.8283821192641,-0.124615775982386));
#5261=CARTESIAN_POINT('Origin',(30.9572474820843,52.9468122915064,-0.449999999999997));
#5262=CARTESIAN_POINT('',(32.4215306195821,42.2571229165673,-0.124615775982384));
#5263=CARTESIAN_POINT('',(32.4215306195821,16.2927525179158,-0.124615775982379));
#5264=CARTESIAN_POINT('',(30.9572474820843,42.6846480957244,1.05));
#5265=CARTESIAN_POINT('Origin',(30.9572474820843,42.1386927443251,-0.449999999999997));
#5266=CARTESIAN_POINT('',(30.9572474820843,22.3153519042761,1.05));
#5267=CARTESIAN_POINT('',(30.9572474820843,16.2927525179158,1.05));
#5268=CARTESIAN_POINT('',(32.4545172623936,22.8283821192641,-0.3595389311775));
#5269=CARTESIAN_POINT('Origin',(30.9572474820843,22.8613072556754,-0.449999999999997));
#5270=CARTESIAN_POINT('',(32.4545172623937,12.2571229165673,-0.3595389311789));
#5271=CARTESIAN_POINT('',(32.4545172623937,16.2927525179158,-0.359538931178366));
#5272=CARTESIAN_POINT('',(30.9572474820843,12.7701531315558,1.05));
#5273=CARTESIAN_POINT('Origin',(30.9572474820843,12.2241977801565,-0.449999999999997));
#5274=CARTESIAN_POINT('',(30.9572474820843,1.5427525179158,1.05));
#5275=CARTESIAN_POINT('',(30.9572474820843,16.2927525179158,1.05));
#5276=CARTESIAN_POINT('',(32.4572474820843,0.0427525179157984,-0.449999999999997));
#5277=CARTESIAN_POINT('Origin',(30.9572474820843,1.5427525179158,-0.449999999999997));
#5278=CARTESIAN_POINT('',(32.4572474820843,16.2927525179158,-0.449999999999997));
#5279=CARTESIAN_POINT('Origin',(32.4572474820843,1.5427525179158,-0.449999999999997));
#5280=CARTESIAN_POINT('',(32.4572474820843,0.0427525179157984,-0.449999999999997));
#5281=CARTESIAN_POINT('',(32.4572474820843,1.5427525179158,1.05));
#5282=CARTESIAN_POINT('Origin',(32.4572474820843,12.5427525179157,-0.359538931178862));
#5283=CARTESIAN_POINT('',(32.4572474820843,22.8283821192641,-0.3595389311775));
#5284=CARTESIAN_POINT('',(32.4572474820843,12.2571229165673,-0.3595389311789));
#5285=CARTESIAN_POINT('Origin',(32.4572474820843,22.7306910420729,-0.0911349025124036));
#5286=CARTESIAN_POINT('',(32.4572474820843,22.3153519042761,1.05));
#5287=CARTESIAN_POINT('Origin',(32.4572474820843,22.0297223029272,1.05));
#5288=CARTESIAN_POINT('',(32.4572474820843,42.6846480957244,1.05));
#5289=CARTESIAN_POINT('Origin',(32.4572474820843,42.7823391729156,1.31840402866514));
#5290=CARTESIAN_POINT('',(32.4572474820843,42.2571229165673,-0.124615775982384));
#5291=CARTESIAN_POINT('Origin',(32.4572474820843,32.5427525179158,6.62248034188906E-13));
#5292=CARTESIAN_POINT('',(32.4572474820843,0.0427525179157984,-1.25));
#5293=CARTESIAN_POINT('',(32.4572474820843,0.0427525179157984,-1.25));
#5294=CARTESIAN_POINT('',(32.4572474820843,65.0427525179158,-1.25));
#5295=CARTESIAN_POINT('',(32.4572474820843,65.0427525179158,-1.25));
#5296=CARTESIAN_POINT('',(32.4572474820843,65.0427525179158,1.25));
#5297=CARTESIAN_POINT('Origin',(32.4572474820843,42.5427525179157,-0.124615775982384));
#5298=CARTESIAN_POINT('',(32.4572474820843,52.8283821192641,-0.124615775982386));
#5299=CARTESIAN_POINT('Origin',(32.4572474820843,0.0427525179157984,-1.25));
#5300=CARTESIAN_POINT('',(-57.5427525179157,0.0427525179157806,-1.25));
#5301=CARTESIAN_POINT('',(-57.5427525179157,0.0427525179157806,-1.25));
#5302=CARTESIAN_POINT('',(32.4572474820843,0.0427525179157984,-1.25));
#5303=CARTESIAN_POINT('Origin',(32.4572474820843,52.7306910420729,0.143788252682748));
#5304=CARTESIAN_POINT('Origin',(-57.5427525179157,32.5427525179158,6.62248034188906E-13));
#5305=CARTESIAN_POINT('',(-57.5427525179157,65.0427525179158,-1.25));
#5306=CARTESIAN_POINT('',(-57.5427525179157,65.0427525179158,1.25));
#5307=CARTESIAN_POINT('',(-57.5427525179157,65.0427525179158,-1.25));
#5308=CARTESIAN_POINT('Origin',(32.4572474820843,65.0427525179158,1.25));
#5309=CARTESIAN_POINT('',(32.4572474820843,65.0427525179158,-1.25));
#5310=CARTESIAN_POINT('Origin',(32.4572474820843,12.867844208747,1.31840402866513));
#5311=CARTESIAN_POINT('',(32.4572474820843,12.7701531315558,1.05));
#5312=CARTESIAN_POINT('Origin',(32.4572474820843,0.0427525179157984,1.05));
#5313=CARTESIAN_POINT('Origin',(32.4572474820843,65.0427525179158,-1.25));
#5314=CARTESIAN_POINT('',(0.,0.,0.));
#5315=CARTESIAN_POINT('Ctrl Pts',(-0.19275251791572,14.0999999999998,3.25000000000066));
#5316=CARTESIAN_POINT('Ctrl Pts',(14.9572474820843,14.0999999999998,3.25000000000066));
#5317=CARTESIAN_POINT('Ctrl Pts',(14.9572474820843,32.4999999999998,3.25000000000066));
#5318=CARTESIAN_POINT('Ctrl Pts',(14.9572474820843,50.8999999999998,3.25000000000066));
#5319=CARTESIAN_POINT('Ctrl Pts',(-0.19275251791572,50.8999999999998,3.25000000000066));
#5320=CARTESIAN_POINT('Ctrl Pts',(-15.3427525179157,50.8999999999998,3.25000000000066));
#5321=CARTESIAN_POINT('Ctrl Pts',(-15.3427525179157,32.4999999999998,3.25000000000066));
#5322=CARTESIAN_POINT('Ctrl Pts',(-15.3427525179157,14.0999999999998,3.25000000000066));
#5323=CARTESIAN_POINT('Ctrl Pts',(-0.19275251791572,14.0999999999998,3.25000000000066));
#5324=CARTESIAN_POINT('Ctrl Pts',(-0.19275251791572,14.0999999999998,38.2500000000007));
#5325=CARTESIAN_POINT('Ctrl Pts',(14.9572474820843,14.0999999999998,38.2500000000007));
#5326=CARTESIAN_POINT('Ctrl Pts',(14.9572474820843,32.4999999999998,38.2500000000007));
#5327=CARTESIAN_POINT('Ctrl Pts',(14.9572474820843,50.8999999999998,38.2500000000007));
#5328=CARTESIAN_POINT('Ctrl Pts',(-0.19275251791572,50.8999999999998,38.2500000000007));
#5329=CARTESIAN_POINT('Ctrl Pts',(-15.3427525179157,50.8999999999998,38.2500000000007));
#5330=CARTESIAN_POINT('Ctrl Pts',(-15.3427525179157,32.4999999999998,38.2500000000007));
#5331=CARTESIAN_POINT('Ctrl Pts',(-15.3427525179157,14.0999999999998,38.2500000000007));
#5332=CARTESIAN_POINT('Ctrl Pts',(-0.19275251791572,14.0999999999998,38.2500000000007));
#5333=CARTESIAN_POINT('',(-0.192752517915718,14.0999999999998,38.2500000000007));
#5334=CARTESIAN_POINT('Origin',(-0.19275251791572,32.4999999999998,38.2500000000007));
#5335=CARTESIAN_POINT('',(-0.192752517915718,14.0999999999998,3.25000000000066));
#5336=CARTESIAN_POINT('',(-0.192752517915718,14.0999999999998,3.25000000000066));
#5337=CARTESIAN_POINT('Origin',(-0.19275251791572,32.4999999999998,3.25000000000066));
#5338=CARTESIAN_POINT('Origin',(-0.19275251791572,32.4999999999998,38.2500000000007));
#5339=CARTESIAN_POINT('Origin',(-0.19275251791572,32.4999999999998,3.25000000000066));
#5340=CARTESIAN_POINT('Ctrl Pts',(-0.19275251791572,14.0999999999998,38.2500000000007));
#5341=CARTESIAN_POINT('Ctrl Pts',(14.9572474820843,14.0999999999998,38.2500000000007));
#5342=CARTESIAN_POINT('Ctrl Pts',(14.9572474820843,32.4999999999998,38.2500000000007));
#5343=CARTESIAN_POINT('Ctrl Pts',(14.9572474820843,50.8999999999998,38.2500000000007));
#5344=CARTESIAN_POINT('Ctrl Pts',(-0.19275251791572,50.8999999999998,38.2500000000007));
#5345=CARTESIAN_POINT('Ctrl Pts',(-15.3427525179157,50.8999999999998,38.2500000000007));
#5346=CARTESIAN_POINT('Ctrl Pts',(-15.3427525179157,32.4999999999998,38.2500000000007));
#5347=CARTESIAN_POINT('Ctrl Pts',(-15.3427525179157,14.0999999999998,38.2500000000007));
#5348=CARTESIAN_POINT('Ctrl Pts',(-0.19275251791572,14.0999999999998,38.2500000000007));
#5349=CARTESIAN_POINT('Ctrl Pts',(-0.19275251791572,14.0999999999998,138.250000000001));
#5350=CARTESIAN_POINT('Ctrl Pts',(14.9572474820843,14.0999999999998,138.250000000001));
#5351=CARTESIAN_POINT('Ctrl Pts',(14.9572474820843,32.4999999999998,138.250000000001));
#5352=CARTESIAN_POINT('Ctrl Pts',(14.9572474820843,50.8999999999998,138.250000000001));
#5353=CARTESIAN_POINT('Ctrl Pts',(-0.19275251791572,50.8999999999998,138.250000000001));
#5354=CARTESIAN_POINT('Ctrl Pts',(-15.3427525179157,50.8999999999998,138.250000000001));
#5355=CARTESIAN_POINT('Ctrl Pts',(-15.3427525179157,32.4999999999998,138.250000000001));
#5356=CARTESIAN_POINT('Ctrl Pts',(-15.3427525179157,14.0999999999998,138.250000000001));
#5357=CARTESIAN_POINT('Ctrl Pts',(-0.19275251791572,14.0999999999998,138.250000000001));
#5358=CARTESIAN_POINT('',(-0.192752517915718,14.0999999999998,138.250000000001));
#5359=CARTESIAN_POINT('Origin',(-0.19275251791572,32.4999999999998,138.250000000001));
#5360=CARTESIAN_POINT('',(-0.192752517915718,14.0999999999998,38.2500000000007));
#5361=CARTESIAN_POINT('',(-0.192752517915718,14.0999999999998,38.2500000000007));
#5362=CARTESIAN_POINT('Origin',(-0.19275251791572,32.4999999999998,38.2500000000007));
#5363=CARTESIAN_POINT('Origin',(-0.19275251791572,32.4999999999998,138.250000000001));
#5364=CARTESIAN_POINT('Origin',(-0.19275251791572,32.4999999999998,38.2500000000007));
#5365=CARTESIAN_POINT('',(0.,0.,0.));
#5366=CARTESIAN_POINT('Ctrl Pts',(-0.042752517915704,9.1,36.7500000000007));
#5367=CARTESIAN_POINT('Ctrl Pts',(1.61975937850586,9.10000000000001,36.7500000000007));
#5368=CARTESIAN_POINT('Ctrl Pts',(4.94261709575238,9.5833388038615,36.7500000000006));
#5369=CARTESIAN_POINT('Ctrl Pts',(10.2672590051213,11.9921509129906,36.7500000000007));
#5370=CARTESIAN_POINT('Ctrl Pts',(13.9369917037835,15.3575599387756,36.7500000000007));
#5371=CARTESIAN_POINT('Ctrl Pts',(19.5418354897977,23.3678167706091,36.7500000000007));
#5372=CARTESIAN_POINT('Ctrl Pts',(21.2013927475449,33.2167854075246,36.7500000000006));
#5373=CARTESIAN_POINT('Ctrl Pts',(18.0281430675286,43.5439707892969,36.7500000000007));
#5374=CARTESIAN_POINT('Ctrl Pts',(14.5726822170568,49.1099312224564,36.7500000000007));
#5375=CARTESIAN_POINT('Ctrl Pts',(9.60116353958562,53.4911067817686,36.7500000000007));
#5376=CARTESIAN_POINT('Ctrl Pts',(4.13119470897837,55.6872798376305,36.7500000000007));
#5377=CARTESIAN_POINT('Ctrl Pts',(-0.324918488072674,56.006099750563,36.7500000000007));
#5378=CARTESIAN_POINT('Ctrl Pts',(-4.73840516327217,55.476320143875,36.7500000000007));
#5379=CARTESIAN_POINT('Ctrl Pts',(-9.68484296031437,53.4970223287036,36.7500000000006));
#5380=CARTESIAN_POINT('Ctrl Pts',(-16.3197899991038,47.6361490970628,36.7500000000007));
#5381=CARTESIAN_POINT('Ctrl Pts',(-19.8967282534665,39.4827110609373,36.7500000000007));
#5382=CARTESIAN_POINT('Ctrl Pts',(-20.3666952137796,31.4204118390448,36.7500000000007));
#5383=CARTESIAN_POINT('Ctrl Pts',(-19.4147638122445,25.0285890793595,36.7500000000007));
#5384=CARTESIAN_POINT('Ctrl Pts',(-16.5248862326956,17.9800958390701,36.7500000000006));
#5385=CARTESIAN_POINT('Ctrl Pts',(-11.1212120574798,12.3351658030971,36.7500000000007));
#5386=CARTESIAN_POINT('Ctrl Pts',(-6.16832891386283,10.1001110653003,36.7500000000007));
#5387=CARTESIAN_POINT('Ctrl Pts',(-2.952163546386,9.28105460252631,36.7500000000007));
#5388=CARTESIAN_POINT('Ctrl Pts',(-1.28963644023188,9.1,36.7500000000007));
#5389=CARTESIAN_POINT('Ctrl Pts',(-0.0427525179157023,9.1,36.7500000000007));
#5390=CARTESIAN_POINT('Ctrl Pts',(-0.042752517915704,9.1,37.1987989505135));
#5391=CARTESIAN_POINT('Ctrl Pts',(1.62022675019543,9.10000000000001,37.1987989505135));
#5392=CARTESIAN_POINT('Ctrl Pts',(4.94287276729112,9.58327351650087,37.1987989505135));
#5393=CARTESIAN_POINT('Ctrl Pts',(10.2677543168445,11.9920688676292,37.1987989505135));
#5394=CARTESIAN_POINT('Ctrl Pts',(13.9370765344235,15.35748051499,37.1987989505135));
#5395=CARTESIAN_POINT('Ctrl Pts',(19.542365881092,23.3682998094241,37.1987989505135));
#5396=CARTESIAN_POINT('Ctrl Pts',(21.201398161572,33.2161361597759,37.1987989505135));
#5397=CARTESIAN_POINT('Ctrl Pts',(18.0282708778139,43.5442243000842,37.1987989505135));
#5398=CARTESIAN_POINT('Ctrl Pts',(14.5727693155826,49.1100551696774,37.1987989505135));
#5399=CARTESIAN_POINT('Ctrl Pts',(9.6012442107067,53.4913789005102,37.1987989505135));
#5400=CARTESIAN_POINT('Ctrl Pts',(4.13201103501258,55.687401907469,37.1987989505135));
#5401=CARTESIAN_POINT('Ctrl Pts',(-0.32458399584682,56.0063036623827,37.1987989505135));
#5402=CARTESIAN_POINT('Ctrl Pts',(-4.7388625071938,55.476407565011,37.1987989505135));
#5403=CARTESIAN_POINT('Ctrl Pts',(-9.68495079122162,53.4973093269801,37.1987989505135));
#5404=CARTESIAN_POINT('Ctrl Pts',(-16.3200926079358,47.6359214021874,37.1987989505135));
#5405=CARTESIAN_POINT('Ctrl Pts',(-19.896893683775,39.4827476597391,37.1987989505135));
#5406=CARTESIAN_POINT('Ctrl Pts',(-20.3668411859495,31.4206280837597,37.1987989505135));
#5407=CARTESIAN_POINT('Ctrl Pts',(-19.4147995425521,25.0283924516535,37.1987989505135));
#5408=CARTESIAN_POINT('Ctrl Pts',(-16.5251266171915,17.9800088781791,37.1987989505135));
#5409=CARTESIAN_POINT('Ctrl Pts',(-11.1212442219039,12.3349804201939,37.1987989505135));
#5410=CARTESIAN_POINT('Ctrl Pts',(-6.16915803362332,10.1001756951848,37.1987989505135));
#5411=CARTESIAN_POINT('Ctrl Pts',(-2.95229553217751,9.28097790907553,37.1987989505135));
#5412=CARTESIAN_POINT('Ctrl Pts',(-1.28998696899905,9.1,37.1987989505135));
#5413=CARTESIAN_POINT('Ctrl Pts',(-0.0427525179157023,9.1,37.1987989505135));
#5414=CARTESIAN_POINT('Ctrl Pts',(-0.0427525179157042,9.47652382999688,
37.9758537885011));
#5415=CARTESIAN_POINT('Ctrl Pts',(1.58355413087671,9.47652382999688,37.9758537885011));
#5416=CARTESIAN_POINT('Ctrl Pts',(4.83437868965242,9.94927149218859,37.9758537885011));
#5417=CARTESIAN_POINT('Ctrl Pts',(10.0508706437878,12.3081575035521,37.9758537885011));
#5418=CARTESIAN_POINT('Ctrl Pts',(13.6551581606484,15.6123520392645,37.9758537885011));
#5419=CARTESIAN_POINT('Ctrl Pts',(19.170189596326,23.4912950539625,37.9758537885011));
#5420=CARTESIAN_POINT('Ctrl Pts',(20.810383671683,33.2092606544619,37.9758537885011));
#5421=CARTESIAN_POINT('Ctrl Pts',(17.680622901769,43.3878495791654,37.9758537885011));
#5422=CARTESIAN_POINT('Ctrl Pts',(14.2797317545292,48.8650945460339,37.9758537885011));
#5423=CARTESIAN_POINT('Ctrl Pts',(9.3970785066258,53.1658058172151,37.9758537885011));
#5424=CARTESIAN_POINT('Ctrl Pts',(4.04011577750988,55.3153843313533,37.9758537885011));
#5425=CARTESIAN_POINT('Ctrl Pts',(-0.318803584008285,55.6272102345626,37.9758537885011));
#5426=CARTESIAN_POINT('Ctrl Pts',(-4.63659724242993,55.1089652116761,37.9758537885011));
#5427=CARTESIAN_POINT('Ctrl Pts',(-9.48077993846385,53.1714920640247,37.9758537885011));
#5428=CARTESIAN_POINT('Ctrl Pts',(-15.997075611711,47.418762548057,37.9758537885011));
#5429=CARTESIAN_POINT('Ctrl Pts',(-19.5245430055252,39.3867819837658,37.9758537885011));
#5430=CARTESIAN_POINT('Ctrl Pts',(-19.9876232144277,31.435044309068,37.9758537885011));
#5431=CARTESIAN_POINT('Ctrl Pts',(-19.049126748971,25.1327491104011,37.9758537885011));
#5432=CARTESIAN_POINT('Ctrl Pts',(-16.2007256634819,18.1883237025849,37.9758537885011));
#5433=CARTESIAN_POINT('Ctrl Pts',(-10.8890927771776,12.6439400796697,37.9758537885011));
#5434=CARTESIAN_POINT('Ctrl Pts',(-6.03680999522511,10.4553073785681,37.9758537885011));
#5435=CARTESIAN_POINT('Ctrl Pts',(-2.88901280806457,9.65362124771543,37.9758537885011));
#5436=CARTESIAN_POINT('Ctrl Pts',(-1.26248250451002,9.47652382999688,37.9758537885011));
#5437=CARTESIAN_POINT('Ctrl Pts',(-0.0427525179157026,9.47652382999688,
37.9758537885011));
#5438=CARTESIAN_POINT('Ctrl Pts',(-0.0427525179157046,10.2634007871154,
38.2500000000007));
#5439=CARTESIAN_POINT('Ctrl Pts',(1.50820865902812,10.2634007871154,38.2500000000007));
#5440=CARTESIAN_POINT('Ctrl Pts',(4.6083509727845,10.7139701781558,38.2500000000007));
#5441=CARTESIAN_POINT('Ctrl Pts',(9.5989891533185,12.968506915868,38.2500000000007));
#5442=CARTESIAN_POINT('Ctrl Pts',(13.0662270619546,16.144774355419,38.2500000000007));
#5443=CARTESIAN_POINT('Ctrl Pts',(18.3938675799719,23.749674286431,38.2500000000007));
#5444=CARTESIAN_POINT('Ctrl Pts',(19.9932384590948,33.1930934207413,38.2500000000007));
#5445=CARTESIAN_POINT('Ctrl Pts',(16.9544460908553,43.0617526885207,38.2500000000007));
#5446=CARTESIAN_POINT('Ctrl Pts',(13.6675695450104,48.3535078240851,38.2500000000007));
#5447=CARTESIAN_POINT('Ctrl Pts',(8.97062701969123,52.4861618901185,38.2500000000007));
#5448=CARTESIAN_POINT('Ctrl Pts',(3.85033011594426,54.5382628987009,38.2500000000007));
#5449=CARTESIAN_POINT('Ctrl Pts',(-0.305796833012844,54.8355280697713,38.2500000000007));
#5450=CARTESIAN_POINT('Ctrl Pts',(-4.42414544102321,54.3413093111994,38.2500000000006));
#5451=CARTESIAN_POINT('Ctrl Pts',(-9.05439292702436,52.4913790568156,38.2500000000007));
#5452=CARTESIAN_POINT('Ctrl Pts',(-15.3228579746131,46.9643031677801,38.2500000000006));
#5453=CARTESIAN_POINT('Ctrl Pts',(-18.7468455536106,39.1863298472497,38.2500000000007));
#5454=CARTESIAN_POINT('Ctrl Pts',(-19.195520273565,31.4657710255134,38.2500000000007));
#5455=CARTESIAN_POINT('Ctrl Pts',(-18.2850257675291,25.3502938150138,38.2500000000006));
#5456=CARTESIAN_POINT('Ctrl Pts',(-15.5234433999693,18.6234287902264,38.2500000000007));
#5457=CARTESIAN_POINT('Ctrl Pts',(-10.4040210233015,13.2891047707155,38.2500000000007));
#5458=CARTESIAN_POINT('Ctrl Pts',(-5.76251967654235,11.1976570673827,38.2500000000007));
#5459=CARTESIAN_POINT('Ctrl Pts',(-2.75712725156649,10.4321761252278,38.2500000000007));
#5460=CARTESIAN_POINT('Ctrl Pts',(-1.20597340062357,10.2634007871154,38.2500000000007));
#5461=CARTESIAN_POINT('Ctrl Pts',(-0.0427525179157032,10.2634007871154,
38.2500000000007));
#5462=CARTESIAN_POINT('Ctrl Pts',(-0.0427525179157048,10.6,38.2500000000007));
#5463=CARTESIAN_POINT('Ctrl Pts',(1.47603786660838,10.6,38.2500000000007));
#5464=CARTESIAN_POINT('Ctrl Pts',(4.5116965148155,11.041073977501,38.2500000000007));
#5465=CARTESIAN_POINT('Ctrl Pts',(9.40575260557092,13.2509715119918,38.2500000000007));
#5466=CARTESIAN_POINT('Ctrl Pts',(12.8143131468037,16.3725164220088,38.2500000000007));
#5467=CARTESIAN_POINT('Ctrl Pts',(18.0618508657243,23.860261570268,38.2500000000007));
#5468=CARTESIAN_POINT('Ctrl Pts',(19.6436922040118,33.186095058109,38.2500000000007));
#5469=CARTESIAN_POINT('Ctrl Pts',(16.643828591635,42.9222917649977,38.2500000000007));
#5470=CARTESIAN_POINT('Ctrl Pts',(13.4057184387988,48.1346841787789,38.2500000000007));
#5471=CARTESIAN_POINT('Ctrl Pts',(8.78821583006522,52.1954679295144,38.2500000000007));
#5472=CARTESIAN_POINT('Ctrl Pts',(3.76925007979003,54.2058522920749,38.2500000000007));
#5473=CARTESIAN_POINT('Ctrl Pts',(-0.30019044724113,54.4968992853694,38.2500000000007));
#5474=CARTESIAN_POINT('Ctrl Pts',(-4.33332394635358,54.0129433309316,38.2500000000006));
#5475=CARTESIAN_POINT('Ctrl Pts',(-8.87201277193438,52.200486332026,38.2500000000007));
#5476=CARTESIAN_POINT('Ctrl Pts',(-15.0344890740576,46.7698719363065,38.2500000000006));
#5477=CARTESIAN_POINT('Ctrl Pts',(-18.4141940599977,39.1005878920287,38.2500000000007));
#5478=CARTESIAN_POINT('Ctrl Pts',(-18.8567041268497,31.4789423717148,38.2500000000007));
#5479=CARTESIAN_POINT('Ctrl Pts',(-17.9581738868721,25.4433270377556,38.2500000000006));
#5480=CARTESIAN_POINT('Ctrl Pts',(-15.2337556428844,18.8095408961447,38.2500000000007));
#5481=CARTESIAN_POINT('Ctrl Pts',(-10.1965279072802,13.5650607170749,38.2500000000007));
#5482=CARTESIAN_POINT('Ctrl Pts',(-5.64529304782715,11.5152172480232,38.2500000000007));
#5483=CARTESIAN_POINT('Ctrl Pts',(-2.7007278794703,10.7652056816869,38.2500000000007));
#5484=CARTESIAN_POINT('Ctrl Pts',(-1.18184530630876,10.6,38.2500000000007));
#5485=CARTESIAN_POINT('Ctrl Pts',(-0.0427525179157034,10.6,38.2500000000007));
#5486=CARTESIAN_POINT('',(-0.0427525179157034,10.6,38.2500000000007));
#5487=CARTESIAN_POINT('',(-0.042752517915704,9.1,36.7500000000007));
#5488=CARTESIAN_POINT('Origin',(-0.0427525179157048,10.6,36.7500000000007));
#5489=CARTESIAN_POINT('Ctrl Pts',(-0.042752517915704,9.1,36.7500000000007));
#5490=CARTESIAN_POINT('Ctrl Pts',(1.61975937850586,9.10000000000001,36.7500000000007));
#5491=CARTESIAN_POINT('Ctrl Pts',(4.94261709575238,9.5833388038615,36.7500000000006));
#5492=CARTESIAN_POINT('Ctrl Pts',(10.2672590051213,11.9921509129906,36.7500000000007));
#5493=CARTESIAN_POINT('Ctrl Pts',(13.9369917037835,15.3575599387756,36.7500000000007));
#5494=CARTESIAN_POINT('Ctrl Pts',(19.5418354897977,23.3678167706091,36.7500000000007));
#5495=CARTESIAN_POINT('Ctrl Pts',(21.2013927475449,33.2167854075246,36.7500000000006));
#5496=CARTESIAN_POINT('Ctrl Pts',(18.0281430675286,43.5439707892969,36.7500000000007));
#5497=CARTESIAN_POINT('Ctrl Pts',(14.5726822170568,49.1099312224564,36.7500000000007));
#5498=CARTESIAN_POINT('Ctrl Pts',(9.60116353958562,53.4911067817686,36.7500000000007));
#5499=CARTESIAN_POINT('Ctrl Pts',(4.13119470897837,55.6872798376305,36.7500000000007));
#5500=CARTESIAN_POINT('Ctrl Pts',(-0.324918488072674,56.006099750563,36.7500000000007));
#5501=CARTESIAN_POINT('Ctrl Pts',(-4.73840516327217,55.476320143875,36.7500000000007));
#5502=CARTESIAN_POINT('Ctrl Pts',(-9.68484296031437,53.4970223287036,36.7500000000006));
#5503=CARTESIAN_POINT('Ctrl Pts',(-16.3197899991038,47.6361490970628,36.7500000000007));
#5504=CARTESIAN_POINT('Ctrl Pts',(-19.8967282534665,39.4827110609373,36.7500000000007));
#5505=CARTESIAN_POINT('Ctrl Pts',(-20.3666952137796,31.4204118390448,36.7500000000007));
#5506=CARTESIAN_POINT('Ctrl Pts',(-19.4147638122445,25.0285890793595,36.7500000000007));
#5507=CARTESIAN_POINT('Ctrl Pts',(-16.5248862326956,17.9800958390701,36.7500000000006));
#5508=CARTESIAN_POINT('Ctrl Pts',(-11.1212120574798,12.3351658030971,36.7500000000007));
#5509=CARTESIAN_POINT('Ctrl Pts',(-6.16832891386283,10.1001110653003,36.7500000000007));
#5510=CARTESIAN_POINT('Ctrl Pts',(-2.952163546386,9.28105460252631,36.7500000000007));
#5511=CARTESIAN_POINT('Ctrl Pts',(-1.28963644023188,9.1,36.7500000000007));
#5512=CARTESIAN_POINT('Ctrl Pts',(-0.0427525179157023,9.1,36.7500000000007));
#5513=CARTESIAN_POINT('Ctrl Pts',(-0.0427525179157034,10.6,38.2500000000007));
#5514=CARTESIAN_POINT('Ctrl Pts',(-1.18184530630876,10.6,38.2500000000007));
#5515=CARTESIAN_POINT('Ctrl Pts',(-2.7007278794703,10.7652056816869,38.2500000000007));
#5516=CARTESIAN_POINT('Ctrl Pts',(-5.64529304782715,11.5152172480232,38.2500000000007));
#5517=CARTESIAN_POINT('Ctrl Pts',(-10.1965279072802,13.5650607170749,38.2500000000007));
#5518=CARTESIAN_POINT('Ctrl Pts',(-15.2337556428844,18.8095408961447,38.2500000000007));
#5519=CARTESIAN_POINT('Ctrl Pts',(-17.9581738868721,25.4433270377556,38.2500000000006));
#5520=CARTESIAN_POINT('Ctrl Pts',(-18.8567041268497,31.4789423717148,38.2500000000007));
#5521=CARTESIAN_POINT('Ctrl Pts',(-18.4141940599977,39.1005878920287,38.2500000000007));
#5522=CARTESIAN_POINT('Ctrl Pts',(-15.0344890740576,46.7698719363065,38.2500000000006));
#5523=CARTESIAN_POINT('Ctrl Pts',(-8.87201277193438,52.200486332026,38.2500000000007));
#5524=CARTESIAN_POINT('Ctrl Pts',(-4.33332394635358,54.0129433309316,38.2500000000006));
#5525=CARTESIAN_POINT('Ctrl Pts',(-0.30019044724113,54.4968992853694,38.2500000000007));
#5526=CARTESIAN_POINT('Ctrl Pts',(3.76925007979003,54.2058522920749,38.2500000000007));
#5527=CARTESIAN_POINT('Ctrl Pts',(8.78821583006522,52.1954679295144,38.2500000000007));
#5528=CARTESIAN_POINT('Ctrl Pts',(13.4057184387988,48.1346841787789,38.2500000000007));
#5529=CARTESIAN_POINT('Ctrl Pts',(16.643828591635,42.9222917649977,38.2500000000007));
#5530=CARTESIAN_POINT('Ctrl Pts',(19.6436922040118,33.186095058109,38.2500000000007));
#5531=CARTESIAN_POINT('Ctrl Pts',(18.0618508657243,23.860261570268,38.2500000000007));
#5532=CARTESIAN_POINT('Ctrl Pts',(12.8143131468037,16.3725164220088,38.2500000000007));
#5533=CARTESIAN_POINT('Ctrl Pts',(9.40575260557092,13.2509715119918,38.2500000000007));
#5534=CARTESIAN_POINT('Ctrl Pts',(4.5116965148155,11.041073977501,38.2500000000007));
#5535=CARTESIAN_POINT('Ctrl Pts',(1.47603786660838,10.6,38.2500000000007));
#5536=CARTESIAN_POINT('Ctrl Pts',(-0.0427525179157048,10.6,38.2500000000007));
#5537=CARTESIAN_POINT('Ctrl Pts',(-0.0427525179157051,9.10000000000001,
3.25));
#5538=CARTESIAN_POINT('Ctrl Pts',(20.1072474820843,9.10000000000002,3.25));
#5539=CARTESIAN_POINT('Ctrl Pts',(20.1072474820843,32.5,3.25));
#5540=CARTESIAN_POINT('Ctrl Pts',(20.1072474820843,55.9,3.25));
#5541=CARTESIAN_POINT('Ctrl Pts',(-0.0427525179157051,55.9,3.25));
#5542=CARTESIAN_POINT('Ctrl Pts',(-20.1927525179157,55.9,3.25));
#5543=CARTESIAN_POINT('Ctrl Pts',(-20.1927525179157,32.5,3.25));
#5544=CARTESIAN_POINT('Ctrl Pts',(-20.1927525179157,9.10000000000002,3.25));
#5545=CARTESIAN_POINT('Ctrl Pts',(-0.0427525179157051,9.10000000000001,
3.25));
#5546=CARTESIAN_POINT('Ctrl Pts',(-0.0427525179157051,9.10000000000001,
36.7500000000007));
#5547=CARTESIAN_POINT('Ctrl Pts',(20.1072474820843,9.10000000000002,36.7500000000007));
#5548=CARTESIAN_POINT('Ctrl Pts',(20.1072474820843,32.5,36.7500000000007));
#5549=CARTESIAN_POINT('Ctrl Pts',(20.1072474820843,55.9,36.7500000000007));
#5550=CARTESIAN_POINT('Ctrl Pts',(-0.0427525179157051,55.9,36.7500000000007));
#5551=CARTESIAN_POINT('Ctrl Pts',(-20.1927525179157,55.9,36.7500000000007));
#5552=CARTESIAN_POINT('Ctrl Pts',(-20.1927525179157,32.5,36.7500000000007));
#5553=CARTESIAN_POINT('Ctrl Pts',(-20.1927525179157,9.10000000000002,36.7500000000007));
#5554=CARTESIAN_POINT('Ctrl Pts',(-0.0427525179157051,9.10000000000001,
36.7500000000007));
#5555=CARTESIAN_POINT('',(-0.0427525179157076,9.1,3.25000000000066));
#5556=CARTESIAN_POINT('',(-0.0427525179157026,9.1,3.25000000000066));
#5557=CARTESIAN_POINT('',(11.1588537794841,13.0489411837319,8.25));
#5558=CARTESIAN_POINT('Ctrl Pts',(11.1588537794841,13.0489411837319,8.25));
#5559=CARTESIAN_POINT('Ctrl Pts',(10.4738139003423,12.5169131392064,8.25000000000031));
#5560=CARTESIAN_POINT('Ctrl Pts',(9.40218624833664,11.7917036514459,8.05572943712115));
#5561=CARTESIAN_POINT('Ctrl Pts',(7.92985715983734,10.9943880224867,7.55851990217311));
#5562=CARTESIAN_POINT('Ctrl Pts',(6.81572240367923,10.4826531751284,7.09305221098307));
#5563=CARTESIAN_POINT('Ctrl Pts',(5.68559723605282,10.051499491465,6.55233717642078));
#5564=CARTESIAN_POINT('Ctrl Pts',(4.16655995732526,9.58445549479197,5.75405804693511));
#5565=CARTESIAN_POINT('Ctrl Pts',(2.24898639227,9.20055286173704,4.64635131453045));
#5566=CARTESIAN_POINT('Ctrl Pts',(0.730481174199529,9.10064450945114,3.72110090186023));
#5567=CARTESIAN_POINT('Ctrl Pts',(-0.0333006996057377,9.10000185179044,
3.25575861677084));
#5568=CARTESIAN_POINT('Ctrl Pts',(-0.0380267890964079,9.1,3.25287919986546));
#5569=CARTESIAN_POINT('Ctrl Pts',(-0.0427525179157008,9.1,3.25));
#5570=CARTESIAN_POINT('',(15.9369989478911,18.2454253341876,8.25));
#5571=CARTESIAN_POINT('Ctrl Pts',(15.9369989478911,18.2454253341876,8.25));
#5572=CARTESIAN_POINT('Ctrl Pts',(14.616018677817,16.2483534282089,8.25));
#5573=CARTESIAN_POINT('Ctrl Pts',(12.9998672339433,14.4787423061837,8.25));
#5574=CARTESIAN_POINT('Ctrl Pts',(11.1588537794841,13.0489411837319,8.25));
#5575=CARTESIAN_POINT('',(20.1072474820843,32.5,3.25));
#5576=CARTESIAN_POINT('Ctrl Pts',(20.1072474820843,32.5,3.25));
#5577=CARTESIAN_POINT('Ctrl Pts',(20.1072474820843,32.4940278805099,3.25278747294968));
#5578=CARTESIAN_POINT('Ctrl Pts',(20.1072463551673,32.4880595569117,3.25557875478649));
#5579=CARTESIAN_POINT('Ctrl Pts',(20.1047149950578,29.5445325563108,4.62552927833746));
#5580=CARTESIAN_POINT('Ctrl Pts',(19.4685334610871,25.573726755831,6.50679198737414));
#5581=CARTESIAN_POINT('Ctrl Pts',(17.5255262269944,20.8960586368216,7.97604318057894));
#5582=CARTESIAN_POINT('Ctrl Pts',(16.5027782999485,19.1007765264604,8.25000000001423));
#5583=CARTESIAN_POINT('Ctrl Pts',(15.9369989478911,18.2454253341876,8.25));
#5584=CARTESIAN_POINT('',(15.9369989479199,46.7545746657688,8.25));
#5585=CARTESIAN_POINT('Ctrl Pts',(15.9369989479199,46.7545746657688,8.25));
#5586=CARTESIAN_POINT('Ctrl Pts',(16.5027782999737,45.8992234734973,8.25000000000942));
#5587=CARTESIAN_POINT('Ctrl Pts',(17.5246859320922,44.1067381948703,7.97435521578667));
#5588=CARTESIAN_POINT('Ctrl Pts',(18.6927061303965,41.2932612743947,7.09633035261564));
#5589=CARTESIAN_POINT('Ctrl Pts',(19.3748446241038,38.890181409605,6.13793621350059));
#5590=CARTESIAN_POINT('Ctrl Pts',(19.7558402933045,36.9361508767962,5.28973970322514));
#5591=CARTESIAN_POINT('Ctrl Pts',(19.9585524672474,35.4638854606398,4.62568140453599));
#5592=CARTESIAN_POINT('Ctrl Pts',(20.0798617170991,33.9883791393093,3.94469295378419));
#5593=CARTESIAN_POINT('Ctrl Pts',(20.1069158898792,33.0070703574668,3.48667201239672));
#5594=CARTESIAN_POINT('Ctrl Pts',(20.1072455396588,32.5119441795756,3.25557493250181));
#5595=CARTESIAN_POINT('Ctrl Pts',(20.1072474820843,32.5059721194901,3.25278747294968));
#5596=CARTESIAN_POINT('Ctrl Pts',(20.1072474820843,32.5,3.25));
#5597=CARTESIAN_POINT('',(11.158853813704,51.9510587896916,8.25));
#5598=CARTESIAN_POINT('Ctrl Pts',(11.158853813704,51.9510587896916,8.25));
#5599=CARTESIAN_POINT('Ctrl Pts',(12.999756589572,50.5213436181254,8.25));
#5600=CARTESIAN_POINT('Ctrl Pts',(14.6159576007581,48.7517389087428,8.25));
#5601=CARTESIAN_POINT('Ctrl Pts',(15.9369989479199,46.7545746657688,8.25));
#5602=CARTESIAN_POINT('',(-0.0427525179157051,55.9,3.25));
#5603=CARTESIAN_POINT('Ctrl Pts',(-0.0427525179157051,55.9,3.25));
#5604=CARTESIAN_POINT('Ctrl Pts',(-0.0380267890899343,55.9,3.25287919986078));
#5605=CARTESIAN_POINT('Ctrl Pts',(-0.0333007618901325,55.899998167035,3.25575859332432));
#5606=CARTESIAN_POINT('Ctrl Pts',(0.730495369086965,55.8993512801889,3.72110619962915));
#5607=CARTESIAN_POINT('Ctrl Pts',(2.24854632518956,55.7996570794595,4.64612585655483));
#5608=CARTESIAN_POINT('Ctrl Pts',(4.55027454627726,55.3386212249289,5.97564390915271));
#5609=CARTESIAN_POINT('Ctrl Pts',(6.81961930097961,54.5590778609809,7.12842708957498));
#5610=CARTESIAN_POINT('Ctrl Pts',(9.04304370575725,53.4507475231723,7.99002532901564));
#5611=CARTESIAN_POINT('Ctrl Pts',(10.4738139325513,52.4830868381311,8.25000000439886));
#5612=CARTESIAN_POINT('Ctrl Pts',(11.158853813704,51.9510587896916,8.25));
#5613=CARTESIAN_POINT('',(-11.2443588153155,51.9510588162681,8.25));
#5614=CARTESIAN_POINT('Ctrl Pts',(-11.2443588153155,51.9510588162681,8.25));
#5615=CARTESIAN_POINT('Ctrl Pts',(-10.5593189361738,52.4830868607939,8.25000000000001));
#5616=CARTESIAN_POINT('Ctrl Pts',(-9.48777624410958,53.208190956779,8.05575556923696));
#5617=CARTESIAN_POINT('Ctrl Pts',(-8.01544401853772,54.0055485035164,7.55854626723943));
#5618=CARTESIAN_POINT('Ctrl Pts',(-6.90119764016301,54.5172716576895,7.09302499768349));
#5619=CARTESIAN_POINT('Ctrl Pts',(-5.77124843900266,54.9484685864352,6.5524078085104));
#5620=CARTESIAN_POINT('Ctrl Pts',(-4.63146315247933,55.2986888181922,5.95343919308529));
#5621=CARTESIAN_POINT('Ctrl Pts',(-3.48550092623589,55.5691244077767,5.31120497507739));
#5622=CARTESIAN_POINT('Ctrl Pts',(-2.33778383323003,55.7605549518498,4.63926825527218));
#5623=CARTESIAN_POINT('Ctrl Pts',(-1.19468773960567,55.8742538846406,3.95179639462307));
#5624=CARTESIAN_POINT('Ctrl Pts',(-0.436538410100484,55.8996790581049,3.48991728551402));
#5625=CARTESIAN_POINT('Ctrl Pts',(-0.0522036358056939,55.8999981122743,
3.25575819834195));
#5626=CARTESIAN_POINT('Ctrl Pts',(-0.047478246741476,55.9,3.25287919986078));
#5627=CARTESIAN_POINT('Ctrl Pts',(-0.0427525179157051,55.9,3.25));
#5628=CARTESIAN_POINT('',(-16.0225039837225,46.7545746658124,8.25));
#5629=CARTESIAN_POINT('Ctrl Pts',(-16.0225039837225,46.7545746658124,8.25));
#5630=CARTESIAN_POINT('Ctrl Pts',(-14.7015237136484,48.7516465717912,8.25));
#5631=CARTESIAN_POINT('Ctrl Pts',(-13.0853722697747,50.5212576938163,8.25));
#5632=CARTESIAN_POINT('Ctrl Pts',(-11.2443588153155,51.9510588162681,8.25));
#5633=CARTESIAN_POINT('',(-20.1927525179157,32.5,3.25));
#5634=CARTESIAN_POINT('Ctrl Pts',(-20.1927525179157,32.5,3.25));
#5635=CARTESIAN_POINT('Ctrl Pts',(-20.1927525179157,32.5059721194869,3.25278747295363));
#5636=CARTESIAN_POINT('Ctrl Pts',(-20.1927506520958,32.5119439741865,3.25557484391724));
#5637=CARTESIAN_POINT('Ctrl Pts',(-20.1920773570998,33.4962723739775,3.71500238410469));
#5638=CARTESIAN_POINT('Ctrl Pts',(-20.0853051595262,35.4641972103822,4.63368361974778));
#5639=CARTESIAN_POINT('Ctrl Pts',(-19.597099967347,38.4087859759365,5.94606014639009));
#5640=CARTESIAN_POINT('Ctrl Pts',(-18.7784860686201,41.2925286146027,7.09583206781682));
#5641=CARTESIAN_POINT('Ctrl Pts',(-17.6100662222384,44.1070275616021,7.97455332022564));
#5642=CARTESIAN_POINT('Ctrl Pts',(-16.5882833357799,45.8992234735397,8.25000000001423));
#5643=CARTESIAN_POINT('Ctrl Pts',(-16.0225039837225,46.7545746658124,8.25));
#5644=CARTESIAN_POINT('',(-16.0225039837513,18.2454253342312,8.25));
#5645=CARTESIAN_POINT('Ctrl Pts',(-16.0225039837513,18.2454253342312,8.25));
#5646=CARTESIAN_POINT('Ctrl Pts',(-16.5882833358051,19.1007765265026,8.25000000000942));
#5647=CARTESIAN_POINT('Ctrl Pts',(-17.3540542970913,20.4432803903235,8.04392395553429));
#5648=CARTESIAN_POINT('Ctrl Pts',(-18.1948119405346,22.3015438068234,7.53468593183816));
#5649=CARTESIAN_POINT('Ctrl Pts',(-18.7343211904225,23.7148836423043,7.06246208257078));
#5650=CARTESIAN_POINT('Ctrl Pts',(-19.1871114558141,25.1475618604034,6.52147925194204));
#5651=CARTESIAN_POINT('Ctrl Pts',(-19.6788449298695,27.0829630116728,5.72704782599801));
#5652=CARTESIAN_POINT('Ctrl Pts',(-20.0849447260501,29.5348547507602,4.63398977092869));
#5653=CARTESIAN_POINT('Ctrl Pts',(-20.1921058491026,31.5038013557145,3.71498052879993));
#5654=CARTESIAN_POINT('Ctrl Pts',(-20.1927505311465,32.4880557127756,3.25557493680259));
#5655=CARTESIAN_POINT('Ctrl Pts',(-20.1927525179157,32.4940278805132,3.25278747295362));
#5656=CARTESIAN_POINT('Ctrl Pts',(-20.1927525179157,32.5,3.25));
#5657=CARTESIAN_POINT('',(-11.2443588495354,13.0489412103084,8.25));
#5658=CARTESIAN_POINT('Ctrl Pts',(-11.2443588495354,13.0489412103084,8.25));
#5659=CARTESIAN_POINT('Ctrl Pts',(-13.0852616254034,14.4786563818746,8.25));
#5660=CARTESIAN_POINT('Ctrl Pts',(-14.7014626365895,16.2482610912572,8.25));
#5661=CARTESIAN_POINT('Ctrl Pts',(-16.0225039837514,18.2454253342313,8.25));
#5662=CARTESIAN_POINT('Ctrl Pts',(-0.0427525179157094,9.1,3.25));
#5663=CARTESIAN_POINT('Ctrl Pts',(-0.0474782467349807,9.1,3.25287919986546));
#5664=CARTESIAN_POINT('Ctrl Pts',(-0.0522115746020109,9.10000308664122,
3.25576813257026));
#5665=CARTESIAN_POINT('Ctrl Pts',(-2.32910772714649,9.1010701643324,4.639466409165));
#5666=CARTESIAN_POINT('Ctrl Pts',(-5.42506312801653,9.70239918637327,6.54926766065658));
#5667=CARTESIAN_POINT('Ctrl Pts',(-9.1284737971456,11.5492644356095,7.99216058442415));
#5668=CARTESIAN_POINT('Ctrl Pts',(-10.5593189683826,12.5169131618688,8.25000000439885));
#5669=CARTESIAN_POINT('Ctrl Pts',(-11.2443588495354,13.0489412103084,8.25));
#5670=CARTESIAN_POINT('Origin',(-0.0427525179157051,32.5,38.2500000000007));
#5671=CARTESIAN_POINT('',(-0.0427525179157072,12.1,38.2500000000007));
#5672=CARTESIAN_POINT('Origin',(-0.0427525179157051,32.5,38.2500000000007));
#5673=CARTESIAN_POINT('Origin',(20.1072474820843,54.4,1.75));
#5674=CARTESIAN_POINT('',(20.1072474820843,55.9,1.75));
#5675=CARTESIAN_POINT('',(15.9861022848965,55.9,1.75));
#5676=CARTESIAN_POINT('',(20.1072474820843,55.9,1.75));
#5677=CARTESIAN_POINT('',(15.9861022848965,54.4,3.25));
#5678=CARTESIAN_POINT('Origin',(15.9861022848965,54.4,1.75));
#5679=CARTESIAN_POINT('',(18.6072474820843,54.4,3.25));
#5680=CARTESIAN_POINT('',(20.1072474820843,54.4,3.25));
#5681=CARTESIAN_POINT('Origin',(18.6072474820843,54.4,1.75));
#5682=CARTESIAN_POINT('Origin',(18.6072474820843,20.8,1.75));
#5683=CARTESIAN_POINT('',(18.6072474820838,51.5711772229477,3.25));
#5684=CARTESIAN_POINT('',(18.6072474820843,20.8,3.25));
#5685=CARTESIAN_POINT('',(20.1072474820843,51.5711772229477,1.75));
#5686=CARTESIAN_POINT('Origin',(18.6072474820843,51.5711772229477,1.75));
#5687=CARTESIAN_POINT('',(20.1072474820843,20.8,1.75));
#5688=CARTESIAN_POINT('Ctrl Pts',(20.1072474820843,32.5,3.25));
#5689=CARTESIAN_POINT('Ctrl Pts',(20.1072474820843,32.473628341582,3.25131781428134));
#5690=CARTESIAN_POINT('Ctrl Pts',(20.1072398873089,32.4472570503136,3.25263582532147));
#5691=CARTESIAN_POINT('Ctrl Pts',(20.1065817937599,31.3499522983367,3.30745503601743));
#5692=CARTESIAN_POINT('Ctrl Pts',(20.0801046609801,29.208446582833,3.41480847694292));
#5693=CARTESIAN_POINT('Ctrl Pts',(19.960513923882,25.9925921223174,3.55516321199441));
#5694=CARTESIAN_POINT('Ctrl Pts',(19.7573644931866,22.7745766523145,3.65534278741117));
#5695=CARTESIAN_POINT('Ctrl Pts',(19.4476350298827,19.5367260557096,3.66707350873871));
#5696=CARTESIAN_POINT('Ctrl Pts',(19.1543821314472,17.3640799868853,3.57386737359889));
#5697=CARTESIAN_POINT('Ctrl Pts',(18.9534013282161,16.250200215387,3.44519696998937));
#5698=CARTESIAN_POINT('Ctrl Pts',(20.1072474820843,32.5,3.25));
#5699=CARTESIAN_POINT('Ctrl Pts',(20.1072476918117,32.473657739815,3.25078779201228));
#5700=CARTESIAN_POINT('Ctrl Pts',(20.1072425947339,32.447316770962,3.25157436981625));
#5701=CARTESIAN_POINT('Ctrl Pts',(20.1068398484699,31.3512355680993,3.28434144093733));
#5702=CARTESIAN_POINT('Ctrl Pts',(20.0905939475331,29.2121742422166,3.34862063048115));
#5703=CARTESIAN_POINT('Ctrl Pts',(20.015776389024,26.0000120603063,3.43315859957361));
#5704=CARTESIAN_POINT('Ctrl Pts',(19.886710020842,22.7860079754349,3.49588744363357));
#5705=CARTESIAN_POINT('Ctrl Pts',(19.6807007326233,19.5519109958287,3.50328082880662));
#5706=CARTESIAN_POINT('Ctrl Pts',(19.476125372558,17.3807440477281,3.44582410187567));
#5707=CARTESIAN_POINT('Ctrl Pts',(19.3253486069054,16.2640392737618,3.35807421617757));
#5708=CARTESIAN_POINT('Ctrl Pts',(20.1072474820843,32.5,3.25));
#5709=CARTESIAN_POINT('Ctrl Pts',(20.1072475494277,32.4737092153501,3.24985944372936));
#5710=CARTESIAN_POINT('Ctrl Pts',(20.1072463457607,32.4474211702382,3.24971774965212));
#5711=CARTESIAN_POINT('Ctrl Pts',(20.1071535969013,31.3534866826535,3.24386191938363));
#5712=CARTESIAN_POINT('Ctrl Pts',(20.1034442088029,29.2185497157785,3.2326157567075));
#5713=CARTESIAN_POINT('Ctrl Pts',(20.0860051553135,26.0137120837612,3.20915551990336));
#5714=CARTESIAN_POINT('Ctrl Pts',(20.0555909749087,22.8081612399273,3.17369767685079));
#5715=CARTESIAN_POINT('Ctrl Pts',(20.0048757584016,19.5885473163997,3.10629580354233));
#5716=CARTESIAN_POINT('Ctrl Pts',(19.9522673537964,17.4310546610596,3.02464389953712));
#5717=CARTESIAN_POINT('Ctrl Pts',(19.9105188797194,16.3291392437836,2.94824223861138));
#5718=CARTESIAN_POINT('Ctrl Pts',(20.1072474820843,32.5,3.25));
#5719=CARTESIAN_POINT('Ctrl Pts',(20.1072474820843,32.4737614808043,3.24893085017438));
#5720=CARTESIAN_POINT('Ctrl Pts',(20.1072474820843,32.4475245971782,3.24786149113212));
#5721=CARTESIAN_POINT('Ctrl Pts',(20.1072474820843,31.3557697110098,3.20336826564161));
#5722=CARTESIAN_POINT('Ctrl Pts',(20.1072474820843,29.2248516256289,3.11671299629261));
#5723=CARTESIAN_POINT('Ctrl Pts',(20.1072474820843,26.0279723184721,2.97706941762731));
#5724=CARTESIAN_POINT('Ctrl Pts',(20.1072474820843,22.8323510692856,2.81864333535642));
#5725=CARTESIAN_POINT('Ctrl Pts',(20.1072474820843,19.6333824470768,2.61569250783528));
#5726=CARTESIAN_POINT('Ctrl Pts',(20.1072474820843,17.5014124134695,2.42691155258239));
#5727=CARTESIAN_POINT('Ctrl Pts',(20.1072474820843,16.4341896938595,2.28690501089257));
#5728=CARTESIAN_POINT('Ctrl Pts',(20.1072474820843,32.5,3.25));
#5729=CARTESIAN_POINT('Ctrl Pts',(20.1072474820843,32.4737841915195,3.24853290367553));
#5730=CARTESIAN_POINT('Ctrl Pts',(20.1072474820843,32.447568582343,3.24706592794888));
#5731=CARTESIAN_POINT('Ctrl Pts',(20.1072474820843,31.3567583425845,3.1860145685724));
#5732=CARTESIAN_POINT('Ctrl Pts',(20.1072474820843,29.2276009522218,3.0670497762647));
#5733=CARTESIAN_POINT('Ctrl Pts',(20.1072474820843,26.0340687921604,2.87760185431627));
#5734=CARTESIAN_POINT('Ctrl Pts',(20.1072474820843,22.8430082373595,2.66653878770436));
#5735=CARTESIAN_POINT('Ctrl Pts',(20.1072474820843,19.6523900643374,2.40545807787487));
#5736=CARTESIAN_POINT('Ctrl Pts',(20.1072474820843,17.5322119687798,2.17102758567356));
#5737=CARTESIAN_POINT('Ctrl Pts',(20.1072474820843,16.4791666335803,2.00375606098618));
#5738=CARTESIAN_POINT('',(18.9534013281983,16.2502002153602,3.44519696998937));
#5739=CARTESIAN_POINT('',(20.1072474820843,16.4791666335803,2.00375606098618));
#5740=CARTESIAN_POINT('Origin',(18.6072474820843,16.4791666335803,2.00375606098618));
#5741=CARTESIAN_POINT('Ctrl Pts',(20.1072474820843,16.4791666335803,2.00375606098618));
#5742=CARTESIAN_POINT('Ctrl Pts',(20.1072474820843,17.5322119687798,2.17102758567356));
#5743=CARTESIAN_POINT('Ctrl Pts',(20.1072474820843,19.6523900643374,2.40545807787487));
#5744=CARTESIAN_POINT('Ctrl Pts',(20.1072474820843,22.8430082373595,2.66653878770436));
#5745=CARTESIAN_POINT('Ctrl Pts',(20.1072474820843,26.0340687921604,2.87760185431627));
#5746=CARTESIAN_POINT('Ctrl Pts',(20.1072474820843,29.2276009522218,3.0670497762647));
#5747=CARTESIAN_POINT('Ctrl Pts',(20.1072474820843,31.3567583425845,3.1860145685724));
#5748=CARTESIAN_POINT('Ctrl Pts',(20.1072474820843,32.447568582343,3.24706592794888));
#5749=CARTESIAN_POINT('Ctrl Pts',(20.1072474820843,32.4737841915195,3.24853290367553));
#5750=CARTESIAN_POINT('Ctrl Pts',(20.1072474820843,32.5,3.25));
#5751=CARTESIAN_POINT('Ctrl Pts',(20.1072474820843,32.5,3.25));
#5752=CARTESIAN_POINT('Ctrl Pts',(20.1072474820843,32.473628341582,3.25131781428134));
#5753=CARTESIAN_POINT('Ctrl Pts',(20.1072398873089,32.4472570503136,3.25263582532147));
#5754=CARTESIAN_POINT('Ctrl Pts',(20.1065817937599,31.3499522983367,3.30745503601743));
#5755=CARTESIAN_POINT('Ctrl Pts',(20.0801046609801,29.208446582833,3.41480847694292));
#5756=CARTESIAN_POINT('Ctrl Pts',(19.960513923882,25.9925921223174,3.55516321199441));
#5757=CARTESIAN_POINT('Ctrl Pts',(19.7573644931866,22.7745766523145,3.65534278741117));
#5758=CARTESIAN_POINT('Ctrl Pts',(19.4476350298827,19.5367260557096,3.66707350873871));
#5759=CARTESIAN_POINT('Ctrl Pts',(19.1543821314472,17.3640799868853,3.57386737359889));
#5760=CARTESIAN_POINT('Ctrl Pts',(18.9534013282161,16.250200215387,3.44519696998937));
#5761=CARTESIAN_POINT('Ctrl Pts',(18.9534013282236,48.7497997845713,3.44519696999418));
#5762=CARTESIAN_POINT('Ctrl Pts',(19.1543821314526,47.6359200130767,3.57386737360095));
#5763=CARTESIAN_POINT('Ctrl Pts',(19.3738896036005,46.007034049317,3.64321065739855));
#5764=CARTESIAN_POINT('Ctrl Pts',(19.6029552680472,43.8437789870267,3.66176730266735));
#5765=CARTESIAN_POINT('Ctrl Pts',(19.7900790831112,41.6903145679142,3.63710775139691));
#5766=CARTESIAN_POINT('Ctrl Pts',(19.9609141160213,39.0069513500108,3.55569646344374));
#5767=CARTESIAN_POINT('Ctrl Pts',(20.0798169685715,35.7918669074378,3.41442191311229));
#5768=CARTESIAN_POINT('Ctrl Pts',(20.1066040488077,33.6500222536176,3.30748462148662));
#5769=CARTESIAN_POINT('Ctrl Pts',(20.1072395165602,32.5527433727187,3.25263533220212));
#5770=CARTESIAN_POINT('Ctrl Pts',(20.1072474820843,32.526371658418,3.25131781428134));
#5771=CARTESIAN_POINT('Ctrl Pts',(20.1072474820843,32.5,3.25));
#5772=CARTESIAN_POINT('Ctrl Pts',(19.3253486069111,48.7359607261965,3.35807421618081));
#5773=CARTESIAN_POINT('Ctrl Pts',(19.4755416980978,47.6184385017899,3.44354210896955));
#5774=CARTESIAN_POINT('Ctrl Pts',(19.6290431733921,45.9914524924278,3.48800293863221));
#5775=CARTESIAN_POINT('Ctrl Pts',(19.7837255001955,43.8302002863916,3.49913265380005));
#5776=CARTESIAN_POINT('Ctrl Pts',(19.9066715382206,41.6794665303341,3.48322083727863));
#5777=CARTESIAN_POINT('Ctrl Pts',(20.0159464681631,38.999419061992,3.43327929630237));
#5778=CARTESIAN_POINT('Ctrl Pts',(20.0901694516762,35.7881267685933,3.34805631721948));
#5779=CARTESIAN_POINT('Ctrl Pts',(20.1068374139959,33.6487220545074,3.28432658038533));
#5780=CARTESIAN_POINT('Ctrl Pts',(20.1072427296015,32.5526840890201,3.25157482183286));
#5781=CARTESIAN_POINT('Ctrl Pts',(20.1072474820843,32.5263419727156,3.25078735511833));
#5782=CARTESIAN_POINT('Ctrl Pts',(20.1072474820843,32.5,3.25));
#5783=CARTESIAN_POINT('Ctrl Pts',(19.9104878024131,48.6708574701805,2.94822155188163));
#5784=CARTESIAN_POINT('Ctrl Pts',(19.9523041406764,47.5674465506015,3.0239230425775));
#5785=CARTESIAN_POINT('Ctrl Pts',(19.9916253414296,45.9514461794622,3.08574810791551));
#5786=CARTESIAN_POINT('Ctrl Pts',(20.0304771454216,43.8009652437453,3.14033703301605));
#5787=CARTESIAN_POINT('Ctrl Pts',(20.0604139141592,41.6583486379696,3.17884197898211));
#5788=CARTESIAN_POINT('Ctrl Pts',(20.0861883737288,38.9858488609512,3.20946500530873));
#5789=CARTESIAN_POINT('Ctrl Pts',(20.1033974009286,35.7816781476773,3.23244324759835));
#5790=CARTESIAN_POINT('Ctrl Pts',(20.1071623732629,33.6464622442585,3.24386561470966));
#5791=CARTESIAN_POINT('Ctrl Pts',(20.1072462387956,32.5525801003845,3.24971790472748));
#5792=CARTESIAN_POINT('Ctrl Pts',(20.1072474820843,32.5262900227364,3.24985905158306));
#5793=CARTESIAN_POINT('Ctrl Pts',(20.1072474820843,32.5,3.25));
#5794=CARTESIAN_POINT('Ctrl Pts',(20.1072474820843,48.5658103061006,2.2869050108978));
#5795=CARTESIAN_POINT('Ctrl Pts',(20.1069698379021,47.4976919281527,2.42685239441224));
#5796=CARTESIAN_POINT('Ctrl Pts',(20.1071292801431,45.8999177780497,2.56826189253195));
#5797=CARTESIAN_POINT('Ctrl Pts',(20.107061153066,43.7668315153086,2.71753926174572));
#5798=CARTESIAN_POINT('Ctrl Pts',(20.1070825049164,41.6351726291563,2.84429491138003));
#5799=CARTESIAN_POINT('Ctrl Pts',(20.1071771557008,38.9718684355963,2.97739032295922));
#5800=CARTESIAN_POINT('Ctrl Pts',(20.1071991835328,35.7752025783358,3.11653053475624));
#5801=CARTESIAN_POINT('Ctrl Pts',(20.1072423112849,33.6442056587481,3.20338300501941));
#5802=CARTESIAN_POINT('Ctrl Pts',(20.1072475614386,32.5524760582119,3.24786130427226));
#5803=CARTESIAN_POINT('Ctrl Pts',(20.1072474820843,32.5262380727572,3.24893074804779));
#5804=CARTESIAN_POINT('Ctrl Pts',(20.1072474820843,32.5,3.25));
#5805=CARTESIAN_POINT('Ctrl Pts',(20.1072474820843,48.5208333663804,2.00375606099243));
#5806=CARTESIAN_POINT('Ctrl Pts',(20.1072474820843,47.4677880311832,2.17102758567794));
#5807=CARTESIAN_POINT('Ctrl Pts',(20.1072474820843,45.8778329834787,2.34652181715313));
#5808=CARTESIAN_POINT('Ctrl Pts',(20.1072474820843,43.7521914219064,2.53629860745531));
#5809=CARTESIAN_POINT('Ctrl Pts',(20.1072474820843,41.6252297875457,2.70085670004912));
#5810=CARTESIAN_POINT('Ctrl Pts',(20.1072474820843,38.9658721701599,2.87790076338766));
#5811=CARTESIAN_POINT('Ctrl Pts',(20.1072474820843,35.7724243702429,3.06683347097632));
#5812=CARTESIAN_POINT('Ctrl Pts',(20.1072474820843,33.6432382166484,3.18603116662359));
#5813=CARTESIAN_POINT('Ctrl Pts',(20.1072474820843,32.5524314738444,3.247065651332));
#5814=CARTESIAN_POINT('Ctrl Pts',(20.1072474820843,32.5262158084804,3.24853290367553));
#5815=CARTESIAN_POINT('Ctrl Pts',(20.1072474820843,32.5,3.25));
#5816=CARTESIAN_POINT('',(18.9534013282118,48.7497997845892,3.44519696999418));
#5817=CARTESIAN_POINT('Ctrl Pts',(18.9534013282236,48.7497997845713,3.44519696999418));
#5818=CARTESIAN_POINT('Ctrl Pts',(19.1543821314526,47.6359200130767,3.57386737360095));
#5819=CARTESIAN_POINT('Ctrl Pts',(19.3738896036005,46.007034049317,3.64321065739855));
#5820=CARTESIAN_POINT('Ctrl Pts',(19.6029552680472,43.8437789870267,3.66176730266735));
#5821=CARTESIAN_POINT('Ctrl Pts',(19.7900790831112,41.6903145679142,3.63710775139691));
#5822=CARTESIAN_POINT('Ctrl Pts',(19.9609141160213,39.0069513500108,3.55569646344374));
#5823=CARTESIAN_POINT('Ctrl Pts',(20.0798169685715,35.7918669074378,3.41442191311229));
#5824=CARTESIAN_POINT('Ctrl Pts',(20.1066040488077,33.6500222536176,3.30748462148662));
#5825=CARTESIAN_POINT('Ctrl Pts',(20.1072395165602,32.5527433727187,3.25263533220212));
#5826=CARTESIAN_POINT('Ctrl Pts',(20.1072474820843,32.526371658418,3.25131781428134));
#5827=CARTESIAN_POINT('Ctrl Pts',(20.1072474820843,32.5,3.25));
#5828=CARTESIAN_POINT('',(20.1072474820843,48.5208333663804,2.00375606099243));
#5829=CARTESIAN_POINT('Ctrl Pts',(20.1072474820843,32.5,3.25));
#5830=CARTESIAN_POINT('Ctrl Pts',(20.1072474820843,32.5262158084804,3.24853290367553));
#5831=CARTESIAN_POINT('Ctrl Pts',(20.1072474820843,32.5524314738444,3.247065651332));
#5832=CARTESIAN_POINT('Ctrl Pts',(20.1072474820843,33.6432382166484,3.18603116662359));
#5833=CARTESIAN_POINT('Ctrl Pts',(20.1072474820843,35.7724243702429,3.06683347097632));
#5834=CARTESIAN_POINT('Ctrl Pts',(20.1072474820843,38.9658721701599,2.87790076338766));
#5835=CARTESIAN_POINT('Ctrl Pts',(20.1072474820843,41.6252297875457,2.70085670004912));
#5836=CARTESIAN_POINT('Ctrl Pts',(20.1072474820843,43.7521914219064,2.53629860745531));
#5837=CARTESIAN_POINT('Ctrl Pts',(20.1072474820843,45.8778329834787,2.34652181715313));
#5838=CARTESIAN_POINT('Ctrl Pts',(20.1072474820843,47.4677880311832,2.17102758567794));
#5839=CARTESIAN_POINT('Ctrl Pts',(20.1072474820843,48.5208333663804,2.00375606099243));
#5840=CARTESIAN_POINT('Origin',(18.6072474820843,48.5208333663804,2.00375606099243));
#5841=CARTESIAN_POINT('Ctrl Pts',(-0.0427525179157051,55.9,3.25));
#5842=CARTESIAN_POINT('Ctrl Pts',(-0.0646165524259153,55.9,3.24852359312936));
#5843=CARTESIAN_POINT('Ctrl Pts',(-0.0864804208498555,55.9,3.24704720000972));
#5844=CARTESIAN_POINT('Ctrl Pts',(-0.979560495694573,55.8999999999997,3.18674041210231));
#5845=CARTESIAN_POINT('Ctrl Pts',(-2.7219767164439,55.9,3.06933251063059));
#5846=CARTESIAN_POINT('Ctrl Pts',(-5.3353267461936,55.8999999999999,2.8825909566323));
#5847=CARTESIAN_POINT('Ctrl Pts',(-7.94588508481653,55.9,2.675483495049));
#5848=CARTESIAN_POINT('Ctrl Pts',(-10.555473773723,55.9,2.42066301423151));
#5849=CARTESIAN_POINT('Ctrl Pts',(-12.2880503641955,55.9,2.19449866537012));
#5850=CARTESIAN_POINT('Ctrl Pts',(-13.1462997516132,55.9,2.03366064556882));
#5851=CARTESIAN_POINT('Ctrl Pts',(-0.0427525179157051,55.9,3.25));
#5852=CARTESIAN_POINT('Ctrl Pts',(-0.0646536354028611,55.9,3.24906039316611));
#5853=CARTESIAN_POINT('Ctrl Pts',(-0.0865518528627957,55.9,3.24812010449375));
#5854=CARTESIAN_POINT('Ctrl Pts',(-0.981146311791494,55.8999999999997,3.20974001237434));
#5855=CARTESIAN_POINT('Ctrl Pts',(-2.7263600572236,55.9,3.13508378710254));
#5856=CARTESIAN_POINT('Ctrl Pts',(-5.34505188250167,55.8999999999999,3.01425067914231));
#5857=CARTESIAN_POINT('Ctrl Pts',(-7.96275472327838,55.9,2.876736775734));
#5858=CARTESIAN_POINT('Ctrl Pts',(-10.5854199301209,55.9,2.6988553296401));
#5859=CARTESIAN_POINT('Ctrl Pts',(-12.3360676792032,55.9,2.53332921030462));
#5860=CARTESIAN_POINT('Ctrl Pts',(-13.2167114275009,55.9,2.40938510283541));
#5861=CARTESIAN_POINT('Ctrl Pts',(-0.0427525179157051,55.9,3.25));
#5862=CARTESIAN_POINT('Ctrl Pts',(-0.0647169756443033,55.9000005435294,
3.25000009428373));
#5863=CARTESIAN_POINT('Ctrl Pts',(-0.0866787218267595,55.8999978417099,
3.24999731610032));
#5864=CARTESIAN_POINT('Ctrl Pts',(-0.983861095831815,55.8998966950828,3.25000196489519));
#5865=CARTESIAN_POINT('Ctrl Pts',(-2.73373516432725,55.8951853461598,3.25026218329922));
#5866=CARTESIAN_POINT('Ctrl Pts',(-5.36202191524128,55.8720198838716,3.24465518679864));
#5867=CARTESIAN_POINT('Ctrl Pts',(-7.99077532380011,55.8323782980983,3.22936288514797));
#5868=CARTESIAN_POINT('Ctrl Pts',(-10.638550218695,55.7629970863698,3.1848164201272));
#5869=CARTESIAN_POINT('Ctrl Pts',(-12.4167539715087,55.6926120745694,3.12547908836646));
#5870=CARTESIAN_POINT('Ctrl Pts',(-13.3392223176894,55.6312415277109,3.06311670551346));
#5871=CARTESIAN_POINT('Ctrl Pts',(-0.0427525179157051,55.9,3.25));
#5872=CARTESIAN_POINT('Ctrl Pts',(-0.0647799049638648,55.9000002644399,
3.25093875238844));
#5873=CARTESIAN_POINT('Ctrl Pts',(-0.086806115554372,55.8999940464075,3.25187581197477));
#5874=CARTESIAN_POINT('Ctrl Pts',(-0.986559412366082,55.8995378637007,3.29022097420941));
#5875=CARTESIAN_POINT('Ctrl Pts',(-2.74142022978599,55.8812290197712,3.36548522687354));
#5876=CARTESIAN_POINT('Ctrl Pts',(-5.3781405431515,55.7961231521249,3.464549573348));
#5877=CARTESIAN_POINT('Ctrl Pts',(-8.0165920380438,55.6513924052803,3.53906560254051));
#5878=CARTESIAN_POINT('Ctrl Pts',(-10.6787351398935,55.4203569783081,3.55210418929224));
#5879=CARTESIAN_POINT('Ctrl Pts',(-12.4697596602741,55.195931388289,3.49517409976227));
#5880=CARTESIAN_POINT('Ctrl Pts',(-13.4029493678328,55.0251143051666,3.40317126360298));
#5881=CARTESIAN_POINT('Ctrl Pts',(-0.0427525179157051,55.9,3.25));
#5882=CARTESIAN_POINT('Ctrl Pts',(-0.0648067798575977,55.9,3.25134066152277));
#5883=CARTESIAN_POINT('Ctrl Pts',(-0.0868608321250074,55.8999920919861,
3.25268133769115));
#5884=CARTESIAN_POINT('Ctrl Pts',(-0.987712102666401,55.8993390511856,3.30744220847864));
#5885=CARTESIAN_POINT('Ctrl Pts',(-2.74477301692321,55.8734650920442,3.41479454430646));
#5886=CARTESIAN_POINT('Ctrl Pts',(-5.38479144112099,55.7551903364022,3.55546153102966));
#5887=CARTESIAN_POINT('Ctrl Pts',(-8.02682137559084,55.5555808464256,3.65819184389805));
#5888=CARTESIAN_POINT('Ctrl Pts',(-10.6922459020824,55.2473355295592,3.67495220406178));
#5889=CARTESIAN_POINT('Ctrl Pts',(-12.4845896221829,54.9561214764915,3.59192205028473));
#5890=CARTESIAN_POINT('Ctrl Pts',(-13.4151360040441,54.7461538461537,3.46820049659141));
#5891=CARTESIAN_POINT('',(-13.1462997516132,55.9,2.03366064556882));
#5892=CARTESIAN_POINT('',(-13.4151360040454,54.7461538461528,3.4682004965914));
#5893=CARTESIAN_POINT('Origin',(-13.1462997516132,54.4,2.03366064556882));
#5894=CARTESIAN_POINT('Ctrl Pts',(-13.4151360040441,54.7461538461537,3.46820049659141));
#5895=CARTESIAN_POINT('Ctrl Pts',(-12.4845896221829,54.9561214764915,3.59192205028473));
#5896=CARTESIAN_POINT('Ctrl Pts',(-10.6922459020824,55.2473355295592,3.67495220406178));
#5897=CARTESIAN_POINT('Ctrl Pts',(-8.02682137559084,55.5555808464256,3.65819184389805));
#5898=CARTESIAN_POINT('Ctrl Pts',(-5.38479144112099,55.7551903364022,3.55546153102966));
#5899=CARTESIAN_POINT('Ctrl Pts',(-2.74477301692321,55.8734650920442,3.41479454430646));
#5900=CARTESIAN_POINT('Ctrl Pts',(-0.987712102666401,55.8993390511856,3.30744220847864));
#5901=CARTESIAN_POINT('Ctrl Pts',(-0.0868608321250074,55.8999920919861,
3.25268133769115));
#5902=CARTESIAN_POINT('Ctrl Pts',(-0.0648067798575977,55.9,3.25134066152277));
#5903=CARTESIAN_POINT('Ctrl Pts',(-0.0427525179157051,55.9,3.25));
#5904=CARTESIAN_POINT('Ctrl Pts',(-0.0427525179157051,55.9,3.25));
#5905=CARTESIAN_POINT('Ctrl Pts',(-0.0646165524259153,55.9,3.24852359312936));
#5906=CARTESIAN_POINT('Ctrl Pts',(-0.0864804208498555,55.9,3.24704720000972));
#5907=CARTESIAN_POINT('Ctrl Pts',(-0.979560495694573,55.8999999999997,3.18674041210231));
#5908=CARTESIAN_POINT('Ctrl Pts',(-2.7219767164439,55.9,3.06933251063059));
#5909=CARTESIAN_POINT('Ctrl Pts',(-5.3353267461936,55.8999999999999,2.8825909566323));
#5910=CARTESIAN_POINT('Ctrl Pts',(-7.94588508481653,55.9,2.675483495049));
#5911=CARTESIAN_POINT('Ctrl Pts',(-10.555473773723,55.9,2.42066301423151));
#5912=CARTESIAN_POINT('Ctrl Pts',(-12.2880503641955,55.9,2.19449866537012));
#5913=CARTESIAN_POINT('Ctrl Pts',(-13.1462997516132,55.9,2.03366064556882));
#5914=CARTESIAN_POINT('Ctrl Pts',(13.0607947439656,55.9,2.03366064028711));
#5915=CARTESIAN_POINT('Ctrl Pts',(12.2025453548509,55.9,2.19449866169015));
#5916=CARTESIAN_POINT('Ctrl Pts',(10.4699401877029,55.9,2.42103553491811));
#5917=CARTESIAN_POINT('Ctrl Pts',(7.86045683452156,55.9,2.67506930460237));
#5918=CARTESIAN_POINT('Ctrl Pts',(5.24991444050399,55.9,2.88266849852684));
#5919=CARTESIAN_POINT('Ctrl Pts',(2.63646708952632,55.9,3.06926462660893));
#5920=CARTESIAN_POINT('Ctrl Pts',(0.8940549821505,55.9000000000001,3.18674551964799));
#5921=CARTESIAN_POINT('Ctrl Pts',(0.000975393625996285,55.9,3.24704711307698));
#5922=CARTESIAN_POINT('Ctrl Pts',(-0.020888483327023,55.9,3.24852359312569));
#5923=CARTESIAN_POINT('Ctrl Pts',(-0.0427525179157051,55.9,3.25));
#5924=CARTESIAN_POINT('Ctrl Pts',(13.1312064206449,55.9,2.40938509877863));
#5925=CARTESIAN_POINT('Ctrl Pts',(12.248728857141,55.8989211021669,2.53246775333902));
#5926=CARTESIAN_POINT('Ctrl Pts',(10.4999342382832,55.8990724886767,2.69890098391495));
#5927=CARTESIAN_POINT('Ctrl Pts',(7.87676893569655,55.8991765985677,2.87590348841568));
#5928=CARTESIAN_POINT('Ctrl Pts',(5.2594978498079,55.8993585775964,3.01410202896389));
#5929=CARTESIAN_POINT('Ctrl Pts',(2.64072525293366,55.8997339359474,3.13490334049826));
#5930=CARTESIAN_POINT('Ctrl Pts',(0.895601134023941,55.8999660341179,3.20972490958506));
#5931=CARTESIAN_POINT('Ctrl Pts',(0.00104795380597204,55.9000005312095,
3.24812046077865));
#5932=CARTESIAN_POINT('Ctrl Pts',(-0.0208522495304427,55.9,3.24906017758319));
#5933=CARTESIAN_POINT('Ctrl Pts',(-0.0427525179157051,55.9,3.25));
#5934=CARTESIAN_POINT('Ctrl Pts',(13.2537173328677,55.6312416474117,3.06311681381645));
#5935=CARTESIAN_POINT('Ctrl Pts',(12.3297695929304,55.691996533656,3.12352306030859));
#5936=CARTESIAN_POINT('Ctrl Pts',(10.5525839024651,55.7637974348779,3.18567837848782));
#5937=CARTESIAN_POINT('Ctrl Pts',(7.90552102832423,55.8318173628898,3.22822536483593));
#5938=CARTESIAN_POINT('Ctrl Pts',(5.27638633154258,55.8722543587258,3.24474993489484));
#5939=CARTESIAN_POINT('Ctrl Pts',(2.64823555066052,55.8951141691199,3.25004737080577));
#5940=CARTESIAN_POINT('Ctrl Pts',(0.898313212436521,55.8998877846401,3.24997251768585));
#5941=CARTESIAN_POINT('Ctrl Pts',(0.00117483593941462,55.8999982814247,
3.24999829334288));
#5942=CARTESIAN_POINT('Ctrl Pts',(-0.0207888403864271,55.9,3.24999920038383));
#5943=CARTESIAN_POINT('Ctrl Pts',(-0.0427525179157051,55.9,3.25));
#5944=CARTESIAN_POINT('Ctrl Pts',(13.3174443626651,55.0251142995691,3.40317126062343));
#5945=CARTESIAN_POINT('Ctrl Pts',(12.3835975695263,55.1957503408236,3.49362312660434));
#5946=CARTESIAN_POINT('Ctrl Pts',(10.5924576615756,55.4213138301861,3.55276723602727));
#5947=CARTESIAN_POINT('Ctrl Pts',(7.93172750351661,55.6505212542351,3.53762434405045));
#5948=CARTESIAN_POINT('Ctrl Pts',(5.29248319522912,55.7963347902963,3.46452876142499));
#5949=CARTESIAN_POINT('Ctrl Pts',(2.65599259847746,55.8810839708833,3.36519449263149));
#5950=CARTESIAN_POINT('Ctrl Pts',(0.90102813107846,55.8995406846225,3.29020021585494));
#5951=CARTESIAN_POINT('Ctrl Pts',(0.00130168575610358,55.8999941448334,
3.2518764333952));
#5952=CARTESIAN_POINT('Ctrl Pts',(-0.0207254312424116,55.9,3.25093822318446));
#5953=CARTESIAN_POINT('Ctrl Pts',(-0.0427525179157051,55.9,3.25));
#5954=CARTESIAN_POINT('Ctrl Pts',(13.3296309987707,54.7461538392587,3.46820049252854));
#5955=CARTESIAN_POINT('Ctrl Pts',(12.3990846137857,54.9561214718455,3.59192204870869));
#5956=CARTESIAN_POINT('Ctrl Pts',(10.6059827818021,55.2481395581441,3.67576121157692));
#5957=CARTESIAN_POINT('Ctrl Pts',(7.9421647795454,55.5547312387112,3.65733010442554));
#5958=CARTESIAN_POINT('Ctrl Pts',(5.2991986791969,55.7553787640067,3.55565638647014));
#5959=CARTESIAN_POINT('Ctrl Pts',(2.65939279753481,55.8733220176338,3.41464898294503));
#5960=CARTESIAN_POINT('Ctrl Pts',(0.902195461299848,55.8993507077034,3.30745366180846));
#5961=CARTESIAN_POINT('Ctrl Pts',(0.00135599300782226,55.8999918944687,
3.25268114340951));
#5962=CARTESIAN_POINT('Ctrl Pts',(-0.0206982558949763,55.9,3.25134066152759));
#5963=CARTESIAN_POINT('Ctrl Pts',(-0.0427525179157051,55.9,3.25));
#5964=CARTESIAN_POINT('',(13.0607947439656,55.9,2.03366064028711));
#5965=CARTESIAN_POINT('Ctrl Pts',(13.0607947439656,55.9,2.03366064028711));
#5966=CARTESIAN_POINT('Ctrl Pts',(12.2025453548509,55.9,2.19449866169015));
#5967=CARTESIAN_POINT('Ctrl Pts',(10.4699401877029,55.9,2.42103553491811));
#5968=CARTESIAN_POINT('Ctrl Pts',(7.86045683452156,55.9,2.67506930460237));
#5969=CARTESIAN_POINT('Ctrl Pts',(5.24991444050399,55.9,2.88266849852684));
#5970=CARTESIAN_POINT('Ctrl Pts',(2.63646708952632,55.9,3.06926462660893));
#5971=CARTESIAN_POINT('Ctrl Pts',(0.8940549821505,55.9000000000001,3.18674551964799));
#5972=CARTESIAN_POINT('Ctrl Pts',(0.000975393625996285,55.9,3.24704711307698));
#5973=CARTESIAN_POINT('Ctrl Pts',(-0.020888483327023,55.9,3.24852359312569));
#5974=CARTESIAN_POINT('Ctrl Pts',(-0.0427525179157051,55.9,3.25));
#5975=CARTESIAN_POINT('',(13.3296310076745,54.7461538323436,3.46820049252855));
#5976=CARTESIAN_POINT('Ctrl Pts',(-0.0427525179157051,55.9,3.25));
#5977=CARTESIAN_POINT('Ctrl Pts',(-0.0206982558949763,55.9,3.25134066152759));
#5978=CARTESIAN_POINT('Ctrl Pts',(0.00135599300782226,55.8999918944687,
3.25268114340951));
#5979=CARTESIAN_POINT('Ctrl Pts',(0.902195461299848,55.8993507077034,3.30745366180846));
#5980=CARTESIAN_POINT('Ctrl Pts',(2.65939279753481,55.8733220176338,3.41464898294503));
#5981=CARTESIAN_POINT('Ctrl Pts',(5.2991986791969,55.7553787640067,3.55565638647014));
#5982=CARTESIAN_POINT('Ctrl Pts',(7.9421647795454,55.5547312387112,3.65733010442554));
#5983=CARTESIAN_POINT('Ctrl Pts',(10.6059827818021,55.2481395581441,3.67576121157692));
#5984=CARTESIAN_POINT('Ctrl Pts',(12.3990846137857,54.9561214718455,3.59192204870869));
#5985=CARTESIAN_POINT('Ctrl Pts',(13.3296309987707,54.7461538392587,3.46820049252854));
#5986=CARTESIAN_POINT('Origin',(13.0607947439656,54.4,2.03366064028711));
#5987=CARTESIAN_POINT('Origin',(18.6072474820843,20.8,1.75));
#5988=CARTESIAN_POINT('',(20.1072474820843,9.1,1.75));
#5989=CARTESIAN_POINT('',(20.1072474820843,13.4288227770523,1.75));
#5990=CARTESIAN_POINT('',(20.1072474820843,20.8,1.75));
#5991=CARTESIAN_POINT('',(18.6072474820838,13.4288227770523,3.25));
#5992=CARTESIAN_POINT('Origin',(18.6072474820843,13.4288227770523,1.75));
#5993=CARTESIAN_POINT('',(18.6072474820843,10.6,3.25));
#5994=CARTESIAN_POINT('',(18.6072474820843,20.8,3.25));
#5995=CARTESIAN_POINT('Origin',(18.6072474820843,10.6,1.75));
#5996=CARTESIAN_POINT('Origin',(20.1072474820843,10.6,1.75));
#5997=CARTESIAN_POINT('',(15.9861022850073,10.6000000000517,3.25));
#5998=CARTESIAN_POINT('',(20.1072474820843,10.6,3.25));
#5999=CARTESIAN_POINT('',(15.9861022850073,9.1,1.75));
#6000=CARTESIAN_POINT('Origin',(15.9861022850073,10.6,1.75));
#6001=CARTESIAN_POINT('',(20.1072474820843,9.1,1.75));
#6002=CARTESIAN_POINT('Ctrl Pts',(-0.0427525179157095,9.1,3.25));
#6003=CARTESIAN_POINT('Ctrl Pts',(-0.0648067802114661,9.1,3.2513406615397));
#6004=CARTESIAN_POINT('Ctrl Pts',(-0.0868604988203478,9.10000754205246,
3.25268172977418));
#6005=CARTESIAN_POINT('Ctrl Pts',(-0.987733297843124,9.10068418210054,3.30741731573762));
#6006=CARTESIAN_POINT('Ctrl Pts',(-2.74491501102221,9.12669402774149,3.41462266855158));
#6007=CARTESIAN_POINT('Ctrl Pts',(-5.38503600646714,9.24508138047705,3.55516673393607));
#6008=CARTESIAN_POINT('Ctrl Pts',(-8.02710779114062,9.44473814975947,3.6578455890481));
#6009=CARTESIAN_POINT('Ctrl Pts',(-10.6925727315276,9.75307092501369,3.67449591498887));
#6010=CARTESIAN_POINT('Ctrl Pts',(-12.4845896496765,10.0438785281679,3.59192204870079));
#6011=CARTESIAN_POINT('Ctrl Pts',(-13.4151360346021,10.2538461607413,3.46820049252854));
#6012=CARTESIAN_POINT('Ctrl Pts',(-0.0427525179157095,9.1,3.25));
#6013=CARTESIAN_POINT('Ctrl Pts',(-0.0647709470192006,9.09999964741353,
3.25080478268482));
#6014=CARTESIAN_POINT('Ctrl Pts',(-0.0867875433916416,9.10000493615712,
3.25160769546821));
#6015=CARTESIAN_POINT('Ctrl Pts',(-0.986196377438665,9.10041909874525,3.28445566997213));
#6016=CARTESIAN_POINT('Ctrl Pts',(-2.7404446281594,9.11634212404323,3.34887691180604));
#6017=CARTESIAN_POINT('Ctrl Pts',(-5.3761681424878,9.19050429258743,3.43395079010672));
#6018=CARTESIAN_POINT('Ctrl Pts',(-8.01346867437303,9.31698940398712,3.49901060037848));
#6019=CARTESIAN_POINT('Ctrl Pts',(-10.6745583819163,9.52237565911616,3.51069856208484));
#6020=CARTESIAN_POINT('Ctrl Pts',(-12.4648163671116,9.72413197766879,3.46292478200905));
#6021=CARTESIAN_POINT('Ctrl Pts',(-13.3988871864613,9.88189888032739,3.38149484998839));
#6022=CARTESIAN_POINT('Ctrl Pts',(-0.0427525179157095,9.1,3.25));
#6023=CARTESIAN_POINT('Ctrl Pts',(-0.0647079485097126,9.0999999310809,3.24986549539322));
#6024=CARTESIAN_POINT('Ctrl Pts',(-0.0866603486711,9.10000109371656,3.24972976692777));
#6025=CARTESIAN_POINT('Ctrl Pts',(-0.983488326401656,9.10009876213042,3.24422363003165));
#6026=CARTESIAN_POINT('Ctrl Pts',(-2.73277186420106,9.10372769731506,3.23362252435685));
#6027=CARTESIAN_POINT('Ctrl Pts',(-5.35976180922895,9.12103070615238,3.21159643271792));
#6028=CARTESIAN_POINT('Ctrl Pts',(-7.98695844742154,9.15077873968222,3.17844438193545));
#6029=CARTESIAN_POINT('Ctrl Pts',(-10.6312365633147,9.20132810233223,3.1160885122356));
#6030=CARTESIAN_POINT('Ctrl Pts',(-12.4054786778564,9.25301202675278,3.0419489541812));
#6031=CARTESIAN_POINT('Ctrl Pts',(-13.3224667653243,9.29660470215493,2.97370706955815));
#6032=CARTESIAN_POINT('Ctrl Pts',(-0.0427525179157095,9.1,3.25));
#6033=CARTESIAN_POINT('Ctrl Pts',(-0.0646443650099765,9.1,3.24892619313858));
#6034=CARTESIAN_POINT('Ctrl Pts',(-0.0865339882077299,9.1,3.24785207504617));
#6035=CARTESIAN_POINT('Ctrl Pts',(-0.980750313416117,9.1,3.20397762313506));
#6036=CARTESIAN_POINT('Ctrl Pts',(-2.72526343155397,9.1,3.11856004434798));
#6037=CARTESIAN_POINT('Ctrl Pts',(-5.34261984639726,9.1,2.98118827852509));
#6038=CARTESIAN_POINT('Ctrl Pts',(-7.95853563438689,9.1,2.82625052267295));
#6039=CARTESIAN_POINT('Ctrl Pts',(-10.5778915523925,9.1,2.62907873110304));
#6040=CARTESIAN_POINT('Ctrl Pts',(-12.3240633772382,9.1,2.44862157112142));
#6041=CARTESIAN_POINT('Ctrl Pts',(-13.1991085373065,9.1,2.31545398415574));
#6042=CARTESIAN_POINT('Ctrl Pts',(-0.0427525179157095,9.1,3.25));
#6043=CARTESIAN_POINT('Ctrl Pts',(-0.0646165527767568,9.1,3.24852359310422));
#6044=CARTESIAN_POINT('Ctrl Pts',(-0.086480414197186,9.1,3.24704739667));
#6045=CARTESIAN_POINT('Ctrl Pts',(-0.97956095133896,9.1,3.18672792287774));
#6046=CARTESIAN_POINT('Ctrl Pts',(-2.72197592596187,9.1,3.06924658686342));
#6047=CARTESIAN_POINT('Ctrl Pts',(-5.3353259941433,9.1,2.88244348639914));
#6048=CARTESIAN_POINT('Ctrl Pts',(-7.94588340549572,9.1,2.67531056176171));
#6049=CARTESIAN_POINT('Ctrl Pts',(-10.5554319349883,9.1,2.42043449407586));
#6050=CARTESIAN_POINT('Ctrl Pts',(-12.2880503907371,9.1,2.19449866167987));
#6051=CARTESIAN_POINT('Ctrl Pts',(-13.146299779797,9.1,2.0336606402871));
#6052=CARTESIAN_POINT('',(-13.4151360435059,10.2538461676564,3.46820049252854));
#6053=CARTESIAN_POINT('',(-13.146299779797,9.1,2.03366064028711));
#6054=CARTESIAN_POINT('Origin',(-13.146299779797,10.6,2.03366064028711));
#6055=CARTESIAN_POINT('Ctrl Pts',(-13.146299779797,9.1,2.0336606402871));
#6056=CARTESIAN_POINT('Ctrl Pts',(-12.2880503907371,9.1,2.19449866167987));
#6057=CARTESIAN_POINT('Ctrl Pts',(-10.5554319349883,9.1,2.42043449407586));
#6058=CARTESIAN_POINT('Ctrl Pts',(-7.94588340549572,9.1,2.67531056176171));
#6059=CARTESIAN_POINT('Ctrl Pts',(-5.3353259941433,9.1,2.88244348639914));
#6060=CARTESIAN_POINT('Ctrl Pts',(-2.72197592596187,9.1,3.06924658686342));
#6061=CARTESIAN_POINT('Ctrl Pts',(-0.97956095133896,9.1,3.18672792287774));
#6062=CARTESIAN_POINT('Ctrl Pts',(-0.086480414197186,9.1,3.24704739667));
#6063=CARTESIAN_POINT('Ctrl Pts',(-0.0646165527767568,9.1,3.24852359310422));
#6064=CARTESIAN_POINT('Ctrl Pts',(-0.0427525179157095,9.1,3.25));
#6065=CARTESIAN_POINT('Ctrl Pts',(-0.0427525179157095,9.1,3.25));
#6066=CARTESIAN_POINT('Ctrl Pts',(-0.0648067802114661,9.1,3.2513406615397));
#6067=CARTESIAN_POINT('Ctrl Pts',(-0.0868604988203478,9.10000754205246,
3.25268172977418));
#6068=CARTESIAN_POINT('Ctrl Pts',(-0.987733297843124,9.10068418210054,3.30741731573762));
#6069=CARTESIAN_POINT('Ctrl Pts',(-2.74491501102221,9.12669402774149,3.41462266855158));
#6070=CARTESIAN_POINT('Ctrl Pts',(-5.38503600646714,9.24508138047705,3.55516673393607));
#6071=CARTESIAN_POINT('Ctrl Pts',(-8.02710779114062,9.44473814975947,3.6578455890481));
#6072=CARTESIAN_POINT('Ctrl Pts',(-10.6925727315276,9.75307092501369,3.67449591498887));
#6073=CARTESIAN_POINT('Ctrl Pts',(-12.4845896496765,10.0438785281679,3.59192204870079));
#6074=CARTESIAN_POINT('Ctrl Pts',(-13.4151360346021,10.2538461607413,3.46820049252854));
#6075=CARTESIAN_POINT('Ctrl Pts',(13.3296309682127,10.2538461538463,3.4682004965914));
#6076=CARTESIAN_POINT('Ctrl Pts',(12.3990845863393,10.0438785235088,3.59192205028708));
#6077=CARTESIAN_POINT('Ctrl Pts',(10.6064147903811,9.75234456333943,3.67527293459815));
#6078=CARTESIAN_POINT('Ctrl Pts',(7.94211579114002,9.44527459026878,3.65722447006704));
#6079=CARTESIAN_POINT('Ctrl Pts',(4.41821350803028,9.17801280104636,3.5215179351417));
#6080=CARTESIAN_POINT('Ctrl Pts',(1.78081690819989,9.10122894921464,3.36093186731016));
#6081=CARTESIAN_POINT('Ctrl Pts',(0.00135741791620932,9.1000085326254,3.2526807075816));
#6082=CARTESIAN_POINT('Ctrl Pts',(-0.020698255717345,9.1,3.25134066153378));
#6083=CARTESIAN_POINT('Ctrl Pts',(-0.0427525179157007,9.1,3.25));
#6084=CARTESIAN_POINT('Ctrl Pts',(13.3133821199309,9.88189887516242,3.38149485260683));
#6085=CARTESIAN_POINT('Ctrl Pts',(12.3782309688943,9.72498992195511,3.46012055491488));
#6086=CARTESIAN_POINT('Ctrl Pts',(10.5884475627797,9.52171661568501,3.51134717200873));
#6087=CARTESIAN_POINT('Ctrl Pts',(7.92810137617949,9.31813019287766,3.49712111389433));
#6088=CARTESIAN_POINT('Ctrl Pts',(4.41096523861887,9.14791781463911,3.41289665814916));
#6089=CARTESIAN_POINT('Ctrl Pts',(1.77777946955488,9.10080754991386,3.31645687456768));
#6090=CARTESIAN_POINT('Ctrl Pts',(0.00128529852495438,9.10000489164716,
3.25160842335404));
#6091=CARTESIAN_POINT('Ctrl Pts',(-0.0207344895142361,9.1,3.25080407707243));
#6092=CARTESIAN_POINT('Ctrl Pts',(-0.0427525179157007,9.1,3.25));
#6093=CARTESIAN_POINT('Ctrl Pts',(13.2369617797099,9.29660405325048,2.97370750069859));
#6094=CARTESIAN_POINT('Ctrl Pts',(12.3184544623949,9.25291790356147,3.04131493118235));
#6095=CARTESIAN_POINT('Ctrl Pts',(10.545619012931,9.20100925327416,3.11676838310471));
#6096=CARTESIAN_POINT('Ctrl Pts',(7.90137942415382,9.15077898463544,3.17811145067372));
#6097=CARTESIAN_POINT('Ctrl Pts',(4.39816974869182,9.11090844602082,3.2230105941876));
#6098=CARTESIAN_POINT('Ctrl Pts',(1.77256608779825,9.10014621716952,3.23887244986));
#6099=CARTESIAN_POINT('Ctrl Pts',(0.00115822414935871,9.10000146640331,
3.24972983265253));
#6100=CARTESIAN_POINT('Ctrl Pts',(-0.0207978986587957,9.1,3.24986505426508));
#6101=CARTESIAN_POINT('Ctrl Pts',(-0.0427525179157007,9.1,3.25));
#6102=CARTESIAN_POINT('Ctrl Pts',(13.1136034726975,9.1,2.31545398851876));
#6103=CARTESIAN_POINT('Ctrl Pts',(12.2373210756607,9.10029005900107,2.44847479933532));
#6104=CARTESIAN_POINT('Ctrl Pts',(10.4926506161175,9.10010397124179,2.6295725297082));
#6105=CARTESIAN_POINT('Ctrl Pts',(7.87267353482869,9.10019343190343,2.82597129819545));
#6106=CARTESIAN_POINT('Ctrl Pts',(4.38516087581164,9.10001838181221,3.03313723770526));
#6107=CARTESIAN_POINT('Ctrl Pts',(1.76740955418572,9.10001894816588,3.16122060226467));
#6108=CARTESIAN_POINT('Ctrl Pts',(0.00103066405944291,9.09999984077603,
3.24785179024451));
#6109=CARTESIAN_POINT('Ctrl Pts',(-0.020861307803355,9.1,3.24892603145772));
#6110=CARTESIAN_POINT('Ctrl Pts',(-0.0427525179157007,9.1,3.25));
#6111=CARTESIAN_POINT('Ctrl Pts',(13.0607947157818,9.1,2.03366064556882));
#6112=CARTESIAN_POINT('Ctrl Pts',(12.2025453283476,9.1,2.19449866537318));
#6113=CARTESIAN_POINT('Ctrl Pts',(10.4699502314378,9.1,2.42080538655756));
#6114=CARTESIAN_POINT('Ctrl Pts',(7.8603577764302,9.1,2.67500017494369));
#6115=CARTESIAN_POINT('Ctrl Pts',(4.37958553341231,9.1,2.95175364949671));
#6116=CARTESIAN_POINT('Ctrl Pts',(1.76519830580136,9.10000000000002,3.1279350954491));
#6117=CARTESIAN_POINT('Ctrl Pts',(0.000976006442370056,9.1,3.24704696653322));
#6118=CARTESIAN_POINT('Ctrl Pts',(-0.0208884831510234,9.1,3.24852359311171));
#6119=CARTESIAN_POINT('Ctrl Pts',(-0.0427525179157007,9.1,3.25));
#6120=CARTESIAN_POINT('',(13.3296309682139,10.2538461538472,3.4682004965914));
#6121=CARTESIAN_POINT('Ctrl Pts',(13.3296309682127,10.2538461538463,3.4682004965914));
#6122=CARTESIAN_POINT('Ctrl Pts',(12.3990845863393,10.0438785235088,3.59192205028708));
#6123=CARTESIAN_POINT('Ctrl Pts',(10.6064147903811,9.75234456333943,3.67527293459815));
#6124=CARTESIAN_POINT('Ctrl Pts',(7.94211579114002,9.44527459026878,3.65722447006704));
#6125=CARTESIAN_POINT('Ctrl Pts',(4.41821350803028,9.17801280104636,3.5215179351417));
#6126=CARTESIAN_POINT('Ctrl Pts',(1.78081690819989,9.10122894921464,3.36093186731016));
#6127=CARTESIAN_POINT('Ctrl Pts',(0.00135741791620932,9.1000085326254,3.2526807075816));
#6128=CARTESIAN_POINT('Ctrl Pts',(-0.020698255717345,9.1,3.25134066153378));
#6129=CARTESIAN_POINT('Ctrl Pts',(-0.0427525179157007,9.1,3.25));
#6130=CARTESIAN_POINT('',(13.0607947157818,9.1,2.03366064556883));
#6131=CARTESIAN_POINT('Ctrl Pts',(-0.0427525179157007,9.1,3.25));
#6132=CARTESIAN_POINT('Ctrl Pts',(-0.0208884831510234,9.1,3.24852359311171));
#6133=CARTESIAN_POINT('Ctrl Pts',(0.000976006442370056,9.1,3.24704696653322));
#6134=CARTESIAN_POINT('Ctrl Pts',(1.76519830580136,9.10000000000002,3.1279350954491));
#6135=CARTESIAN_POINT('Ctrl Pts',(4.37958553341231,9.1,2.95175364949671));
#6136=CARTESIAN_POINT('Ctrl Pts',(7.8603577764302,9.1,2.67500017494369));
#6137=CARTESIAN_POINT('Ctrl Pts',(10.4699502314378,9.1,2.42080538655756));
#6138=CARTESIAN_POINT('Ctrl Pts',(12.2025453283476,9.1,2.19449866537318));
#6139=CARTESIAN_POINT('Ctrl Pts',(13.0607947157818,9.1,2.03366064556882));
#6140=CARTESIAN_POINT('Origin',(13.0607947157818,10.6,2.03366064556883));
#6141=CARTESIAN_POINT('Origin',(20.1072474820843,10.6,1.75));
#6142=CARTESIAN_POINT('',(-20.1927525179157,9.1,1.75));
#6143=CARTESIAN_POINT('',(-16.0716073207279,9.1,1.75));
#6144=CARTESIAN_POINT('',(20.1072474820843,9.1,1.75));
#6145=CARTESIAN_POINT('',(-16.0716073207279,10.6,3.25));
#6146=CARTESIAN_POINT('Origin',(-16.0716073207279,10.6,1.75));
#6147=CARTESIAN_POINT('',(-18.6927525179157,10.6,3.25));
#6148=CARTESIAN_POINT('',(20.1072474820843,10.6,3.25));
#6149=CARTESIAN_POINT('Origin',(-18.6927525179157,10.6,1.75));
#6150=CARTESIAN_POINT('Origin',(-18.6927525179157,20.8,1.75));
#6151=CARTESIAN_POINT('',(-18.6927525179152,13.4288227770523,3.25));
#6152=CARTESIAN_POINT('',(-18.6927525179157,20.8,3.25));
#6153=CARTESIAN_POINT('',(-20.1927525179157,13.4288227770523,1.75));
#6154=CARTESIAN_POINT('Origin',(-18.6927525179157,13.4288227770523,1.75));
#6155=CARTESIAN_POINT('',(-20.1927525179157,20.8,1.75));
#6156=CARTESIAN_POINT('Ctrl Pts',(-19.038906364055,16.2502002154287,3.44519696999418));
#6157=CARTESIAN_POINT('Ctrl Pts',(-19.239887167281,17.3640799869062,3.57386737359898));
#6158=CARTESIAN_POINT('Ctrl Pts',(-19.5335888812223,19.5372061502098,3.66764918648883));
#6159=CARTESIAN_POINT('Ctrl Pts',(-19.8422962577942,22.7739995861869,3.65458187533689));
#6160=CARTESIAN_POINT('Ctrl Pts',(-20.0460565661077,25.9925257838069,3.55521840946222));
#6161=CARTESIAN_POINT('Ctrl Pts',(-20.1455933910823,28.6724022169359,3.43807533151443));
#6162=CARTESIAN_POINT('Ctrl Pts',(-20.1853689257998,30.8144543422666,3.33418269440427));
#6163=CARTESIAN_POINT('Ctrl Pts',(-20.1924171967727,31.885434196544,3.2807152655394));
#6164=CARTESIAN_POINT('Ctrl Pts',(-20.1927446230387,32.447256538687,3.25263546549728));
#6165=CARTESIAN_POINT('Ctrl Pts',(-20.1927525179157,32.4736283415019,3.25131781428508));
#6166=CARTESIAN_POINT('Ctrl Pts',(-20.1927525179157,32.5,3.25));
#6167=CARTESIAN_POINT('Ctrl Pts',(-19.4108536427425,16.2640392738035,3.3580742161808));
#6168=CARTESIAN_POINT('Ctrl Pts',(-19.5610467339269,17.3815614981929,3.44354210896824));
#6169=CARTESIAN_POINT('Ctrl Pts',(-19.7663910407821,19.5524391274255,3.50331971092162));
#6170=CARTESIAN_POINT('Ctrl Pts',(-19.9713114028318,22.7856528502955,3.49430335720512));
#6171=CARTESIAN_POINT('Ctrl Pts',(-20.1010580083995,25.9999991195683,3.43286926803372));
#6172=CARTESIAN_POINT('Ctrl Pts',(-20.1634831205835,28.6767712586186,3.36246847755672));
#6173=CARTESIAN_POINT('Ctrl Pts',(-20.1881458050629,30.8163580933165,3.30024876008724));
#6174=CARTESIAN_POINT('Ctrl Pts',(-20.1925426571348,31.8861275236447,3.26834761534478));
#6175=CARTESIAN_POINT('Ctrl Pts',(-20.1927476874863,32.4473158677835,3.25157471353884));
#6176=CARTESIAN_POINT('Ctrl Pts',(-20.1927525179157,32.4736580272044,3.25078735512077));
#6177=CARTESIAN_POINT('Ctrl Pts',(-20.1927525179157,32.5,3.25));
#6178=CARTESIAN_POINT('Ctrl Pts',(-19.9960237051932,16.3291392660674,2.94824209858781));
#6179=CARTESIAN_POINT('Ctrl Pts',(-20.0378400434558,17.4325501856295,3.02394358928252));
#6180=CARTESIAN_POINT('Ctrl Pts',(-20.0906413513588,19.5885532565088,3.10699340624368));
#6181=CARTESIAN_POINT('Ctrl Pts',(-20.1409844798572,22.8082008343879,3.17313177986702));
#6182=CARTESIAN_POINT('Ctrl Pts',(-20.1716089384947,26.0136063017878,3.20929308234792));
#6183=CARTESIAN_POINT('Ctrl Pts',(-20.1860320461942,28.6844196857947,3.22862329552039));
#6184=CARTESIAN_POINT('Ctrl Pts',(-20.1917108877925,30.8196715697714,3.24099093988906));
#6185=CARTESIAN_POINT('Ctrl Pts',(-20.1927063770174,31.8873367824587,3.24671848279317));
#6186=CARTESIAN_POINT('Ctrl Pts',(-20.1927513421,32.4474198071181,3.24971800592353));
#6187=CARTESIAN_POINT('Ctrl Pts',(-20.1927525179157,32.4737099771836,3.24985905158322));
#6188=CARTESIAN_POINT('Ctrl Pts',(-20.1927525179157,32.5,3.25));
#6189=CARTESIAN_POINT('Ctrl Pts',(-20.1927525179157,16.4341896938995,2.2869050108978));
#6190=CARTESIAN_POINT('Ctrl Pts',(-20.1924748737335,17.5023080718309,2.42685239441009));
#6191=CARTESIAN_POINT('Ctrl Pts',(-20.1925778031645,19.6332524001603,2.61613673233062));
#6192=CARTESIAN_POINT('Ctrl Pts',(-20.1926250482654,22.8325664967289,2.81825717089734));
#6193=CARTESIAN_POINT('Ctrl Pts',(-20.1926660732791,26.02784086776,2.97714309334624));
#6194=CARTESIAN_POINT('Ctrl Pts',(-20.1927323662302,28.6920849887536,3.09337845973906));
#6195=CARTESIAN_POINT('Ctrl Pts',(-20.1927403979112,30.8229990263943,3.181645895412));
#6196=CARTESIAN_POINT('Ctrl Pts',(-20.1927513880666,31.8885444919859,3.22508508913408));
#6197=CARTESIAN_POINT('Ctrl Pts',(-20.1927525476716,32.4475237946697,3.24786139327692));
#6198=CARTESIAN_POINT('Ctrl Pts',(-20.1927525179157,32.4737619271629,3.24893074804567));
#6199=CARTESIAN_POINT('Ctrl Pts',(-20.1927525179157,32.5,3.25));
#6200=CARTESIAN_POINT('Ctrl Pts',(-20.1927525179157,16.4791666336196,2.00375606099243));
#6201=CARTESIAN_POINT('Ctrl Pts',(-20.1927525179157,17.5322119688007,2.17102758567537));
#6202=CARTESIAN_POINT('Ctrl Pts',(-20.1927525179157,19.6524159074189,2.40576162978543));
#6203=CARTESIAN_POINT('Ctrl Pts',(-20.1927525179157,22.8430177907295,2.66612767911139));
#6204=CARTESIAN_POINT('Ctrl Pts',(-20.1927525179157,26.0339462647196,2.87761567815274));
#6205=CARTESIAN_POINT('Ctrl Pts',(-20.1927525179157,28.6953714927708,3.03540843296802));
#6206=CARTESIAN_POINT('Ctrl Pts',(-20.1927525179157,30.8244257738508,3.15620743760169));
#6207=CARTESIAN_POINT('Ctrl Pts',(-20.1927525179157,31.8890621537168,3.21581318643431));
#6208=CARTESIAN_POINT('Ctrl Pts',(-20.1927525179157,32.4475683588514,3.24706571393524));
#6209=CARTESIAN_POINT('Ctrl Pts',(-20.1927525179157,32.4737841914397,3.24853290367244));
#6210=CARTESIAN_POINT('Ctrl Pts',(-20.1927525179157,32.5,3.25));
#6211=CARTESIAN_POINT('',(-19.0389063640432,16.2502002154108,3.44519696999418));
#6212=CARTESIAN_POINT('Ctrl Pts',(-19.038906364055,16.2502002154287,3.44519696999418));
#6213=CARTESIAN_POINT('Ctrl Pts',(-19.239887167281,17.3640799869062,3.57386737359898));
#6214=CARTESIAN_POINT('Ctrl Pts',(-19.5335888812223,19.5372061502098,3.66764918648883));
#6215=CARTESIAN_POINT('Ctrl Pts',(-19.8422962577942,22.7739995861869,3.65458187533689));
#6216=CARTESIAN_POINT('Ctrl Pts',(-20.0460565661077,25.9925257838069,3.55521840946222));
#6217=CARTESIAN_POINT('Ctrl Pts',(-20.1455933910823,28.6724022169359,3.43807533151443));
#6218=CARTESIAN_POINT('Ctrl Pts',(-20.1853689257998,30.8144543422666,3.33418269440427));
#6219=CARTESIAN_POINT('Ctrl Pts',(-20.1924171967727,31.885434196544,3.2807152655394));
#6220=CARTESIAN_POINT('Ctrl Pts',(-20.1927446230387,32.447256538687,3.25263546549728));
#6221=CARTESIAN_POINT('Ctrl Pts',(-20.1927525179157,32.4736283415019,3.25131781428508));
#6222=CARTESIAN_POINT('Ctrl Pts',(-20.1927525179157,32.5,3.25));
#6223=CARTESIAN_POINT('',(-20.1927525179157,16.4791666336196,2.00375606099243));
#6224=CARTESIAN_POINT('Ctrl Pts',(-20.1927525179157,32.5,3.25));
#6225=CARTESIAN_POINT('Ctrl Pts',(-20.1927525179157,32.4737841914397,3.24853290367244));
#6226=CARTESIAN_POINT('Ctrl Pts',(-20.1927525179157,32.4475683588514,3.24706571393524));
#6227=CARTESIAN_POINT('Ctrl Pts',(-20.1927525179157,31.8890621537168,3.21581318643431));
#6228=CARTESIAN_POINT('Ctrl Pts',(-20.1927525179157,30.8244257738508,3.15620743760169));
#6229=CARTESIAN_POINT('Ctrl Pts',(-20.1927525179157,28.6953714927708,3.03540843296802));
#6230=CARTESIAN_POINT('Ctrl Pts',(-20.1927525179157,26.0339462647196,2.87761567815274));
#6231=CARTESIAN_POINT('Ctrl Pts',(-20.1927525179157,22.8430177907295,2.66612767911139));
#6232=CARTESIAN_POINT('Ctrl Pts',(-20.1927525179157,19.6524159074189,2.40576162978543));
#6233=CARTESIAN_POINT('Ctrl Pts',(-20.1927525179157,17.5322119688007,2.17102758567537));
#6234=CARTESIAN_POINT('Ctrl Pts',(-20.1927525179157,16.4791666336196,2.00375606099243));
#6235=CARTESIAN_POINT('Origin',(-18.6927525179157,16.4791666336196,2.00375606099243));
#6236=CARTESIAN_POINT('Ctrl Pts',(-20.1927525179157,32.5,3.25));
#6237=CARTESIAN_POINT('Ctrl Pts',(-20.1927525179157,32.5263716585005,3.25131781428519));
#6238=CARTESIAN_POINT('Ctrl Pts',(-20.1927448627682,32.5527430047009,3.25263574121593));
#6239=CARTESIAN_POINT('Ctrl Pts',(-20.1920907293841,33.6500441646422,3.30746047071793));
#6240=CARTESIAN_POINT('Ctrl Pts',(-20.1656370114089,35.7915300617125,3.41484702976918));
#6241=CARTESIAN_POINT('Ctrl Pts',(-20.0460643486216,39.0073673568443,3.55522756804375));
#6242=CARTESIAN_POINT('Ctrl Pts',(-19.8429230019305,42.2253742867181,3.65541847541211));
#6243=CARTESIAN_POINT('Ctrl Pts',(-19.5332077965513,45.4632143621973,3.66717201722082));
#6244=CARTESIAN_POINT('Ctrl Pts',(-19.2398871672755,47.6359200131323,3.57386737359686));
#6245=CARTESIAN_POINT('Ctrl Pts',(-19.0389063640475,48.749799784613,3.44519696998937));
#6246=CARTESIAN_POINT('Ctrl Pts',(-20.1927525179157,32.5,3.25));
#6247=CARTESIAN_POINT('Ctrl Pts',(-20.1927527276431,32.5263422602673,3.25078779201403));
#6248=CARTESIAN_POINT('Ctrl Pts',(-20.1927475701932,32.5526832840523,3.25157428570726));
#6249=CARTESIAN_POINT('Ctrl Pts',(-20.192348784095,33.6487608948793,3.28434687563309));
#6250=CARTESIAN_POINT('Ctrl Pts',(-20.1761262979638,35.7878024023286,3.34865918330356));
#6251=CARTESIAN_POINT('Ctrl Pts',(-20.1013268137666,38.9999474188552,3.43322295562075));
#6252=CARTESIAN_POINT('Ctrl Pts',(-19.9722685295889,42.2139429635976,3.49596313163392));
#6253=CARTESIAN_POINT('Ctrl Pts',(-19.7662734992939,45.4480294220782,3.5033793372893));
#6254=CARTESIAN_POINT('Ctrl Pts',(-19.561630408387,47.6192559522896,3.44582410187424));
#6255=CARTESIAN_POINT('Ctrl Pts',(-19.4108536427368,48.7359607262382,3.35807421617757));
#6256=CARTESIAN_POINT('Ctrl Pts',(-20.1927525179157,32.5,3.25));
#6257=CARTESIAN_POINT('Ctrl Pts',(-20.1927525926959,32.5262908324818,3.2498594715203));
#6258=CARTESIAN_POINT('Ctrl Pts',(-20.1927513528036,32.5525788023783,3.24971766509921));
#6259=CARTESIAN_POINT('Ctrl Pts',(-20.1926602183229,33.6465132853952,3.24386635217586));
#6260=CARTESIAN_POINT('Ctrl Pts',(-20.1889590145595,35.7814478099339,3.2326457803193));
#6261=CARTESIAN_POINT('Ctrl Pts',(-20.1715250717275,38.9862682664635,3.20919485155312));
#6262=CARTESIAN_POINT('Ctrl Pts',(-20.1411154625541,42.1918598939875,3.173776137828));
#6263=CARTESIAN_POINT('Ctrl Pts',(-20.0903921753657,45.4113968690819,3.10633474778811));
#6264=CARTESIAN_POINT('Ctrl Pts',(-20.0377599859354,47.569042223855,3.02470445698541));
#6265=CARTESIAN_POINT('Ctrl Pts',(-19.9959926996643,48.670857455569,2.94822145963338));
#6266=CARTESIAN_POINT('Ctrl Pts',(-20.1927525179157,32.5,3.25));
#6267=CARTESIAN_POINT('Ctrl Pts',(-20.1927525179157,32.5262385192777,3.24893085017096));
#6268=CARTESIAN_POINT('Ctrl Pts',(-20.1927525179157,32.5524753983548,3.24786144405056));
#6269=CARTESIAN_POINT('Ctrl Pts',(-20.1927525179157,33.6442305947059,3.2033713067864));
#6270=CARTESIAN_POINT('Ctrl Pts',(-20.1927525179157,35.7751521722265,3.1167344502691));
#6271=CARTESIAN_POINT('Ctrl Pts',(-20.1927525179157,38.972032608381,2.977105363499));
#6272=CARTESIAN_POINT('Ctrl Pts',(-20.1927525179157,42.1676532837819,2.81868571214983));
#6273=CARTESIAN_POINT('Ctrl Pts',(-20.1927525179157,45.3666252223104,2.61574831310959));
#6274=CARTESIAN_POINT('Ctrl Pts',(-20.1927525179157,47.4985875865473,2.42691155258018));
#6275=CARTESIAN_POINT('Ctrl Pts',(-20.1927525179157,48.5658103061405,2.28690501089257));
#6276=CARTESIAN_POINT('Ctrl Pts',(-20.1927525179157,32.5,3.25));
#6277=CARTESIAN_POINT('Ctrl Pts',(-20.1927525179157,32.5262158085624,3.24853290367053));
#6278=CARTESIAN_POINT('Ctrl Pts',(-20.1927525179157,32.5524314131899,3.24706588086473));
#6279=CARTESIAN_POINT('Ctrl Pts',(-20.1927525179157,33.6432419631311,3.18601760971364));
#6280=CARTESIAN_POINT('Ctrl Pts',(-20.1927525179157,35.7724028456334,3.0670712302381));
#6281=CARTESIAN_POINT('Ctrl Pts',(-20.1927525179157,38.9659361346926,2.87763780018553));
#6282=CARTESIAN_POINT('Ctrl Pts',(-20.1927525179157,42.1569961157078,2.66658116449602));
#6283=CARTESIAN_POINT('Ctrl Pts',(-20.1927525179157,45.3476176050496,2.40551388314814));
#6284=CARTESIAN_POINT('Ctrl Pts',(-20.1927525179157,47.4677880312368,2.17102758567092));
#6285=CARTESIAN_POINT('Ctrl Pts',(-20.1927525179157,48.5208333664198,2.00375606098618));
#6286=CARTESIAN_POINT('',(-19.0389063640297,48.7497997846398,3.44519696998937));
#6287=CARTESIAN_POINT('',(-20.1927525179157,48.5208333664198,2.00375606098618));
#6288=CARTESIAN_POINT('Origin',(-18.6927525179157,48.5208333664198,2.00375606098618));
#6289=CARTESIAN_POINT('Ctrl Pts',(-20.1927525179157,48.5208333664198,2.00375606098618));
#6290=CARTESIAN_POINT('Ctrl Pts',(-20.1927525179157,47.4677880312368,2.17102758567092));
#6291=CARTESIAN_POINT('Ctrl Pts',(-20.1927525179157,45.3476176050496,2.40551388314814));
#6292=CARTESIAN_POINT('Ctrl Pts',(-20.1927525179157,42.1569961157078,2.66658116449602));
#6293=CARTESIAN_POINT('Ctrl Pts',(-20.1927525179157,38.9659361346926,2.87763780018553));
#6294=CARTESIAN_POINT('Ctrl Pts',(-20.1927525179157,35.7724028456334,3.0670712302381));
#6295=CARTESIAN_POINT('Ctrl Pts',(-20.1927525179157,33.6432419631311,3.18601760971364));
#6296=CARTESIAN_POINT('Ctrl Pts',(-20.1927525179157,32.5524314131899,3.24706588086473));
#6297=CARTESIAN_POINT('Ctrl Pts',(-20.1927525179157,32.5262158085624,3.24853290367053));
#6298=CARTESIAN_POINT('Ctrl Pts',(-20.1927525179157,32.5,3.25));
#6299=CARTESIAN_POINT('Ctrl Pts',(-20.1927525179157,32.5,3.25));
#6300=CARTESIAN_POINT('Ctrl Pts',(-20.1927525179157,32.5263716585005,3.25131781428519));
#6301=CARTESIAN_POINT('Ctrl Pts',(-20.1927448627682,32.5527430047009,3.25263574121593));
#6302=CARTESIAN_POINT('Ctrl Pts',(-20.1920907293841,33.6500441646422,3.30746047071793));
#6303=CARTESIAN_POINT('Ctrl Pts',(-20.1656370114089,35.7915300617125,3.41484702976918));
#6304=CARTESIAN_POINT('Ctrl Pts',(-20.0460643486216,39.0073673568443,3.55522756804375));
#6305=CARTESIAN_POINT('Ctrl Pts',(-19.8429230019305,42.2253742867181,3.65541847541211));
#6306=CARTESIAN_POINT('Ctrl Pts',(-19.5332077965513,45.4632143621973,3.66717201722082));
#6307=CARTESIAN_POINT('Ctrl Pts',(-19.2398871672755,47.6359200131323,3.57386737359686));
#6308=CARTESIAN_POINT('Ctrl Pts',(-19.0389063640475,48.749799784613,3.44519696998937));
#6309=CARTESIAN_POINT('Ctrl Pts',(-18.6927525179156,13.4288227770526,3.25));
#6310=CARTESIAN_POINT('Ctrl Pts',(-18.8077768132328,14.3579715550158,3.24999999999995));
#6311=CARTESIAN_POINT('Ctrl Pts',(-18.9245442260352,15.3013786511978,3.32194434131134));
#6312=CARTESIAN_POINT('Ctrl Pts',(-19.0389063640576,16.2502002154102,3.44519696999062));
#6313=CARTESIAN_POINT('Ctrl Pts',(-19.1415514684284,13.4288227770526,3.25000000000004));
#6314=CARTESIAN_POINT('Ctrl Pts',(-19.2345522565709,14.357671715399,3.21451446050743));
#6315=CARTESIAN_POINT('Ctrl Pts',(-19.3253973604943,15.3075823843625,3.25853219508914));
#6316=CARTESIAN_POINT('Ctrl Pts',(-19.4108536427444,16.2640392737845,3.3580742161766));
#6317=CARTESIAN_POINT('Ctrl Pts',(-19.9188175445071,13.4288227770525,2.87372975735502));
#6318=CARTESIAN_POINT('Ctrl Pts',(-19.9468263350962,14.3811988231997,2.8189916825422));
#6319=CARTESIAN_POINT('Ctrl Pts',(-19.9724817617839,15.3536155817722,2.85022139314131));
#6320=CARTESIAN_POINT('Ctrl Pts',(-19.9962661786221,16.3291004551645,2.94848642957204));
#6321=CARTESIAN_POINT('Ctrl Pts',(-20.1927525179157,13.4288227770525,2.08659921288464));
#6322=CARTESIAN_POINT('Ctrl Pts',(-20.1924611361184,14.4295362769025,2.07034287196269));
#6323=CARTESIAN_POINT('Ctrl Pts',(-20.1929032471045,15.4354478384657,2.1451500275878));
#6324=CARTESIAN_POINT('Ctrl Pts',(-20.1927525179157,16.4341896938725,2.28690501089312));
#6325=CARTESIAN_POINT('Ctrl Pts',(-20.1927525179157,13.4288227770525,1.75));
#6326=CARTESIAN_POINT('Ctrl Pts',(-20.1927525179157,14.4501752635731,1.74999999999993));
#6327=CARTESIAN_POINT('Ctrl Pts',(-20.1927525179157,15.4704606526342,1.84352764370474));
#6328=CARTESIAN_POINT('Ctrl Pts',(-20.1927525179157,16.4791666335905,2.0037560609878));
#6329=CARTESIAN_POINT('Ctrl Pts',(-20.1927525179157,16.4791666335905,2.0037560609878));
#6330=CARTESIAN_POINT('Ctrl Pts',(-20.1927525179157,15.4704606526342,1.84352764370474));
#6331=CARTESIAN_POINT('Ctrl Pts',(-20.1927525179157,14.4501752635731,1.74999999999993));
#6332=CARTESIAN_POINT('Ctrl Pts',(-20.1927525179157,13.4288227770525,1.75));
#6333=CARTESIAN_POINT('Ctrl Pts',(-18.6927525179156,13.4288227770526,3.25));
#6334=CARTESIAN_POINT('Ctrl Pts',(-18.8077768132328,14.3579715550158,3.24999999999995));
#6335=CARTESIAN_POINT('Ctrl Pts',(-18.9245442260352,15.3013786511978,3.32194434131134));
#6336=CARTESIAN_POINT('Ctrl Pts',(-19.0389063640576,16.2502002154102,3.44519696999062));
#6337=CARTESIAN_POINT('Ctrl Pts',(-13.4151360439235,10.2538461590589,3.46820049037571));
#6338=CARTESIAN_POINT('Ctrl Pts',(-14.3070059017561,10.3704240506031,3.32919210938211));
#6339=CARTESIAN_POINT('Ctrl Pts',(-15.1958625670533,10.4870721092989,3.25));
#6340=CARTESIAN_POINT('Ctrl Pts',(-16.0716073207279,10.6,3.25));
#6341=CARTESIAN_POINT('Ctrl Pts',(-13.3988871960526,9.88189887906714,3.38149484742611));
#6342=CARTESIAN_POINT('Ctrl Pts',(-14.2999396797091,9.96901086723818,3.26629417467169));
#6343=CARTESIAN_POINT('Ctrl Pts',(-15.196205109354,10.0598952709167,3.21516121125339));
#6344=CARTESIAN_POINT('Ctrl Pts',(-16.0716073207279,10.1512010494872,3.25));
#6345=CARTESIAN_POINT('Ctrl Pts',(-13.3225059793632,9.29643311750946,2.97391625755193));
#6346=CARTESIAN_POINT('Ctrl Pts',(-14.2465470777573,9.32067835479272,2.85881134362719));
#6347=CARTESIAN_POINT('Ctrl Pts',(-15.169327308081,9.34635103650454,2.82009211968179));
#6348=CARTESIAN_POINT('Ctrl Pts',(-16.0716073207279,9.37384934574076,2.87383255175828));
#6349=CARTESIAN_POINT('Ctrl Pts',(-13.1991085511069,9.1,2.31545398131819));
#6350=CARTESIAN_POINT('Ctrl Pts',(-14.1513290328768,9.09984635044858,2.15430631418816));
#6351=CARTESIAN_POINT('Ctrl Pts',(-15.1141057106935,9.10028607114409,2.07063915604826));
#6352=CARTESIAN_POINT('Ctrl Pts',(-16.0716073207279,9.1,2.08659921288462));
#6353=CARTESIAN_POINT('Ctrl Pts',(-13.1462997947311,9.1,2.03366063748843));
#6354=CARTESIAN_POINT('Ctrl Pts',(-14.1105930473173,9.1,1.85294974219674));
#6355=CARTESIAN_POINT('Ctrl Pts',(-15.090527352193,9.1,1.75));
#6356=CARTESIAN_POINT('Ctrl Pts',(-16.0716073207279,9.1,1.75));
#6357=CARTESIAN_POINT('Ctrl Pts',(-16.0716073207279,9.1,1.75));
#6358=CARTESIAN_POINT('Ctrl Pts',(-15.090527352193,9.1,1.75));
#6359=CARTESIAN_POINT('Ctrl Pts',(-14.1105930473173,9.1,1.85294974219674));
#6360=CARTESIAN_POINT('Ctrl Pts',(-13.1462997947311,9.1,2.03366063748843));
#6361=CARTESIAN_POINT('Ctrl Pts',(-13.4151360439235,10.2538461590589,3.46820049037571));
#6362=CARTESIAN_POINT('Ctrl Pts',(-14.3070059017561,10.3704240506031,3.32919210938211));
#6363=CARTESIAN_POINT('Ctrl Pts',(-15.1958625670533,10.4870721092989,3.25));
#6364=CARTESIAN_POINT('Ctrl Pts',(-16.0716073207279,10.6,3.25));
#6365=CARTESIAN_POINT('Origin',(20.1072474820843,54.4,1.75));
#6366=CARTESIAN_POINT('',(-18.6927525179157,54.4,3.25));
#6367=CARTESIAN_POINT('',(-16.0716073208387,54.3999999999483,3.25));
#6368=CARTESIAN_POINT('',(20.1072474820843,54.4,3.25));
#6369=CARTESIAN_POINT('',(-16.0716073208387,55.9,1.75));
#6370=CARTESIAN_POINT('Origin',(-16.0716073208387,54.4,1.75));
#6371=CARTESIAN_POINT('',(-20.1927525179157,55.9,1.75));
#6372=CARTESIAN_POINT('',(20.1072474820843,55.9,1.75));
#6373=CARTESIAN_POINT('Origin',(-18.6927525179157,54.4,1.75));
#6374=CARTESIAN_POINT('Origin',(-18.6927525179157,20.8,1.75));
#6375=CARTESIAN_POINT('',(-20.1927525179157,51.5711772229477,1.75));
#6376=CARTESIAN_POINT('',(-20.1927525179157,20.8,1.75));
#6377=CARTESIAN_POINT('',(-18.6927525179152,51.5711772229477,3.25));
#6378=CARTESIAN_POINT('Origin',(-18.6927525179157,51.5711772229477,1.75));
#6379=CARTESIAN_POINT('',(-18.6927525179157,20.8,3.25));
#6380=CARTESIAN_POINT('Ctrl Pts',(-19.0389063640515,48.7497997846407,3.44519696998401));
#6381=CARTESIAN_POINT('Ctrl Pts',(-18.924544226031,49.6986213488359,3.32194434130878));
#6382=CARTESIAN_POINT('Ctrl Pts',(-18.8077768132308,50.6420284450008,3.24999999999995));
#6383=CARTESIAN_POINT('Ctrl Pts',(-18.6927525179156,51.5711772229475,3.25));
#6384=CARTESIAN_POINT('Ctrl Pts',(-19.4108536427398,48.7359607262668,3.35807421617123));
#6385=CARTESIAN_POINT('Ctrl Pts',(-19.3253973604911,49.6924176156714,3.25853219508763));
#6386=CARTESIAN_POINT('Ctrl Pts',(-19.2345522565692,50.6423282846176,3.21451446050806));
#6387=CARTESIAN_POINT('Ctrl Pts',(-19.1415514684284,51.5711772229475,3.25000000000004));
#6388=CARTESIAN_POINT('Ctrl Pts',(-19.9961683141937,48.670885384298,2.94839728263614));
#6389=CARTESIAN_POINT('Ctrl Pts',(-19.9723838973559,49.6463702576728,2.85013224620954));
#6390=CARTESIAN_POINT('Ctrl Pts',(-19.9466688857854,50.6188011768173,2.81880266761012));
#6391=CARTESIAN_POINT('Ctrl Pts',(-19.9186600951969,51.5711772229475,2.87354074242196));
#6392=CARTESIAN_POINT('Ctrl Pts',(-20.1927525179157,48.5658103061811,2.28690501088553));
#6393=CARTESIAN_POINT('Ctrl Pts',(-20.1929032471045,49.5645521615703,2.14515002758513));
#6394=CARTESIAN_POINT('Ctrl Pts',(-20.1924611361184,50.5704637231154,2.07034287196298));
#6395=CARTESIAN_POINT('Ctrl Pts',(-20.1927525179157,51.5711772229476,2.08659921288464));
#6396=CARTESIAN_POINT('Ctrl Pts',(-20.1927525179157,48.5208333664636,2.00375606097921));
#6397=CARTESIAN_POINT('Ctrl Pts',(-20.1927525179157,49.5295393474022,1.84352764370142));
#6398=CARTESIAN_POINT('Ctrl Pts',(-20.1927525179157,50.5498247364452,1.74999999999993));
#6399=CARTESIAN_POINT('Ctrl Pts',(-20.1927525179157,51.5711772229476,1.75));
#6400=CARTESIAN_POINT('Ctrl Pts',(-20.1927525179157,51.5711772229476,1.75));
#6401=CARTESIAN_POINT('Ctrl Pts',(-20.1927525179157,50.5498247364452,1.74999999999993));
#6402=CARTESIAN_POINT('Ctrl Pts',(-20.1927525179157,49.5295393474022,1.84352764370142));
#6403=CARTESIAN_POINT('Ctrl Pts',(-20.1927525179157,48.5208333664636,2.00375606097921));
#6404=CARTESIAN_POINT('Ctrl Pts',(-19.0389063640515,48.7497997846407,3.44519696998401));
#6405=CARTESIAN_POINT('Ctrl Pts',(-18.924544226031,49.6986213488359,3.32194434130878));
#6406=CARTESIAN_POINT('Ctrl Pts',(-18.8077768132308,50.6420284450008,3.24999999999995));
#6407=CARTESIAN_POINT('Ctrl Pts',(-18.6927525179156,51.5711772229475,3.25));
#6408=CARTESIAN_POINT('Ctrl Pts',(15.9861022849833,10.6000000000112,3.25));
#6409=CARTESIAN_POINT('Ctrl Pts',(15.1103575182281,10.4870721076235,3.24999999999474));
#6410=CARTESIAN_POINT('Ctrl Pts',(14.2215008394815,10.370424047129,3.32919211172896));
#6411=CARTESIAN_POINT('Ctrl Pts',(13.329630968214,10.2538461538464,3.46820049659119));
#6412=CARTESIAN_POINT('Ctrl Pts',(15.9861022849833,10.1512010494962,3.25000000000335));
#6413=CARTESIAN_POINT('Ctrl Pts',(15.1107000605344,10.0598952695618,3.21516121073081));
#6414=CARTESIAN_POINT('Ctrl Pts',(14.2144346172291,9.96901086453877,3.26629417614292));
#6415=CARTESIAN_POINT('Ctrl Pts',(13.3133821199322,9.88189887516251,3.38149485260665));
#6416=CARTESIAN_POINT('Ctrl Pts',(15.9861022849859,9.37384837122984,2.87383372164892));
#6417=CARTESIAN_POINT('Ctrl Pts',(15.0838222588626,9.34635006158277,2.8200932887635));
#6418=CARTESIAN_POINT('Ctrl Pts',(14.161042117383,9.32067774830312,2.85881189391817));
#6419=CARTESIAN_POINT('Ctrl Pts',(13.2370010051221,9.29643251071071,2.97391681181091));
#6420=CARTESIAN_POINT('Ctrl Pts',(15.9861022849914,9.1,2.08659921288622));
#6421=CARTESIAN_POINT('Ctrl Pts',(15.0286006606547,9.10028607114837,2.07063915580482));
#6422=CARTESIAN_POINT('Ctrl Pts',(14.0658239684058,9.09984635044789,2.15430631667669));
#6423=CARTESIAN_POINT('Ctrl Pts',(13.113603472699,9.1,2.31545398851851));
#6424=CARTESIAN_POINT('Ctrl Pts',(15.9861022849938,9.1,1.75));
#6425=CARTESIAN_POINT('Ctrl Pts',(15.0050223018039,9.1,1.74999999999317));
#6426=CARTESIAN_POINT('Ctrl Pts',(14.0250879823371,9.1,1.85294974524765));
#6427=CARTESIAN_POINT('Ctrl Pts',(13.0607947157832,9.1,2.03366064556855));
#6428=CARTESIAN_POINT('Ctrl Pts',(13.0607947157832,9.1,2.03366064556855));
#6429=CARTESIAN_POINT('Ctrl Pts',(14.0250879823371,9.1,1.85294974524765));
#6430=CARTESIAN_POINT('Ctrl Pts',(15.0050223018039,9.1,1.74999999999317));
#6431=CARTESIAN_POINT('Ctrl Pts',(15.9861022849938,9.1,1.75));
#6432=CARTESIAN_POINT('Ctrl Pts',(15.9861022849833,10.6000000000112,3.25));
#6433=CARTESIAN_POINT('Ctrl Pts',(15.1103575182281,10.4870721076235,3.24999999999474));
#6434=CARTESIAN_POINT('Ctrl Pts',(14.2215008394815,10.370424047129,3.32919211172896));
#6435=CARTESIAN_POINT('Ctrl Pts',(13.329630968214,10.2538461538464,3.46820049659119));
#6436=CARTESIAN_POINT('Ctrl Pts',(-13.1462997516147,55.9,2.03366064556855));
#6437=CARTESIAN_POINT('Ctrl Pts',(-14.1105930181685,55.9,1.85294974524765));
#6438=CARTESIAN_POINT('Ctrl Pts',(-15.0905273376353,55.9,1.74999999999317));
#6439=CARTESIAN_POINT('Ctrl Pts',(-16.0716073208252,55.9,1.75));
#6440=CARTESIAN_POINT('Ctrl Pts',(-13.2167114275023,55.9,2.40938510283516));
#6441=CARTESIAN_POINT('Ctrl Pts',(-14.1649074362618,55.9006092593948,2.25518223341657));
#6442=CARTESIAN_POINT('Ctrl Pts',(-15.122184239597,55.8990999763177,2.17680960493035));
#6443=CARTESIAN_POINT('Ctrl Pts',(-16.0716073208221,55.9,2.19879895051496));
#6444=CARTESIAN_POINT('Ctrl Pts',(-13.3392462731191,55.6314554574382,3.06324453431718));
#6445=CARTESIAN_POINT('Ctrl Pts',(-14.2592608411293,55.5977505439647,2.95344159728404));
#6446=CARTESIAN_POINT('Ctrl Pts',(-15.1765567450259,55.5620301484117,2.91892539343693));
#6447=CARTESIAN_POINT('Ctrl Pts',(-16.0716073208166,55.5235400814663,2.97590702671448));
#6448=CARTESIAN_POINT('Ctrl Pts',(-13.4029493678341,55.0251143051665,3.40317126360278));
#6449=CARTESIAN_POINT('Ctrl Pts',(-14.3017067475585,54.9303553923507,3.28167835799464));
#6450=CARTESIAN_POINT('Ctrl Pts',(-15.1959434598433,54.8336537857478,3.22443601647186));
#6451=CARTESIAN_POINT('Ctrl Pts',(-16.0716073208147,54.736599212875,3.25000000000252));
#6452=CARTESIAN_POINT('Ctrl Pts',(-13.4151360040454,54.7461538461536,3.46820049659119));
#6453=CARTESIAN_POINT('Ctrl Pts',(-14.307005875313,54.629575952871,3.32919211172896));
#6454=CARTESIAN_POINT('Ctrl Pts',(-15.1958625540595,54.5129278923765,3.24999999999475));
#6455=CARTESIAN_POINT('Ctrl Pts',(-16.0716073208147,54.3999999999888,3.25000000000001));
#6456=CARTESIAN_POINT('Ctrl Pts',(-16.0716073208147,54.3999999999888,3.25000000000001));
#6457=CARTESIAN_POINT('Ctrl Pts',(-15.1958625540595,54.5129278923765,3.24999999999475));
#6458=CARTESIAN_POINT('Ctrl Pts',(-14.307005875313,54.629575952871,3.32919211172896));
#6459=CARTESIAN_POINT('Ctrl Pts',(-13.4151360040454,54.7461538461536,3.46820049659119));
#6460=CARTESIAN_POINT('Ctrl Pts',(-13.1462997516147,55.9,2.03366064556855));
#6461=CARTESIAN_POINT('Ctrl Pts',(-14.1105930181685,55.9,1.85294974524765));
#6462=CARTESIAN_POINT('Ctrl Pts',(-15.0905273376353,55.9,1.74999999999317));
#6463=CARTESIAN_POINT('Ctrl Pts',(-16.0716073208252,55.9,1.75));
#6464=CARTESIAN_POINT('Ctrl Pts',(18.9534013282201,16.2502002153593,3.44519696998401));
#6465=CARTESIAN_POINT('Ctrl Pts',(18.8390391901996,15.3013786511641,3.32194434130878));
#6466=CARTESIAN_POINT('Ctrl Pts',(18.7222717773994,14.3579715549992,3.24999999999995));
#6467=CARTESIAN_POINT('Ctrl Pts',(18.6072474820842,13.4288227770526,3.25));
#6468=CARTESIAN_POINT('Ctrl Pts',(19.3253486069084,16.2640392737332,3.35807421617123));
#6469=CARTESIAN_POINT('Ctrl Pts',(19.2398923246597,15.3075823843286,3.25853219508763));
#6470=CARTESIAN_POINT('Ctrl Pts',(19.1490472207378,14.3576717153824,3.21451446050806));
#6471=CARTESIAN_POINT('Ctrl Pts',(19.056046432597,13.4288227770526,3.25000000000004));
#6472=CARTESIAN_POINT('Ctrl Pts',(19.9107615479514,16.3291003964869,2.94848679863809));
#6473=CARTESIAN_POINT('Ctrl Pts',(19.8869771311137,15.3536155231122,2.85022176221149));
#6474=CARTESIAN_POINT('Ctrl Pts',(19.8613219511097,14.3811988231827,2.8189924650714));
#6475=CARTESIAN_POINT('Ctrl Pts',(19.8333131605212,13.4288227770525,2.87373053988324));
#6476=CARTESIAN_POINT('Ctrl Pts',(20.1072474820843,16.4341896938189,2.28690501088553));
#6477=CARTESIAN_POINT('Ctrl Pts',(20.1073982112731,15.4354478384297,2.14515002758513));
#6478=CARTESIAN_POINT('Ctrl Pts',(20.106956100287,14.4295362768847,2.07034287196298));
#6479=CARTESIAN_POINT('Ctrl Pts',(20.1072474820843,13.4288227770525,2.08659921288464));
#6480=CARTESIAN_POINT('Ctrl Pts',(20.1072474820843,16.4791666335364,2.00375606097921));
#6481=CARTESIAN_POINT('Ctrl Pts',(20.1072474820843,15.4704606525978,1.84352764370141));
#6482=CARTESIAN_POINT('Ctrl Pts',(20.1072474820843,14.4501752635549,1.74999999999993));
#6483=CARTESIAN_POINT('Ctrl Pts',(20.1072474820843,13.4288227770524,1.75));
#6484=CARTESIAN_POINT('Ctrl Pts',(20.1072474820843,13.4288227770524,1.75));
#6485=CARTESIAN_POINT('Ctrl Pts',(20.1072474820843,14.4501752635549,1.74999999999993));
#6486=CARTESIAN_POINT('Ctrl Pts',(20.1072474820843,15.4704606525978,1.84352764370141));
#6487=CARTESIAN_POINT('Ctrl Pts',(20.1072474820843,16.4791666335364,2.00375606097921));
#6488=CARTESIAN_POINT('Ctrl Pts',(18.9534013282201,16.2502002153593,3.44519696998401));
#6489=CARTESIAN_POINT('Ctrl Pts',(18.8390391901996,15.3013786511641,3.32194434130878));
#6490=CARTESIAN_POINT('Ctrl Pts',(18.7222717773994,14.3579715549992,3.24999999999995));
#6491=CARTESIAN_POINT('Ctrl Pts',(18.6072474820842,13.4288227770526,3.25));
#6492=CARTESIAN_POINT('Ctrl Pts',(15.9861022848965,55.9,1.75));
#6493=CARTESIAN_POINT('Ctrl Pts',(15.0050223163616,55.9,1.75));
#6494=CARTESIAN_POINT('Ctrl Pts',(14.0250880114859,55.9,1.85294974219674));
#6495=CARTESIAN_POINT('Ctrl Pts',(13.0607947588997,55.9,2.03366063748843));
#6496=CARTESIAN_POINT('Ctrl Pts',(15.9861022848965,55.9,2.19879895051283));
#6497=CARTESIAN_POINT('Ctrl Pts',(15.036679217853,55.8990999763311,2.17680960526325));
#6498=CARTESIAN_POINT('Ctrl Pts',(14.0794024288986,55.9006092593898,2.25518223111317));
#6499=CARTESIAN_POINT('Ctrl Pts',(13.1312064340675,55.9,2.40938509592811));
#6500=CARTESIAN_POINT('Ctrl Pts',(15.9861022848965,55.5235403532093,2.97590725306738));
#6501=CARTESIAN_POINT('Ctrl Pts',(15.0910517224742,55.5620304195796,2.91892562064708));
#6502=CARTESIAN_POINT('Ctrl Pts',(14.1737558522825,55.5977507016263,2.95344170136938));
#6503=CARTESIAN_POINT('Ctrl Pts',(13.2537412981242,55.6314556146743,3.06324463453391));
#6504=CARTESIAN_POINT('Ctrl Pts',(15.9861022848965,54.7365992128846,3.25));
#6505=CARTESIAN_POINT('Ctrl Pts',(15.1104384370042,54.8336537843076,3.22443601685665));
#6506=CARTESIAN_POINT('Ctrl Pts',(14.2162017383256,54.9303553894606,3.28167835630642));
#6507=CARTESIAN_POINT('Ctrl Pts',(13.3174443721889,55.0251143009349,3.40317125816351));
#6508=CARTESIAN_POINT('Ctrl Pts',(15.9861022848965,54.4,3.25));
#6509=CARTESIAN_POINT('Ctrl Pts',(15.1103575312219,54.5129278907011,3.25));
#6510=CARTESIAN_POINT('Ctrl Pts',(14.2215008659247,54.6295759493969,3.3291921093821));
#6511=CARTESIAN_POINT('Ctrl Pts',(13.3296310080921,54.7461538409411,3.46820049037571));
#6512=CARTESIAN_POINT('Ctrl Pts',(13.3296310080921,54.7461538409411,3.46820049037571));
#6513=CARTESIAN_POINT('Ctrl Pts',(14.2215008659247,54.6295759493969,3.3291921093821));
#6514=CARTESIAN_POINT('Ctrl Pts',(15.1103575312219,54.5129278907011,3.25));
#6515=CARTESIAN_POINT('Ctrl Pts',(15.9861022848965,54.4,3.25));
#6516=CARTESIAN_POINT('Ctrl Pts',(15.9861022848965,55.9,1.75));
#6517=CARTESIAN_POINT('Ctrl Pts',(15.0050223163616,55.9,1.75));
#6518=CARTESIAN_POINT('Ctrl Pts',(14.0250880114859,55.9,1.85294974219674));
#6519=CARTESIAN_POINT('Ctrl Pts',(13.0607947588997,55.9,2.03366063748843));
#6520=CARTESIAN_POINT('Ctrl Pts',(18.6072474820842,51.5711772229474,3.25));
#6521=CARTESIAN_POINT('Ctrl Pts',(18.7222717774014,50.6420284449842,3.24999999999995));
#6522=CARTESIAN_POINT('Ctrl Pts',(18.8390391902038,49.6986213488022,3.32194434131134));
#6523=CARTESIAN_POINT('Ctrl Pts',(18.9534013282262,48.7497997845898,3.44519696999062));
#6524=CARTESIAN_POINT('Ctrl Pts',(19.056046432597,51.5711772229474,3.25000000000004));
#6525=CARTESIAN_POINT('Ctrl Pts',(19.1490472207394,50.642328284601,3.21451446050742));
#6526=CARTESIAN_POINT('Ctrl Pts',(19.2398923246629,49.6924176156375,3.25853219508914));
#6527=CARTESIAN_POINT('Ctrl Pts',(19.325348606913,48.7359607262155,3.3580742161766));
#6528=CARTESIAN_POINT('Ctrl Pts',(19.8331552868245,51.5711772229475,2.87354101548226));
#6529=CARTESIAN_POINT('Ctrl Pts',(19.8611640774136,50.6188011768003,2.81880294066945));
#6530=CARTESIAN_POINT('Ctrl Pts',(19.8868790029052,49.6463702780951,2.85013237499672));
#6531=CARTESIAN_POINT('Ctrl Pts',(19.9106634197433,48.6708854047028,2.94839741142745));
#6532=CARTESIAN_POINT('Ctrl Pts',(20.1072474820843,51.5711772229475,2.08659921288464));
#6533=CARTESIAN_POINT('Ctrl Pts',(20.106956100287,50.5704637230975,2.07034287196269));
#6534=CARTESIAN_POINT('Ctrl Pts',(20.1073982112731,49.5645521615344,2.1451500275878));
#6535=CARTESIAN_POINT('Ctrl Pts',(20.1072474820843,48.5658103061276,2.28690501089312));
#6536=CARTESIAN_POINT('Ctrl Pts',(20.1072474820843,51.5711772229475,1.75));
#6537=CARTESIAN_POINT('Ctrl Pts',(20.1072474820843,50.5498247364269,1.74999999999993));
#6538=CARTESIAN_POINT('Ctrl Pts',(20.1072474820843,49.5295393473658,1.84352764370474));
#6539=CARTESIAN_POINT('Ctrl Pts',(20.1072474820843,48.5208333664095,2.0037560609878));
#6540=CARTESIAN_POINT('Ctrl Pts',(20.1072474820843,48.5208333664095,2.0037560609878));
#6541=CARTESIAN_POINT('Ctrl Pts',(20.1072474820843,49.5295393473658,1.84352764370474));
#6542=CARTESIAN_POINT('Ctrl Pts',(20.1072474820843,50.5498247364269,1.74999999999993));
#6543=CARTESIAN_POINT('Ctrl Pts',(20.1072474820843,51.5711772229475,1.75));
#6544=CARTESIAN_POINT('Ctrl Pts',(18.6072474820842,51.5711772229474,3.25));
#6545=CARTESIAN_POINT('Ctrl Pts',(18.7222717774014,50.6420284449842,3.24999999999995));
#6546=CARTESIAN_POINT('Ctrl Pts',(18.8390391902038,49.6986213488022,3.32194434131134));
#6547=CARTESIAN_POINT('Ctrl Pts',(18.9534013282262,48.7497997845898,3.44519696999062));
#6548=CARTESIAN_POINT('Origin',(20.1072474820843,9.1,3.25));
#6549=CARTESIAN_POINT('Ctrl Pts',(15.9858467009321,10.6002738889419,3.25));
#6550=CARTESIAN_POINT('Ctrl Pts',(16.9262516736891,11.47782878061,3.25));
#6551=CARTESIAN_POINT('Ctrl Pts',(17.8017745951618,12.4251295094142,3.25));
#6552=CARTESIAN_POINT('Ctrl Pts',(18.6068956473469,13.4291049250576,3.25));
#6553=CARTESIAN_POINT('Ctrl Pts',(20.1072474820843,32.5,3.25));
#6554=CARTESIAN_POINT('Ctrl Pts',(20.1072474820843,32.4930656233327,3.25034651672108));
#6555=CARTESIAN_POINT('Ctrl Pts',(20.1072434435371,32.4861346105378,3.25069378244542));
#6556=CARTESIAN_POINT('Ctrl Pts',(20.1091813131127,29.0690675778937,3.42080046110911));
#6557=CARTESIAN_POINT('Ctrl Pts',(19.9140264570481,24.4532326579064,3.65623154092862));
#6558=CARTESIAN_POINT('Ctrl Pts',(19.4967881903174,19.0411197000736,3.58070162762188));
#6559=CARTESIAN_POINT('Ctrl Pts',(19.3459186730075,16.9865689680028,3.44236285293946));
#6560=CARTESIAN_POINT('Ctrl Pts',(19.2980921653428,16.0222015170043,3.34502249345992));
#6561=CARTESIAN_POINT('Ctrl Pts',(20.1072474820843,32.5,3.25));
#6562=CARTESIAN_POINT('Ctrl Pts',(20.1073017814985,32.4932285740872,3.25067248004337));
#6563=CARTESIAN_POINT('Ctrl Pts',(20.1071904023041,32.4863851783516,3.25141305620581));
#6564=CARTESIAN_POINT('Ctrl Pts',(20.113032619405,29.1385943462776,3.59163506131934));
#6565=CARTESIAN_POINT('Ctrl Pts',(19.7372885629342,24.6085981431741,4.06611712329199));
#6566=CARTESIAN_POINT('Ctrl Pts',(18.912759723009,19.3877773965117,3.9636277513103));
#6567=CARTESIAN_POINT('Ctrl Pts',(18.6024711291651,17.4461942435205,3.71616015543009));
#6568=CARTESIAN_POINT('Ctrl Pts',(18.4941956959885,16.5539457030874,3.53566121863374));
#6569=CARTESIAN_POINT('Ctrl Pts',(20.1072474820843,32.5,3.25));
#6570=CARTESIAN_POINT('Ctrl Pts',(20.1073161908436,32.4935795337946,3.25145983198763));
#6571=CARTESIAN_POINT('Ctrl Pts',(20.1071757695366,32.4869970596278,3.25306718130626));
#6572=CARTESIAN_POINT('Ctrl Pts',(20.1130991390933,29.2996102508208,3.99111002656031));
#6573=CARTESIAN_POINT('Ctrl Pts',(19.4513625279553,24.9730082023125,5.02392844892234));
#6574=CARTESIAN_POINT('Ctrl Pts',(17.7795844042348,20.1708486401741,5.20569631883402));
#6575=CARTESIAN_POINT('Ctrl Pts',(17.0484444754311,18.4661584888768,4.92002436390548));
#6576=CARTESIAN_POINT('Ctrl Pts',(16.7287641782767,17.7217054597851,4.66206208785327));
#6577=CARTESIAN_POINT('Ctrl Pts',(20.1072474820843,32.5,3.25));
#6578=CARTESIAN_POINT('Ctrl Pts',(20.1073115969999,32.4938850600589,3.25231121579862));
#6579=CARTESIAN_POINT('Ctrl Pts',(20.1071845556191,32.4876541863028,3.2546595744494));
#6580=CARTESIAN_POINT('Ctrl Pts',(20.1091439620187,29.4565673514107,4.39512648735042));
#6581=CARTESIAN_POINT('Ctrl Pts',(19.4149023348116,25.3531119369428,5.96792982592301));
#6582=CARTESIAN_POINT('Ctrl Pts',(17.4337779893013,20.7165659516054,6.96750539996434));
#6583=CARTESIAN_POINT('Ctrl Pts',(16.4494782317423,19.0186270011903,7.03636537186121));
#6584=CARTESIAN_POINT('Ctrl Pts',(15.9369989478993,18.2454253342001,6.93997402135386));
#6585=CARTESIAN_POINT('Ctrl Pts',(20.1072474820843,32.5,3.25));
#6586=CARTESIAN_POINT('Ctrl Pts',(20.1072474820843,32.4940278805099,3.25278747294968));
#6587=CARTESIAN_POINT('Ctrl Pts',(20.1072463551673,32.4880595569117,3.25557875478649));
#6588=CARTESIAN_POINT('Ctrl Pts',(20.1047149950578,29.5445325563108,4.62552927833746));
#6589=CARTESIAN_POINT('Ctrl Pts',(19.4685334610871,25.573726755831,6.50679198737414));
#6590=CARTESIAN_POINT('Ctrl Pts',(17.5255262269944,20.8960586368216,7.97604318057894));
#6591=CARTESIAN_POINT('Ctrl Pts',(16.5027782999485,19.1007765264604,8.25000000001423));
#6592=CARTESIAN_POINT('Ctrl Pts',(15.9369989478911,18.2454253341876,8.25));
#6593=CARTESIAN_POINT('Origin',(20.1072474819807,15.4869788213976,8.25));
#6594=CARTESIAN_POINT('Origin',(20.1072474820843,9.1,1.25));
#6595=CARTESIAN_POINT('',(-20.1927525179157,9.1,1.25));
#6596=CARTESIAN_POINT('',(-20.1927525179157,9.1,3.25));
#6597=CARTESIAN_POINT('',(20.1072474820843,9.1,1.25));
#6598=CARTESIAN_POINT('',(20.1072474820843,9.1,1.25));
#6599=CARTESIAN_POINT('',(20.1072474820843,9.1,3.25));
#6600=CARTESIAN_POINT('Ctrl Pts',(19.2980921653454,48.9777984829466,3.34502249346485));
#6601=CARTESIAN_POINT('Ctrl Pts',(19.345918673011,48.0134310319493,3.44236285294315));
#6602=CARTESIAN_POINT('Ctrl Pts',(19.4984129317171,45.9615813538052,3.58039129803994));
#6603=CARTESIAN_POINT('Ctrl Pts',(19.7452893290845,42.7075470476745,3.62639036209036));
#6604=CARTESIAN_POINT('Ctrl Pts',(19.9138021587866,39.9192739683974,3.57107470613153));
#6605=CARTESIAN_POINT('Ctrl Pts',(20.0126599204174,37.650873214491,3.49097975392758));
#6606=CARTESIAN_POINT('Ctrl Pts',(20.0668275644221,35.9414360798094,3.41786050489746));
#6607=CARTESIAN_POINT('Ctrl Pts',(20.0997437922687,34.2281969966423,3.33634393775498));
#6608=CARTESIAN_POINT('Ctrl Pts',(20.1071575335577,33.088771869449,3.27942039049338));
#6609=CARTESIAN_POINT('Ctrl Pts',(20.1072469459102,32.5138686856243,3.25069303775581));
#6610=CARTESIAN_POINT('Ctrl Pts',(20.1072474820843,32.5069343766674,3.25034651672108));
#6611=CARTESIAN_POINT('Ctrl Pts',(20.1072474820843,32.5,3.25));
#6612=CARTESIAN_POINT('Ctrl Pts',(18.4941956959941,48.4460542968672,3.53566121864286));
#6613=CARTESIAN_POINT('Ctrl Pts',(18.6005775740536,47.5539237993458,3.71642909283013));
#6614=CARTESIAN_POINT('Ctrl Pts',(18.9150335978033,45.6140412347647,3.96350638294304));
#6615=CARTESIAN_POINT('Ctrl Pts',(19.404152428911,42.476128794043,4.02619498655819));
#6616=CARTESIAN_POINT('Ctrl Pts',(19.7327325348039,39.761618930411,3.90222463868201));
#6617=CARTESIAN_POINT('Ctrl Pts',(19.924466095048,37.54533216529,3.73623261570365));
#6618=CARTESIAN_POINT('Ctrl Pts',(20.0292062152267,35.8723355022774,3.58752556070037));
#6619=CARTESIAN_POINT('Ctrl Pts',(20.0927551269622,34.193919589086,3.42327768834389));
#6620=CARTESIAN_POINT('Ctrl Pts',(20.1070710857152,33.0770978710366,3.30903155201093));
#6621=CARTESIAN_POINT('Ctrl Pts',(20.1072464718401,32.5135937751332,3.25139042010171));
#6622=CARTESIAN_POINT('Ctrl Pts',(20.1072474820843,32.5067969113563,3.25069522475374));
#6623=CARTESIAN_POINT('Ctrl Pts',(20.1072474820843,32.5,3.25));
#6624=CARTESIAN_POINT('Ctrl Pts',(16.7282268850535,47.2779391429745,4.66163394198517));
#6625=CARTESIAN_POINT('Ctrl Pts',(17.0456955042906,46.534282547952,4.91885199752944));
#6626=CARTESIAN_POINT('Ctrl Pts',(17.7821995092432,44.8297638719977,5.20351487423678));
#6627=CARTESIAN_POINT('Ctrl Pts',(18.7791915206481,41.94552590339,5.09839903388809));
#6628=CARTESIAN_POINT('Ctrl Pts',(19.4089669050268,39.3972074992676,4.72690602169729));
#6629=CARTESIAN_POINT('Ctrl Pts',(19.7690424806589,37.3002237336501,4.32563581846252));
#6630=CARTESIAN_POINT('Ctrl Pts',(19.9634486486039,35.7114422076357,3.98751584216503));
#6631=CARTESIAN_POINT('Ctrl Pts',(20.0806314578146,34.113981200942,3.62598601358873));
#6632=CARTESIAN_POINT('Ctrl Pts',(20.1069232251571,33.049863491208,3.3781072674356));
#6633=CARTESIAN_POINT('Ctrl Pts',(20.1072456233674,32.512952277305,3.2530177839059));
#6634=CARTESIAN_POINT('Ctrl Pts',(20.1072474820843,32.5064761589639,3.25150887682994));
#6635=CARTESIAN_POINT('Ctrl Pts',(20.1072474820843,32.5,3.25));
#6636=CARTESIAN_POINT('Ctrl Pts',(15.9369989479254,46.7545746657605,6.9399740213587));
#6637=CARTESIAN_POINT('Ctrl Pts',(16.4497342219798,45.9839204036076,7.03665990875018));
#6638=CARTESIAN_POINT('Ctrl Pts',(17.4356578827076,44.2866541737254,6.96656996140218));
#6639=CARTESIAN_POINT('Ctrl Pts',(18.6234979851278,41.4993316771107,6.37030288757904));
#6640=CARTESIAN_POINT('Ctrl Pts',(19.3351856988599,39.0632792894372,5.62519566203702));
#6641=CARTESIAN_POINT('Ctrl Pts',(19.7357074798645,37.0649757408839,4.93937283562376));
#6642=CARTESIAN_POINT('Ctrl Pts',(19.94991110334,35.5531383108963,4.39376149572143));
#6643=CARTESIAN_POINT('Ctrl Pts',(20.078334062452,34.0341492923236,3.82886738898578));
#6644=CARTESIAN_POINT('Ctrl Pts',(20.1069152289975,33.022642405011,3.44720157507251));
#6645=CARTESIAN_POINT('Ctrl Pts',(20.1072452609894,32.512310672189,3.2546449983973));
#6646=CARTESIAN_POINT('Ctrl Pts',(20.1072474820843,32.5061554065715,3.25232252890614));
#6647=CARTESIAN_POINT('Ctrl Pts',(20.1072474820843,32.5,3.25));
#6648=CARTESIAN_POINT('Ctrl Pts',(15.9369989479199,46.7545746657688,8.25));
#6649=CARTESIAN_POINT('Ctrl Pts',(16.5027782999737,45.8992234734973,8.25000000000942));
#6650=CARTESIAN_POINT('Ctrl Pts',(17.5246859320922,44.1067381948703,7.97435521578667));
#6651=CARTESIAN_POINT('Ctrl Pts',(18.6927061303965,41.2932612743947,7.09633035261564));
#6652=CARTESIAN_POINT('Ctrl Pts',(19.3748446241038,38.890181409605,6.13793621350059));
#6653=CARTESIAN_POINT('Ctrl Pts',(19.7558402933045,36.9361508767962,5.28973970322514));
#6654=CARTESIAN_POINT('Ctrl Pts',(19.9585524672474,35.4638854606398,4.62568140453599));
#6655=CARTESIAN_POINT('Ctrl Pts',(20.0798617170991,33.9883791393093,3.94469295378419));
#6656=CARTESIAN_POINT('Ctrl Pts',(20.1069158898792,33.0070703574668,3.48667201239672));
#6657=CARTESIAN_POINT('Ctrl Pts',(20.1072455396588,32.5119441795756,3.25557493250181));
#6658=CARTESIAN_POINT('Ctrl Pts',(20.1072474820843,32.5059721194901,3.25278747294968));
#6659=CARTESIAN_POINT('Ctrl Pts',(20.1072474820843,32.5,3.25));
#6660=CARTESIAN_POINT('Origin',(20.1072474820158,49.5130211785494,8.25));
#6661=CARTESIAN_POINT('Origin',(20.1072474820843,9.1,3.25));
#6662=CARTESIAN_POINT('Ctrl Pts',(18.6068941168649,51.5708938471506,3.25));
#6663=CARTESIAN_POINT('Ctrl Pts',(17.8017545583,52.5748903750332,3.25));
#6664=CARTESIAN_POINT('Ctrl Pts',(16.9262261824307,53.5221905999595,3.25));
#6665=CARTESIAN_POINT('Ctrl Pts',(15.9858453923726,54.3997247093588,3.25));
#6666=CARTESIAN_POINT('Ctrl Pts',(-20.1927525179157,32.5,3.25));
#6667=CARTESIAN_POINT('Ctrl Pts',(-20.1927525179157,32.5069343766675,3.25034651672102));
#6668=CARTESIAN_POINT('Ctrl Pts',(-20.1927520096221,32.5138684421436,3.25069303252001));
#6669=CARTESIAN_POINT('Ctrl Pts',(-20.1925676877956,33.6567975472429,3.30780248700227));
#6670=CARTESIAN_POINT('Ctrl Pts',(-20.1631472073732,35.9418159997007,3.42200196419256));
#6671=CARTESIAN_POINT('Ctrl Pts',(-20.0330691188199,39.3607276152151,3.55998719520151));
#6672=CARTESIAN_POINT('Ctrl Pts',(-19.8310012415802,42.706640641033,3.62635870686061));
#6673=CARTESIAN_POINT('Ctrl Pts',(-19.5838389815984,45.9619392256516,3.58036985275355));
#6674=CARTESIAN_POINT('Ctrl Pts',(-19.4314237100187,48.0134310327245,3.44236285250628));
#6675=CARTESIAN_POINT('Ctrl Pts',(-19.3835972024478,48.9777984838381,3.34502249315791));
#6676=CARTESIAN_POINT('Ctrl Pts',(-20.1927525179157,32.5,3.25));
#6677=CARTESIAN_POINT('Ctrl Pts',(-20.1927510068677,32.5067508943611,3.25081147811292));
#6678=CARTESIAN_POINT('Ctrl Pts',(-20.1927528272415,32.5135020798933,3.25162292614221));
#6679=CARTESIAN_POINT('Ctrl Pts',(-20.1922965219681,33.6262058669645,3.38534810323726));
#6680=CARTESIAN_POINT('Ctrl Pts',(-20.1266313968759,35.8508558566426,3.65284758898444));
#6681=CARTESIAN_POINT('Ctrl Pts',(-19.8344736686978,39.1703800531301,3.98287076904078));
#6682=CARTESIAN_POINT('Ctrl Pts',(-19.3767577792805,42.3982136905075,4.15913069130179));
#6683=CARTESIAN_POINT('Ctrl Pts',(-18.8064701673277,45.4990064132939,4.09032408623742));
#6684=CARTESIAN_POINT('Ctrl Pts',(-18.4393762248697,47.4010202307596,3.80778560921542));
#6685=CARTESIAN_POINT('Ctrl Pts',(-18.3117352430002,48.2688062355232,3.59920745971378));
#6686=CARTESIAN_POINT('Ctrl Pts',(-20.1927525179157,32.5,3.25));
#6687=CARTESIAN_POINT('Ctrl Pts',(-20.1927513005352,32.5064305843873,3.2516242630542));
#6688=CARTESIAN_POINT('Ctrl Pts',(-20.1927518237988,32.5128601530211,3.25325106764735));
#6689=CARTESIAN_POINT('Ctrl Pts',(-20.1920374803657,33.5727184617293,3.52103307361028));
#6690=CARTESIAN_POINT('Ctrl Pts',(-20.0846309023567,35.6916623679072,4.0567856695746));
#6691=CARTESIAN_POINT('Ctrl Pts',(-19.5993932748663,38.8400179734157,4.7700819677856));
#6692=CARTESIAN_POINT('Ctrl Pts',(-18.8113686080026,41.8710212170226,5.27958779357556));
#6693=CARTESIAN_POINT('Ctrl Pts',(-17.7573439182365,44.7259651738368,5.45187287954046));
#6694=CARTESIAN_POINT('Ctrl Pts',(-16.9614293912209,46.4060169287364,5.21359018017678));
#6695=CARTESIAN_POINT('Ctrl Pts',(-16.6016749974009,47.137672279718,4.97253542370834));
#6696=CARTESIAN_POINT('Ctrl Pts',(-20.1927525179157,32.5,3.25));
#6697=CARTESIAN_POINT('Ctrl Pts',(-20.1927520887448,32.5061097563348,3.2524380854181));
#6698=CARTESIAN_POINT('Ctrl Pts',(-20.1927509702521,32.5122187363802,3.25487814021091));
#6699=CARTESIAN_POINT('Ctrl Pts',(-20.192039669288,33.5192087144678,3.65678702830953));
#6700=CARTESIAN_POINT('Ctrl Pts',(-20.0802723238899,35.5324408478885,4.46064075425548));
#6701=CARTESIAN_POINT('Ctrl Pts',(-19.5711254360839,38.5333441521837,5.59324240108303));
#6702=CARTESIAN_POINT('Ctrl Pts',(-18.7258471739913,41.4462911105618,6.55101751669442));
#6703=CARTESIAN_POINT('Ctrl Pts',(-17.5422043543491,44.2410312856367,7.21792254093018));
#6704=CARTESIAN_POINT('Ctrl Pts',(-16.5477518273899,45.9611963883507,7.33990649613551));
#6705=CARTESIAN_POINT('Ctrl Pts',(-16.0225039837287,46.754574665803,7.26748051579303));
#6706=CARTESIAN_POINT('Ctrl Pts',(-20.1927525179157,32.5,3.25));
#6707=CARTESIAN_POINT('Ctrl Pts',(-20.1927525179157,32.5059721194869,3.25278747295363));
#6708=CARTESIAN_POINT('Ctrl Pts',(-20.1927506520958,32.5119439741865,3.25557484391724));
#6709=CARTESIAN_POINT('Ctrl Pts',(-20.1920773570998,33.4962723739775,3.71500238410469));
#6710=CARTESIAN_POINT('Ctrl Pts',(-20.0853051595262,35.4641972103822,4.63368361974778));
#6711=CARTESIAN_POINT('Ctrl Pts',(-19.597099967347,38.4087859759365,5.94606014639009));
#6712=CARTESIAN_POINT('Ctrl Pts',(-18.7784860686201,41.2925286146027,7.09583206781682));
#6713=CARTESIAN_POINT('Ctrl Pts',(-17.6100662222384,44.1070275616021,7.97455332022564));
#6714=CARTESIAN_POINT('Ctrl Pts',(-16.5882833357799,45.8992234735397,8.25000000001423));
#6715=CARTESIAN_POINT('Ctrl Pts',(-16.0225039837225,46.7545746658124,8.25));
#6716=CARTESIAN_POINT('Origin',(-20.1927525178121,49.5130211786024,8.25));
#6717=CARTESIAN_POINT('Ctrl Pts',(-20.1927525178121,49.5130211786024,3.25));
#6718=CARTESIAN_POINT('Ctrl Pts',(-18.5890235825322,51.937555499068,3.25));
#6719=CARTESIAN_POINT('Ctrl Pts',(-16.6073029262785,54.1168032202181,3.25));
#6720=CARTESIAN_POINT('Ctrl Pts',(-14.3112568454828,55.8999999999977,3.25));
#6721=CARTESIAN_POINT('Ctrl Pts',(-19.5688847959864,49.1003585452737,3.25));
#6722=CARTESIAN_POINT('Ctrl Pts',(-18.0074765494409,51.4609120021128,3.25));
#6723=CARTESIAN_POINT('Ctrl Pts',(-16.0803885912468,53.5789378483941,3.25));
#6724=CARTESIAN_POINT('Ctrl Pts',(-13.8524499730598,55.3092397803661,3.25));
#6725=CARTESIAN_POINT('Ctrl Pts',(-18.323716100955,48.2767310764149,3.59228670947898));
#6726=CARTESIAN_POINT('Ctrl Pts',(-16.846816387841,50.5095236410174,3.59228670947898));
#6727=CARTESIAN_POINT('Ctrl Pts',(-15.0286613563321,52.5054716046087,3.59228670947898));
#6728=CARTESIAN_POINT('Ctrl Pts',(-12.9367238750105,54.1301498771372,3.59228670947898));
#6729=CARTESIAN_POINT('Ctrl Pts',(-16.5696391164381,47.1164818726676,5.26493041731834));
#6730=CARTESIAN_POINT('Ctrl Pts',(-15.2115657678768,49.1696314859606,5.26493041731834));
#6731=CARTESIAN_POINT('Ctrl Pts',(-13.5474427799233,50.9929963026773,5.26493041731835));
#6732=CARTESIAN_POINT('Ctrl Pts',(-11.6467347521557,52.4691585028897,5.26493041731835));
#6733=CARTESIAN_POINT('Ctrl Pts',(-16.0225039837225,46.7545746658124,7.12800262371793));
#6734=CARTESIAN_POINT('Ctrl Pts',(-14.701857725427,48.7511416092611,7.12800262371793));
#6735=CARTESIAN_POINT('Ctrl Pts',(-13.0848347384774,50.5216751610817,7.12800262371793));
#6736=CARTESIAN_POINT('Ctrl Pts',(-11.2443588153155,51.9510588162681,7.12800262371793));
#6737=CARTESIAN_POINT('Ctrl Pts',(-16.0225039837225,46.7545746658124,8.25));
#6738=CARTESIAN_POINT('Ctrl Pts',(-14.7015237136484,48.7516465717912,8.25));
#6739=CARTESIAN_POINT('Ctrl Pts',(-13.0853722697747,50.5212576938163,8.25));
#6740=CARTESIAN_POINT('Ctrl Pts',(-11.2443588153155,51.9510588162681,8.25));
#6741=CARTESIAN_POINT('Origin',(-14.3112568454828,55.8999999999977,8.25));
#6742=CARTESIAN_POINT('Ctrl Pts',(-16.0713517367635,54.3997261110581,3.25));
#6743=CARTESIAN_POINT('Ctrl Pts',(-17.0117567095205,53.52217121939,3.25));
#6744=CARTESIAN_POINT('Ctrl Pts',(-17.8872796309932,52.5748704905858,3.25));
#6745=CARTESIAN_POINT('Ctrl Pts',(-18.6924006831783,51.5708950749424,3.25));
#6746=CARTESIAN_POINT('Ctrl Pts',(14.2257518523293,55.8999999668524,3.25));
#6747=CARTESIAN_POINT('Ctrl Pts',(16.5216598983421,54.1169103822557,3.25));
#6748=CARTESIAN_POINT('Ctrl Pts',(18.5034443964288,51.9376676002432,3.25));
#6749=CARTESIAN_POINT('Ctrl Pts',(20.1072474820158,49.5130211785494,3.25));
#6750=CARTESIAN_POINT('Ctrl Pts',(13.766944978641,55.3092397482036,3.25));
#6751=CARTESIAN_POINT('Ctrl Pts',(15.9947496566104,53.5790418316529,3.25));
#6752=CARTESIAN_POINT('Ctrl Pts',(17.9218993200837,51.461021145058,3.25));
#6753=CARTESIAN_POINT('Ctrl Pts',(19.4833797601891,49.1003585452222,3.25));
#6754=CARTESIAN_POINT('Ctrl Pts',(12.8512187072074,54.1301496269379,3.59228654666018));
#6755=CARTESIAN_POINT('Ctrl Pts',(14.9430304245893,52.5055690202893,3.59228654666018));
#6756=CARTESIAN_POINT('Ctrl Pts',(16.7612428335068,50.509626723114,3.59228654666018));
#6757=CARTESIAN_POINT('Ctrl Pts',(18.2382108328287,48.2767309226913,3.59228654666018));
#6758=CARTESIAN_POINT('Ctrl Pts',(11.5612293367153,52.469157941176,5.26493017488548));
#6759=CARTESIAN_POINT('Ctrl Pts',(13.4618230971024,50.9930844788345,5.26493017488548));
#6760=CARTESIAN_POINT('Ctrl Pts',(15.1259973757275,49.169726042524,5.26493017488548));
#6761=CARTESIAN_POINT('Ctrl Pts',(16.484133516419,47.1164814994163,5.26493017488548));
#6762=CARTESIAN_POINT('Ctrl Pts',(11.158853813704,51.9510587896916,7.12800262371793));
#6763=CARTESIAN_POINT('Ctrl Pts',(12.9992190905906,50.5217610602948,7.12800262371793));
#6764=CARTESIAN_POINT('Ctrl Pts',(14.6162916279801,48.7512339228652,7.12800262371793));
#6765=CARTESIAN_POINT('Ctrl Pts',(15.9369989479199,46.7545746657688,7.12800262371793));
#6766=CARTESIAN_POINT('Ctrl Pts',(11.158853813704,51.9510587896916,8.25));
#6767=CARTESIAN_POINT('Ctrl Pts',(12.999756589572,50.5213436181254,8.25));
#6768=CARTESIAN_POINT('Ctrl Pts',(14.6159576007581,48.7517389087428,8.25));
#6769=CARTESIAN_POINT('Ctrl Pts',(15.9369989479199,46.7545746657688,8.25));
#6770=CARTESIAN_POINT('Origin',(14.2257518523293,55.8999999668524,8.25));
#6771=CARTESIAN_POINT('Origin',(-20.1927525179157,32.5,1.54523053441057));
#6772=CARTESIAN_POINT('',(-20.1927525179157,55.9,1.25));
#6773=CARTESIAN_POINT('',(-20.1927525179157,55.9,3.25));
#6774=CARTESIAN_POINT('',(-20.1927525179157,52.1152273387586,1.25));
#6775=CARTESIAN_POINT('',(-20.1927525179157,65.0427525179158,1.25));
#6776=CARTESIAN_POINT('',(-20.1927525179157,52.5427525179157,0.0753842240176145));
#6777=CARTESIAN_POINT('',(-20.1927525179157,52.1152273387586,1.25));
#6778=CARTESIAN_POINT('',(-20.1927525179157,42.5427525179157,0.0753842240176161));
#6779=CARTESIAN_POINT('',(-20.1927525179157,52.5427525179157,0.0753842240176143));
#6780=CARTESIAN_POINT('',(-20.1927525179157,42.9702776970728,1.25));
#6781=CARTESIAN_POINT('',(-20.1927525179157,42.5427525179157,0.0753842240176161));
#6782=CARTESIAN_POINT('',(-20.1927525179157,22.0297223029272,1.25000000000132));
#6783=CARTESIAN_POINT('',(-20.1927525179157,42.9702776970728,1.25));
#6784=CARTESIAN_POINT('',(-20.1927525179157,22.5427525179157,-0.159538931177538));
#6785=CARTESIAN_POINT('',(-20.1927525179157,22.0297223029272,1.25000000000132));
#6786=CARTESIAN_POINT('',(-20.1927525179157,12.5427525179157,-0.159538931178863));
#6787=CARTESIAN_POINT('',(-20.1927525179157,22.5427525179157,-0.159538931177538));
#6788=CARTESIAN_POINT('',(-20.1927525179157,13.0557827329042,1.25));
#6789=CARTESIAN_POINT('',(-20.1927525179157,12.5427525179157,-0.159538931178862));
#6790=CARTESIAN_POINT('',(-20.1927525179157,13.0557827329042,1.25));
#6791=CARTESIAN_POINT('Ctrl Pts',(-0.0427525179157051,55.9,3.25));
#6792=CARTESIAN_POINT('Ctrl Pts',(-0.0368351493712465,55.9,3.25035971225621));
#6793=CARTESIAN_POINT('Ctrl Pts',(-0.0309174020967051,55.8999994602888,
3.25071946300882));
#6794=CARTESIAN_POINT('Ctrl Pts',(0.925476260568662,55.8998059807815,3.30885404494385));
#6795=CARTESIAN_POINT('Ctrl Pts',(2.8263359256735,55.8698575462888,3.42442821220639));
#6796=CARTESIAN_POINT('Ctrl Pts',(5.69268835155932,55.7373972949275,3.56296062260477));
#6797=CARTESIAN_POINT('Ctrl Pts',(8.48592648553455,55.5356166061239,3.62415332849885));
#6798=CARTESIAN_POINT('Ctrl Pts',(11.1707955526821,55.3005427245047,3.57060785258453));
#6799=CARTESIAN_POINT('Ctrl Pts',(12.8457837831357,55.1678079283802,3.43539096339012));
#6800=CARTESIAN_POINT('Ctrl Pts',(13.6277377956143,55.1299964637584,3.34597371609876));
#6801=CARTESIAN_POINT('Ctrl Pts',(-0.0427525179157051,55.9,3.25));
#6802=CARTESIAN_POINT('Ctrl Pts',(-0.0370052209871129,55.8999988897331,
3.25071908870968));
#6803=CARTESIAN_POINT('Ctrl Pts',(-0.0312580995501583,55.900000064699,3.25144006774568));
#6804=CARTESIAN_POINT('Ctrl Pts',(0.897661104486463,55.8995767747234,3.36762267914331));
#6805=CARTESIAN_POINT('Ctrl Pts',(2.74375407602944,55.8422644738607,3.59911290282317));
#6806=CARTESIAN_POINT('Ctrl Pts',(5.52068751544947,55.5873800759169,3.88178390478739));
#6807=CARTESIAN_POINT('Ctrl Pts',(8.2105400249371,55.1956488625684,4.02108679402016));
#6808=CARTESIAN_POINT('Ctrl Pts',(10.7668359757963,54.7312203797989,3.94408044458292));
#6809=CARTESIAN_POINT('Ctrl Pts',(12.325549629414,54.4563606236038,3.70300892582825));
#6810=CARTESIAN_POINT('Ctrl Pts',(13.0370685295929,54.3694500871943,3.53741883564312));
#6811=CARTESIAN_POINT('Ctrl Pts',(-0.0427525179157051,55.9,3.25));
#6812=CARTESIAN_POINT('Ctrl Pts',(-0.0374024026727909,55.8999982765706,
3.251558896494));
#6813=CARTESIAN_POINT('Ctrl Pts',(-0.0320525569103498,55.8999998415842,
3.25311979075937));
#6814=CARTESIAN_POINT('Ctrl Pts',(0.832653615100558,55.8992387870696,3.50504617007721));
#6815=CARTESIAN_POINT('Ctrl Pts',(2.55119105064062,55.7956508353826,4.00635577231283));
#6816=CARTESIAN_POINT('Ctrl Pts',(5.12196897164192,55.3277094299785,4.66428941648897));
#6817=CARTESIAN_POINT('Ctrl Pts',(7.57963909992487,54.5820259554414,5.09851049287704));
#6818=CARTESIAN_POINT('Ctrl Pts',(9.85612555769502,53.6334895332531,5.18070833422717));
#6819=CARTESIAN_POINT('Ctrl Pts',(11.1722534880328,52.9736037782802,4.90116272017979));
#6820=CARTESIAN_POINT('Ctrl Pts',(11.7403316464529,52.6997702894958,4.66467076474149));
#6821=CARTESIAN_POINT('Ctrl Pts',(-0.0427525179157051,55.9,3.25));
#6822=CARTESIAN_POINT('Ctrl Pts',(-0.0378000180106721,55.8999992488472,
3.25239926502966));
#6823=CARTESIAN_POINT('Ctrl Pts',(-0.0328464709775524,55.8999986877193,
3.25479863943061));
#6824=CARTESIAN_POINT('Ctrl Pts',(0.767563134549957,55.8992828253683,3.64266951068631));
#6825=CARTESIAN_POINT('Ctrl Pts',(2.35869748659287,55.7897585312679,4.41334367222715));
#6826=CARTESIAN_POINT('Ctrl Pts',(4.74800971488732,55.2884502031338,5.49879355918077));
#6827=CARTESIAN_POINT('Ctrl Pts',(7.05533872132973,54.4610363040076,6.38993892912039));
#6828=CARTESIAN_POINT('Ctrl Pts',(9.2368254177136,53.3327110859979,6.96722587243753));
#6829=CARTESIAN_POINT('Ctrl Pts',(10.5580491185637,52.418013750697,7.0290366053088));
#6830=CARTESIAN_POINT('Ctrl Pts',(11.1588538094997,51.9510587929568,6.94090551633788));
#6831=CARTESIAN_POINT('Ctrl Pts',(-0.0427525179157051,55.9,3.25));
#6832=CARTESIAN_POINT('Ctrl Pts',(-0.0380267890899343,55.9,3.25287919986078));
#6833=CARTESIAN_POINT('Ctrl Pts',(-0.0333007618901325,55.899998167035,3.25575859332432));
#6834=CARTESIAN_POINT('Ctrl Pts',(0.730495369086965,55.8993512801889,3.72110619962915));
#6835=CARTESIAN_POINT('Ctrl Pts',(2.24854632518956,55.7996570794595,4.64612585655483));
#6836=CARTESIAN_POINT('Ctrl Pts',(4.55027454627726,55.3386212249289,5.97564390915271));
#6837=CARTESIAN_POINT('Ctrl Pts',(6.81961930097961,54.5590778609809,7.12842708957498));
#6838=CARTESIAN_POINT('Ctrl Pts',(9.04304370575725,53.4507475231723,7.99002532901564));
#6839=CARTESIAN_POINT('Ctrl Pts',(10.4738139325513,52.4830868381311,8.25000000439886));
#6840=CARTESIAN_POINT('Ctrl Pts',(11.158853813704,51.9510587896916,8.25));
#6841=CARTESIAN_POINT('Ctrl Pts',(20.1072474819807,15.4869788213976,3.25));
#6842=CARTESIAN_POINT('Ctrl Pts',(18.5035185467008,13.062444500932,3.25));
#6843=CARTESIAN_POINT('Ctrl Pts',(16.521797890447,10.8831967797819,3.25));
#6844=CARTESIAN_POINT('Ctrl Pts',(14.2257518096514,9.10000000000229,3.25));
#6845=CARTESIAN_POINT('Ctrl Pts',(19.483379760155,15.8996414547263,3.25));
#6846=CARTESIAN_POINT('Ctrl Pts',(17.9219715136095,13.5390879978872,3.25));
#6847=CARTESIAN_POINT('Ctrl Pts',(15.9948835554154,11.4210621516059,3.25));
#6848=CARTESIAN_POINT('Ctrl Pts',(13.7669449372284,9.69076021963387,3.25));
#6849=CARTESIAN_POINT('Ctrl Pts',(18.2380862148606,16.723351506858,3.59219589898326));
#6850=CARTESIAN_POINT('Ctrl Pts',(16.7611865017466,14.4905589422554,3.59219589898326));
#6851=CARTESIAN_POINT('Ctrl Pts',(14.9430645027055,12.4946466200825,3.59219589898326));
#6852=CARTESIAN_POINT('Ctrl Pts',(12.8511270213839,10.8699683475541,3.59219589898326));
#6853=CARTESIAN_POINT('Ctrl Pts',(16.4838130320169,17.8837304876644,5.2647941109255));
#6854=CARTESIAN_POINT('Ctrl Pts',(15.1257396834555,15.8305808743714,5.2647941109255));
#6855=CARTESIAN_POINT('Ctrl Pts',(13.4617016374714,14.0073077084597,5.2647941109255));
#6856=CARTESIAN_POINT('Ctrl Pts',(11.5609936097038,12.5311455082473,5.2647941109255));
#6857=CARTESIAN_POINT('Ctrl Pts',(15.9369989478911,18.2454253341876,7.12800262371793));
#6858=CARTESIAN_POINT('Ctrl Pts',(14.6163526895956,16.2488583907389,7.12800262371793));
#6859=CARTESIAN_POINT('Ctrl Pts',(12.9993297026459,14.4783248389183,7.12800262371793));
#6860=CARTESIAN_POINT('Ctrl Pts',(11.1588537794841,13.0489411837319,7.12800262371793));
#6861=CARTESIAN_POINT('Ctrl Pts',(15.9369989478911,18.2454253341876,8.25));
#6862=CARTESIAN_POINT('Ctrl Pts',(14.616018677817,16.2483534282089,8.25));
#6863=CARTESIAN_POINT('Ctrl Pts',(12.9998672339433,14.4787423061837,8.25));
#6864=CARTESIAN_POINT('Ctrl Pts',(11.1588537794841,13.0489411837319,8.25));
#6865=CARTESIAN_POINT('Origin',(14.2257518096514,9.10000000000231,8.25));
#6866=CARTESIAN_POINT('Ctrl Pts',(13.6277377594398,9.8700035306361,3.34597371962986));
#6867=CARTESIAN_POINT('Ctrl Pts',(12.8457837482135,9.83219206543569,3.43539096549274));
#6868=CARTESIAN_POINT('Ctrl Pts',(11.591338962668,9.73285961987821,3.53696058503709));
#6869=CARTESIAN_POINT('Ctrl Pts',(9.82655838604334,9.58167390984783,3.5973888034284));
#6870=CARTESIAN_POINT('Ctrl Pts',(8.47466875353094,9.46884756128685,3.60993171436164));
#6871=CARTESIAN_POINT('Ctrl Pts',(7.09011316842178,9.36360040716446,3.59362164010529));
#6872=CARTESIAN_POINT('Ctrl Pts',(5.21485164061587,9.24053656236411,3.53987558293116));
#6873=CARTESIAN_POINT('Ctrl Pts',(2.82688215477668,9.13021430197841,3.42446391022506));
#6874=CARTESIAN_POINT('Ctrl Pts',(0.925458768505404,9.10019437256235,3.30885364439135));
#6875=CARTESIAN_POINT('Ctrl Pts',(-0.0309173253313952,9.10000053846958,
3.25071946484022));
#6876=CARTESIAN_POINT('Ctrl Pts',(-0.0368351493714972,9.1,3.25035971225503));
#6877=CARTESIAN_POINT('Ctrl Pts',(-0.0427525179157007,9.1,3.25));
#6878=CARTESIAN_POINT('Ctrl Pts',(12.8401787420723,10.8840653637029,3.60123388300006));
#6879=CARTESIAN_POINT('Ctrl Pts',(12.1533171600852,10.7810792728525,3.79383495835981));
#6880=CARTESIAN_POINT('Ctrl Pts',(11.01392770313,10.5404095652444,3.99982378151367));
#6881=CARTESIAN_POINT('Ctrl Pts',(9.37424114019499,10.1873479678141,4.11226083148726));
#6882=CARTESIAN_POINT('Ctrl Pts',(8.10360816549248,9.92859274754302,4.12321606308434));
#6883=CARTESIAN_POINT('Ctrl Pts',(6.7921695885253,9.68974456866778,4.07171560780583));
#6884=CARTESIAN_POINT('Ctrl Pts',(5.00559037197864,9.41281784503417,3.93358945176263));
#6885=CARTESIAN_POINT('Ctrl Pts',(2.71691324651185,9.16686974277427,3.65749692584871));
#6886=CARTESIAN_POINT('Ctrl Pts',(0.888334017086204,9.10039647924278,3.38741402552329));
#6887=CARTESIAN_POINT('Ctrl Pts',(-0.0313713606146137,9.10000134953827,
3.25167914465936));
#6888=CARTESIAN_POINT('Ctrl Pts',(-0.0370621283667183,9.1,3.25083961465702));
#6889=CARTESIAN_POINT('Ctrl Pts',(-0.0427525179157007,9.1,3.25));
#6890=CARTESIAN_POINT('Ctrl Pts',(11.5834128666135,12.5022784490713,4.97365039791154));
#6891=CARTESIAN_POINT('Ctrl Pts',(11.0267301126378,12.1909697292298,5.19238829067331));
#6892=CARTESIAN_POINT('Ctrl Pts',(10.0595229409183,11.6515270473153,5.3728516221078));
#6893=CARTESIAN_POINT('Ctrl Pts',(8.61174756311183,10.9692097642607,5.35623681144339));
#6894=CARTESIAN_POINT('Ctrl Pts',(7.47117889564823,10.4979677989934,5.23880075077213));
#6895=CARTESIAN_POINT('Ctrl Pts',(6.27945320582981,10.0807736099407,5.03270686218895));
#6896=CARTESIAN_POINT('Ctrl Pts',(4.641716107331,9.61118194691295,4.66352934551739));
#6897=CARTESIAN_POINT('Ctrl Pts',(2.52416904716647,9.20803059189649,4.06445892716726));
#6898=CARTESIAN_POINT('Ctrl Pts',(0.823322776743457,9.10070807086953,3.52478059723291));
#6899=CARTESIAN_POINT('Ctrl Pts',(-0.0321657395947224,9.10000189204346,
3.25335907087624));
#6900=CARTESIAN_POINT('Ctrl Pts',(-0.0374593416083552,9.1,3.25167944386049));
#6901=CARTESIAN_POINT('Ctrl Pts',(-0.0427525179157007,9.1,3.25));
#6902=CARTESIAN_POINT('Ctrl Pts',(11.1588537794839,13.0489411837318,7.26817913984043));
#6903=CARTESIAN_POINT('Ctrl Pts',(10.5372344088579,12.5653863593094,7.3330652516168));
#6904=CARTESIAN_POINT('Ctrl Pts',(9.5269991963443,11.8703208139544,7.25130412744696));
#6905=CARTESIAN_POINT('Ctrl Pts',(8.09104134410209,11.0750402741179,6.8977881771828));
#6906=CARTESIAN_POINT('Ctrl Pts',(6.98515528704216,10.5534893119304,6.53668944948967));
#6907=CARTESIAN_POINT('Ctrl Pts',(5.84825538262725,10.1069097098658,6.09630866414764));
#6908=CARTESIAN_POINT('Ctrl Pts',(4.30399810606993,9.61694423544244,5.42678975573073));
#6909=CARTESIAN_POINT('Ctrl Pts',(2.33159221895837,9.20797492425622,4.47173240195839));
#6910=CARTESIAN_POINT('Ctrl Pts',(0.758339964432347,9.10068746506017,3.6621972833115));
#6911=CARTESIAN_POINT('Ctrl Pts',(-0.0329602385873491,9.10000199987457,
3.25503878503278));
#6912=CARTESIAN_POINT('Ctrl Pts',(-0.0378565548499921,9.1,3.25251927306397));
#6913=CARTESIAN_POINT('Ctrl Pts',(-0.0427525179157008,9.1,3.25));
#6914=CARTESIAN_POINT('Ctrl Pts',(11.1588537794841,13.0489411837319,8.25));
#6915=CARTESIAN_POINT('Ctrl Pts',(10.4738139003423,12.5169131392064,8.25000000000031));
#6916=CARTESIAN_POINT('Ctrl Pts',(9.40218624833664,11.7917036514459,8.05572943712115));
#6917=CARTESIAN_POINT('Ctrl Pts',(7.92985715983734,10.9943880224867,7.55851990217311));
#6918=CARTESIAN_POINT('Ctrl Pts',(6.81572240367923,10.4826531751284,7.09305221098307));
#6919=CARTESIAN_POINT('Ctrl Pts',(5.68559723605282,10.051499491465,6.55233717642078));
#6920=CARTESIAN_POINT('Ctrl Pts',(4.16655995732526,9.58445549479197,5.75405804693511));
#6921=CARTESIAN_POINT('Ctrl Pts',(2.24898639227,9.20055286173704,4.64635131453045));
#6922=CARTESIAN_POINT('Ctrl Pts',(0.730481174199529,9.10064450945114,3.72110090186023));
#6923=CARTESIAN_POINT('Ctrl Pts',(-0.0333006996057377,9.10000185179044,
3.25575861677084));
#6924=CARTESIAN_POINT('Ctrl Pts',(-0.0380267890964079,9.1,3.25287919986546));
#6925=CARTESIAN_POINT('Ctrl Pts',(-0.0427525179157008,9.1,3.25));
#6926=CARTESIAN_POINT('Ctrl Pts',(-14.3112568881606,9.10000003314752,3.25));
#6927=CARTESIAN_POINT('Ctrl Pts',(-16.6071649341735,10.8830896177443,3.25));
#6928=CARTESIAN_POINT('Ctrl Pts',(-18.5889494322603,13.0623323997568,3.25));
#6929=CARTESIAN_POINT('Ctrl Pts',(-20.1927525178472,15.4869788214506,3.25));
#6930=CARTESIAN_POINT('Ctrl Pts',(-13.8524500144723,9.69076025179641,3.25));
#6931=CARTESIAN_POINT('Ctrl Pts',(-16.0802546924418,11.420958168347,3.25));
#6932=CARTESIAN_POINT('Ctrl Pts',(-18.0074043559151,13.538978854942,3.25));
#6933=CARTESIAN_POINT('Ctrl Pts',(-19.5688847960206,15.8996414547779,3.25));
#6934=CARTESIAN_POINT('Ctrl Pts',(-12.9366324619564,10.8699679066808,3.59219627647982));
#6935=CARTESIAN_POINT('Ctrl Pts',(-15.0284441793383,12.4945485133294,3.59219627647982));
#6936=CARTESIAN_POINT('Ctrl Pts',(-16.8466237488768,14.4904553774255,3.59219627647982));
#6937=CARTESIAN_POINT('Ctrl Pts',(-18.3235917481987,16.7233511778481,3.59219627647982));
#6938=CARTESIAN_POINT('Ctrl Pts',(-11.6464996836543,12.5311442444914,5.26479468251868));
#6939=CARTESIAN_POINT('Ctrl Pts',(-13.5470934440415,14.0072177068329,5.26479468251868));
#6940=CARTESIAN_POINT('Ctrl Pts',(-15.2111832907415,15.8304850426664,5.26479468251868));
#6941=CARTESIAN_POINT('Ctrl Pts',(-16.569319431433,17.8837295857742,5.26479468251868));
#6942=CARTESIAN_POINT('Ctrl Pts',(-11.2443588495354,13.0489412103084,7.12800262371793));
#6943=CARTESIAN_POINT('Ctrl Pts',(-13.084724126422,14.4782389397052,7.12800262371793));
#6944=CARTESIAN_POINT('Ctrl Pts',(-14.7017966638115,16.2487660771348,7.12800262371793));
#6945=CARTESIAN_POINT('Ctrl Pts',(-16.0225039837514,18.2454253342313,7.12800262371793));
#6946=CARTESIAN_POINT('Ctrl Pts',(-11.2443588495354,13.0489412103084,8.25));
#6947=CARTESIAN_POINT('Ctrl Pts',(-13.0852616254034,14.4786563818746,8.25));
#6948=CARTESIAN_POINT('Ctrl Pts',(-14.7014626365895,16.2482610912572,8.25));
#6949=CARTESIAN_POINT('Ctrl Pts',(-16.0225039837514,18.2454253342313,8.25));
#6950=CARTESIAN_POINT('Origin',(-14.3112568881606,9.10000003314754,8.25));
#6951=CARTESIAN_POINT('Origin',(-20.1927525178472,15.4869788214506,8.25));
#6952=CARTESIAN_POINT('Ctrl Pts',(-18.6923991526963,13.4291061528494,3.25));
#6953=CARTESIAN_POINT('Ctrl Pts',(-17.8872595941315,12.4251096249668,3.25));
#6954=CARTESIAN_POINT('Ctrl Pts',(-17.0117312182621,11.4778094000406,3.25));
#6955=CARTESIAN_POINT('Ctrl Pts',(-16.071350428204,10.6002752906413,3.25));
#6956=CARTESIAN_POINT('Ctrl Pts',(-0.0427525179157095,9.1,3.25));
#6957=CARTESIAN_POINT('Ctrl Pts',(-0.0486698864598969,9.1,3.25035971225503));
#6958=CARTESIAN_POINT('Ctrl Pts',(-0.0545971500228255,9.10000615022461,
3.25071992758236));
#6959=CARTESIAN_POINT('Ctrl Pts',(-2.905372863402,9.09671053815182,3.42408350219447));
#6960=CARTESIAN_POINT('Ctrl Pts',(-6.78384551943166,9.30215527479863,3.66019234667402));
#6961=CARTESIAN_POINT('Ctrl Pts',(-11.2563729761405,9.70152925394482,3.57058626621328));
#6962=CARTESIAN_POINT('Ctrl Pts',(-12.9312888215093,9.83219206814038,3.43539096208496));
#6963=CARTESIAN_POINT('Ctrl Pts',(-13.7132428343334,9.87000353252349,3.34597371516283));
#6964=CARTESIAN_POINT('Ctrl Pts',(-0.0427525179157095,9.1,3.25));
#6965=CARTESIAN_POINT('Ctrl Pts',(-0.0483763705562168,9.09962963845344,
3.25079576494482));
#6966=CARTESIAN_POINT('Ctrl Pts',(-0.0542047635230186,9.1003511562758,3.25172107667104));
#6967=CARTESIAN_POINT('Ctrl Pts',(-2.79452538789333,9.09054720027557,3.65507124429235));
#6968=CARTESIAN_POINT('Ctrl Pts',(-6.52953505655813,9.54563506450213,4.21005403624058));
#6969=CARTESIAN_POINT('Ctrl Pts',(-10.7183564530856,10.4632210874893,4.06866192572578));
#6970=CARTESIAN_POINT('Ctrl Pts',(-12.2372905979418,10.7792461143791,3.79214480933627));
#6971=CARTESIAN_POINT('Ctrl Pts',(-12.9256838122711,10.884065368844,3.60123387350101));
#6972=CARTESIAN_POINT('Ctrl Pts',(-0.0427525179157095,9.1,3.25));
#6973=CARTESIAN_POINT('Ctrl Pts',(-0.0479408477795311,9.0996758841828,3.25166739644878));
#6974=CARTESIAN_POINT('Ctrl Pts',(-0.0534458668463853,9.10031010513807,
3.25337636767186));
#6975=CARTESIAN_POINT('Ctrl Pts',(-2.60095551633044,9.09142990405873,4.0600114362289));
#6976=CARTESIAN_POINT('Ctrl Pts',(-6.08205243543834,9.7892322263519,5.17866125131115));
#6977=CARTESIAN_POINT('Ctrl Pts',(-9.82168627637608,11.4754829211145,5.43366444054081));
#6978=CARTESIAN_POINT('Ctrl Pts',(-11.1125232699132,12.1883764815083,5.19451151710732));
#6979=CARTESIAN_POINT('Ctrl Pts',(-11.6693939480916,12.5016655435321,4.97455667272231));
#6980=CARTESIAN_POINT('Ctrl Pts',(-0.0427525179157094,9.1,3.25));
#6981=CARTESIAN_POINT('Ctrl Pts',(-0.0475966439784685,9.09976441292185,
3.2525584187441));
#6982=CARTESIAN_POINT('Ctrl Pts',(-0.0526003979002651,9.10022222986462,
3.25501158060097));
#6983=CARTESIAN_POINT('Ctrl Pts',(-2.41043917236578,9.09686419043234,4.46613860817908));
#6984=CARTESIAN_POINT('Ctrl Pts',(-5.62207989547045,9.76202261756379,6.13790822531486));
#6985=CARTESIAN_POINT('Ctrl Pts',(-9.27413231231094,11.6394863707218,7.22489045150939));
#6986=CARTESIAN_POINT('Ctrl Pts',(-10.6223029794787,12.5647112267405,7.33438020856672));
#6987=CARTESIAN_POINT('Ctrl Pts',(-11.2443588463822,13.0489412078595,7.26817913656771));
#6988=CARTESIAN_POINT('Ctrl Pts',(-0.0427525179157094,9.1,3.25));
#6989=CARTESIAN_POINT('Ctrl Pts',(-0.0474782467349807,9.1,3.25287919986546));
#6990=CARTESIAN_POINT('Ctrl Pts',(-0.0522115746020109,9.10000308664122,
3.25576813257026));
#6991=CARTESIAN_POINT('Ctrl Pts',(-2.32910772714649,9.1010701643324,4.639466409165));
#6992=CARTESIAN_POINT('Ctrl Pts',(-5.42506312801653,9.70239918637327,6.54926766065658));
#6993=CARTESIAN_POINT('Ctrl Pts',(-9.1284737971456,11.5492644356095,7.99216058442415));
#6994=CARTESIAN_POINT('Ctrl Pts',(-10.5593189683826,12.5169131618688,8.25000000439885));
#6995=CARTESIAN_POINT('Ctrl Pts',(-11.2443588495354,13.0489412103084,8.25));
#6996=CARTESIAN_POINT('Ctrl Pts',(-19.3835972024497,16.0222015162115,3.345022493163));
#6997=CARTESIAN_POINT('Ctrl Pts',(-19.4314237100215,16.9865689673236,3.44236285251018));
#6998=CARTESIAN_POINT('Ctrl Pts',(-19.5456001135712,18.523285890528,3.5460376757093));
#6999=CARTESIAN_POINT('Ctrl Pts',(-19.7076057462649,20.6672656879378,3.60330917053607));
#7000=CARTESIAN_POINT('Ctrl Pts',(-19.8251814207643,22.3032162383803,3.61245555004244));
#7001=CARTESIAN_POINT('Ctrl Pts',(-19.9319068145943,23.9642634567067,3.5932148895106));
#7002=CARTESIAN_POINT('Ctrl Pts',(-20.0548046375812,26.2102206592313,3.5369914180806));
#7003=CARTESIAN_POINT('Ctrl Pts',(-20.1630670738104,29.0570866680215,3.42202629738137));
#7004=CARTESIAN_POINT('Ctrl Pts',(-20.1925724986396,31.3432872110399,3.30780250005773));
#7005=CARTESIAN_POINT('Ctrl Pts',(-20.1927519891295,32.4861311979659,3.250693032553));
#7006=CARTESIAN_POINT('Ctrl Pts',(-20.1927525179157,32.4930656233325,3.25034651672102));
#7007=CARTESIAN_POINT('Ctrl Pts',(-20.1927525179157,32.5,3.25));
#7008=CARTESIAN_POINT('Ctrl Pts',(-18.5797007328671,16.5539457024439,3.53566121808424));
#7009=CARTESIAN_POINT('Ctrl Pts',(-18.6860826108135,17.4460762000549,3.71642909220935));
#7010=CARTESIAN_POINT('Ctrl Pts',(-18.9219105986339,18.8986534795869,3.90159830236086));
#7011=CARTESIAN_POINT('Ctrl Pts',(-19.245606446839,20.9567012176169,3.9946319468074));
#7012=CARTESIAN_POINT('Ctrl Pts',(-19.4778292004787,22.5380752614967,3.99990379061148));
#7013=CARTESIAN_POINT('Ctrl Pts',(-19.6868233963603,24.1514832690785,3.95183136043271));
#7014=CARTESIAN_POINT('Ctrl Pts',(-19.9261150734569,26.3406044375479,3.8303507083947));
#7015=CARTESIAN_POINT('Ctrl Pts',(-20.1354957239428,29.1253774258536,3.59524428980421));
#7016=CARTESIAN_POINT('Ctrl Pts',(-20.1923983104601,31.3662221170955,3.36598436235718));
#7017=CARTESIAN_POINT('Ctrl Pts',(-20.1927515275483,32.486406110898,3.25139039013795));
#7018=CARTESIAN_POINT('Ctrl Pts',(-20.1927525179157,32.493203088644,3.25069522475425));
#7019=CARTESIAN_POINT('Ctrl Pts',(-20.1927525179157,32.5,3.25));
#7020=CARTESIAN_POINT('Ctrl Pts',(-16.8135787588259,17.7221621673776,4.66151708891583));
#7021=CARTESIAN_POINT('Ctrl Pts',(-17.1310473779809,18.4658187624059,4.91873514451329));
#7022=CARTESIAN_POINT('Ctrl Pts',(-17.6831901508765,19.741922214219,5.13320941262235));
#7023=CARTESIAN_POINT('Ctrl Pts',(-18.3668989080378,21.6141123399198,5.15045998248515));
#7024=CARTESIAN_POINT('Ctrl Pts',(-18.8344689021781,23.0755357081938,5.05619786839133));
#7025=CARTESIAN_POINT('Ctrl Pts',(-19.2424045699678,24.5825197449232,4.87553763318081));
#7026=CARTESIAN_POINT('Ctrl Pts',(-19.6987788667857,26.6429536893725,4.54349847416843));
#7027=CARTESIAN_POINT('Ctrl Pts',(-20.0877949650932,29.284627521914,3.99906698313622));
#7028=CARTESIAN_POINT('Ctrl Pts',(-20.1921046119961,31.4197242879599,3.50169140952519));
#7029=CARTESIAN_POINT('Ctrl Pts',(-20.1927506819581,32.4870476269454,3.25301776999827));
#7030=CARTESIAN_POINT('Ctrl Pts',(-20.1927525179157,32.4935238410376,3.25150887683178));
#7031=CARTESIAN_POINT('Ctrl Pts',(-20.1927525179157,32.5,3.25));
#7032=CARTESIAN_POINT('Ctrl Pts',(-16.0225039837568,18.2454253342395,6.93997402106238));
#7033=CARTESIAN_POINT('Ctrl Pts',(-16.5352392578003,19.016079596372,7.03665990847674));
#7034=CARTESIAN_POINT('Ctrl Pts',(-17.2725065762698,20.2882498536651,6.984041354834));
#7035=CARTESIAN_POINT('Ctrl Pts',(-18.115722939819,22.1087255167891,6.66776992526399));
#7036=CARTESIAN_POINT('Ctrl Pts',(-18.6669234639041,23.5172431772706,6.33316071803916));
#7037=CARTESIAN_POINT('Ctrl Pts',(-19.1357564432332,24.9613632455925,5.92335057770161));
#7038=CARTESIAN_POINT('Ctrl Pts',(-19.6496841531455,26.9289746449053,5.29697887043022));
#7039=CARTESIAN_POINT('Ctrl Pts',(-20.0786155815249,29.4436305411476,4.40327146063941));
#7040=CARTESIAN_POINT('Ctrl Pts',(-20.1921218948618,31.4731958308832,3.63744295527536));
#7041=CARTESIAN_POINT('Ctrl Pts',(-20.1927501767369,32.487689270056,3.2546449657145));
#7042=CARTESIAN_POINT('Ctrl Pts',(-20.1927525179157,32.4938445934311,3.25232252890932));
#7043=CARTESIAN_POINT('Ctrl Pts',(-20.1927525179157,32.5,3.25));
#7044=CARTESIAN_POINT('Ctrl Pts',(-16.0225039837513,18.2454253342312,8.25));
#7045=CARTESIAN_POINT('Ctrl Pts',(-16.5882833358051,19.1007765265026,8.25000000000942));
#7046=CARTESIAN_POINT('Ctrl Pts',(-17.3540542970913,20.4432803903235,8.04392395553429));
#7047=CARTESIAN_POINT('Ctrl Pts',(-18.1948119405346,22.3015438068234,7.53468593183816));
#7048=CARTESIAN_POINT('Ctrl Pts',(-18.7343211904225,23.7148836423043,7.06246208257078));
#7049=CARTESIAN_POINT('Ctrl Pts',(-19.1871114558141,25.1475618604034,6.52147925194204));
#7050=CARTESIAN_POINT('Ctrl Pts',(-19.6788449298695,27.0829630116728,5.72704782599801));
#7051=CARTESIAN_POINT('Ctrl Pts',(-20.0849447260501,29.5348547507602,4.63398977092869));
#7052=CARTESIAN_POINT('Ctrl Pts',(-20.1921058491026,31.5038013557145,3.71498052879993));
#7053=CARTESIAN_POINT('Ctrl Pts',(-20.1927505311465,32.4880557127756,3.25557493680259));
#7054=CARTESIAN_POINT('Ctrl Pts',(-20.1927525179157,32.4940278805132,3.25278747295362));
#7055=CARTESIAN_POINT('Ctrl Pts',(-20.1927525179157,32.5,3.25));
#7056=CARTESIAN_POINT('Ctrl Pts',(-13.7132427923862,55.1299964656471,3.34597372056526));
#7057=CARTESIAN_POINT('Ctrl Pts',(-12.9312887812868,55.1678079311001,3.43539096682172));
#7058=CARTESIAN_POINT('Ctrl Pts',(-11.676940412261,55.2671092458595,3.53692159032504));
#7059=CARTESIAN_POINT('Ctrl Pts',(-9.91215913025122,55.418313034073,3.59736851123499));
#7060=CARTESIAN_POINT('Ctrl Pts',(-8.56013007706466,55.53111876766,3.60990109392638));
#7061=CARTESIAN_POINT('Ctrl Pts',(-7.17579742675628,55.6364041171398,3.59361563196349));
#7062=CARTESIAN_POINT('Ctrl Pts',(-5.76871565647836,55.7286080024124,3.55326367055171));
#7063=CARTESIAN_POINT('Ctrl Pts',(-4.34574955452841,55.8036727394075,3.49374172548459));
#7064=CARTESIAN_POINT('Ctrl Pts',(-2.91453588218496,55.8588162334602,3.42012407020182));
#7065=CARTESIAN_POINT('Ctrl Pts',(-1.48515180399855,55.8923267911465,3.33766068048943));
#7066=CARTESIAN_POINT('Ctrl Pts',(-0.535835223598134,55.8999047887211,3.27997338336517));
#7067=CARTESIAN_POINT('Ctrl Pts',(-0.0545868310919282,55.8999994372241,
3.25071940386113));
#7068=CARTESIAN_POINT('Ctrl Pts',(-0.0486698864601637,55.9,3.25035971225621));
#7069=CARTESIAN_POINT('Ctrl Pts',(-0.0427525179157051,55.9,3.25));
#7070=CARTESIAN_POINT('Ctrl Pts',(-13.1225735298855,54.3694500915229,3.53741884388319));
#7071=CARTESIAN_POINT('Ctrl Pts',(-12.4107596619585,54.4555172943303,3.70295189764757));
#7072=CARTESIAN_POINT('Ctrl Pts',(-11.2437128886978,54.6616767909998,3.88409622320364));
#7073=CARTESIAN_POINT('Ctrl Pts',(-9.57226533975833,54.9635141669474,3.98292088801353));
#7074=CARTESIAN_POINT('Ctrl Pts',(-8.28137575631354,55.1857596699794,3.99446588840391));
#7075=CARTESIAN_POINT('Ctrl Pts',(-6.95190685116486,55.3912026441975,3.95180309836324));
#7076=CARTESIAN_POINT('Ctrl Pts',(-5.59486214272241,55.5699742068227,3.86405664392223));
#7077=CARTESIAN_POINT('Ctrl Pts',(-4.21835475073084,55.7148295657668,3.74067005073122));
#7078=CARTESIAN_POINT('Ctrl Pts',(-2.83100016972521,55.820915274754,3.59117459154563));
#7079=CARTESIAN_POINT('Ctrl Pts',(-1.44362483412484,55.8852559284744,3.42543323998883));
#7080=CARTESIAN_POINT('Ctrl Pts',(-0.521646885210559,55.8998140624635,3.30997064314215));
#7081=CARTESIAN_POINT('Ctrl Pts',(-0.0542463997436861,55.8999989482302,
3.2514391875788));
#7082=CARTESIAN_POINT('Ctrl Pts',(-0.0484996522146369,55.9,3.25071963905686));
#7083=CARTESIAN_POINT('Ctrl Pts',(-0.0427525179157051,55.9,3.25));
#7084=CARTESIAN_POINT('Ctrl Pts',(-11.8253797165246,52.6991819500742,4.66414553271832));
#7085=CARTESIAN_POINT('Ctrl Pts',(-11.2571576358215,52.9722471195302,4.89927883151519));
#7086=CARTESIAN_POINT('Ctrl Pts',(-10.2720264023527,53.4672474908173,5.11098378652729));
#7087=CARTESIAN_POINT('Ctrl Pts',(-8.80146957297038,54.1081904617723,5.13890313180938));
#7088=CARTESIAN_POINT('Ctrl Pts',(-7.6443446150763,54.5554617323056,5.05462408633277));
#7089=CARTESIAN_POINT('Ctrl Pts',(-6.43699255596796,54.9543845404526,4.88129389335924));
#7090=CARTESIAN_POINT('Ctrl Pts',(-5.19292604575514,55.2925920287134,4.63612364261817));
#7091=CARTESIAN_POINT('Ctrl Pts',(-3.92264431567035,55.5616672776766,4.33534261181701));
#7092=CARTESIAN_POINT('Ctrl Pts',(-2.63653460633139,55.7562203501403,3.99470229476043));
#7093=CARTESIAN_POINT('Ctrl Pts',(-1.34679550762201,55.8732835450178,3.63004351910163));
#7094=CARTESIAN_POINT('Ctrl Pts',(-0.488547721841362,55.8996633681744,3.37994222882164));
#7095=CARTESIAN_POINT('Ctrl Pts',(-0.053452002727172,55.8999980862171,3.25311886511499));
#7096=CARTESIAN_POINT('Ctrl Pts',(-0.0481024389750743,55.9,3.25155946825839));
#7097=CARTESIAN_POINT('Ctrl Pts',(-0.0427525179157051,55.9,3.25));
#7098=CARTESIAN_POINT('Ctrl Pts',(-11.2443588153155,51.9510588162681,6.94090552070099));
#7099=CARTESIAN_POINT('Ctrl Pts',(-10.6453627057931,52.4191323047579,7.02928165078713));
#7100=CARTESIAN_POINT('Ctrl Pts',(-9.65465737581493,53.1030977232277,6.98340898804381));
#7101=CARTESIAN_POINT('Ctrl Pts',(-8.23140336902822,53.8987848302884,6.67873995570375));
#7102=CARTESIAN_POINT('Ctrl Pts',(-7.12792344320276,54.4236326352953,6.35210057858321));
#7103=CARTESIAN_POINT('Ctrl Pts',(-5.98885224179815,54.8754994706774,5.94518704014053));
#7104=CARTESIAN_POINT('Ctrl Pts',(-4.82361796394195,55.2484127045272,5.47479495390363));
#7105=CARTESIAN_POINT('Ctrl Pts',(-3.639892218181,55.5398397641382,4.95663807847934));
#7106=CARTESIAN_POINT('Ctrl Pts',(-2.44544021120109,55.7478183028468,4.40505408705712));
#7107=CARTESIAN_POINT('Ctrl Pts',(-1.25014518661729,55.871988186811,3.83488796458864));
#7108=CARTESIAN_POINT('Ctrl Pts',(-0.455466579393581,55.8996721339196,3.44993608420618));
#7109=CARTESIAN_POINT('Ctrl Pts',(-0.0526574580324767,55.8999977341922,
3.25479836075222));
#7110=CARTESIAN_POINT('Ctrl Pts',(-0.0477052257355117,55.9,3.25239929745991));
#7111=CARTESIAN_POINT('Ctrl Pts',(-0.0427525179157051,55.9,3.25));
#7112=CARTESIAN_POINT('Ctrl Pts',(-11.2443588153155,51.9510588162681,8.25));
#7113=CARTESIAN_POINT('Ctrl Pts',(-10.5593189361738,52.4830868607939,8.25000000000001));
#7114=CARTESIAN_POINT('Ctrl Pts',(-9.48777624410958,53.208190956779,8.05575556923696));
#7115=CARTESIAN_POINT('Ctrl Pts',(-8.01544401853772,54.0055485035164,7.55854626723943));
#7116=CARTESIAN_POINT('Ctrl Pts',(-6.90119764016301,54.5172716576895,7.09302499768349));
#7117=CARTESIAN_POINT('Ctrl Pts',(-5.77124843900266,54.9484685864352,6.5524078085104));
#7118=CARTESIAN_POINT('Ctrl Pts',(-4.63146315247933,55.2986888181922,5.95343919308529));
#7119=CARTESIAN_POINT('Ctrl Pts',(-3.48550092623589,55.5691244077767,5.31120497507739));
#7120=CARTESIAN_POINT('Ctrl Pts',(-2.33778383323003,55.7605549518498,4.63926825527218));
#7121=CARTESIAN_POINT('Ctrl Pts',(-1.19468773960567,55.8742538846406,3.95179639462307));
#7122=CARTESIAN_POINT('Ctrl Pts',(-0.436538410100484,55.8996790581049,3.48991728551402));
#7123=CARTESIAN_POINT('Ctrl Pts',(-0.0522036358056939,55.8999981122743,
3.25575819834195));
#7124=CARTESIAN_POINT('Ctrl Pts',(-0.047478246741476,55.9,3.25287919986078));
#7125=CARTESIAN_POINT('Ctrl Pts',(-0.0427525179157051,55.9,3.25));
#7126=CARTESIAN_POINT('Origin',(20.1072474820843,9.1,3.25));
#7127=CARTESIAN_POINT('Origin',(20.1072474820843,9.1,3.25));
#7128=CARTESIAN_POINT('',(-0.0427525179157072,12.1,3.25000000000066));
#7129=CARTESIAN_POINT('Origin',(-0.0427525179157051,32.5,3.25000000000066));
#7130=CARTESIAN_POINT('Origin',(20.1072474820843,9.1,3.25));
#7131=CARTESIAN_POINT('Origin',(20.1072474820843,13.0557827329042,1.25));
#7132=CARTESIAN_POINT('',(20.1072474820843,13.0557827329042,1.25));
#7133=CARTESIAN_POINT('',(20.1072474820843,13.0557827329042,1.25));
#7134=CARTESIAN_POINT('',(20.1072474820843,13.0557827329042,1.25));
#7135=CARTESIAN_POINT('Origin',(20.1072474820843,12.5427525179157,-0.159538931178862));
#7136=CARTESIAN_POINT('',(20.1072474820843,12.5427525179157,-0.159538931178862));
#7137=CARTESIAN_POINT('',(20.1072474820843,12.5427525179157,-0.159538931178862));
#7138=CARTESIAN_POINT('',(20.1072474820843,12.5427525179157,-0.159538931178862));
#7139=CARTESIAN_POINT('Origin',(20.1072474820843,22.5427525179157,-0.159538931177538));
#7140=CARTESIAN_POINT('',(20.1072474820843,22.5427525179157,-0.159538931177538));
#7141=CARTESIAN_POINT('',(20.1072474820843,22.5427525179157,-0.159538931177538));
#7142=CARTESIAN_POINT('',(20.1072474820843,22.5427525179157,-0.159538931177538));
#7143=CARTESIAN_POINT('Origin',(20.1072474820843,22.0297223029272,1.25000000000132));
#7144=CARTESIAN_POINT('',(20.1072474820843,22.0297223029272,1.25000000000132));
#7145=CARTESIAN_POINT('',(20.1072474820843,22.0297223029272,1.25000000000132));
#7146=CARTESIAN_POINT('',(20.1072474820843,22.0297223029272,1.25000000000132));
#7147=CARTESIAN_POINT('Origin',(20.1072474820843,42.9702776970728,1.25));
#7148=CARTESIAN_POINT('',(20.1072474820843,42.9702776970728,1.25));
#7149=CARTESIAN_POINT('',(20.1072474820843,42.9702776970728,1.25));
#7150=CARTESIAN_POINT('',(20.1072474820843,42.9702776970728,1.25));
#7151=CARTESIAN_POINT('Origin',(20.1072474820843,42.5427525179157,0.0753842240176161));
#7152=CARTESIAN_POINT('',(20.1072474820843,42.5427525179157,0.0753842240176161));
#7153=CARTESIAN_POINT('',(20.1072474820843,42.5427525179157,0.0753842240176161));
#7154=CARTESIAN_POINT('',(20.1072474820843,42.5427525179157,0.0753842240176161));
#7155=CARTESIAN_POINT('Origin',(20.1072474820843,52.5427525179157,0.0753842240176143));
#7156=CARTESIAN_POINT('',(20.1072474820843,52.5427525179157,0.0753842240176143));
#7157=CARTESIAN_POINT('',(20.1072474820843,52.5427525179157,0.0753842240176143));
#7158=CARTESIAN_POINT('',(20.1072474820843,52.5427525179157,0.0753842240176143));
#7159=CARTESIAN_POINT('Origin',(20.1072474820843,52.1152273387586,1.25));
#7160=CARTESIAN_POINT('',(20.1072474820843,52.1152273387586,1.25));
#7161=CARTESIAN_POINT('',(20.1072474820843,52.1152273387586,1.25));
#7162=CARTESIAN_POINT('',(20.1072474820843,52.1152273387586,1.25));
#7163=CARTESIAN_POINT('Origin',(20.1072474820843,55.9,1.25));
#7164=CARTESIAN_POINT('',(20.1072474820843,55.9,1.25));
#7165=CARTESIAN_POINT('',(20.1072474820843,65.0427525179158,1.25));
#7166=CARTESIAN_POINT('',(20.1072474820843,55.9,1.25));
#7167=CARTESIAN_POINT('Origin',(20.1072474820843,55.9,3.25));
#7168=CARTESIAN_POINT('',(20.1072474820843,55.9,3.25));
#7169=CARTESIAN_POINT('Origin',(20.1072474820843,32.5,1.54523053441057));
#7170=CARTESIAN_POINT('Ctrl Pts',(-0.0427525179157051,12.1,3.25000000000066));
#7171=CARTESIAN_POINT('Ctrl Pts',(17.1072474820843,12.1,3.25000000000066));
#7172=CARTESIAN_POINT('Ctrl Pts',(17.1072474820843,32.5,3.25000000000066));
#7173=CARTESIAN_POINT('Ctrl Pts',(17.1072474820843,52.9,3.25000000000066));
#7174=CARTESIAN_POINT('Ctrl Pts',(-0.0427525179157051,52.9,3.25000000000066));
#7175=CARTESIAN_POINT('Ctrl Pts',(-17.1927525179157,52.9,3.25000000000066));
#7176=CARTESIAN_POINT('Ctrl Pts',(-17.1927525179157,32.5,3.25000000000066));
#7177=CARTESIAN_POINT('Ctrl Pts',(-17.1927525179157,12.1,3.25000000000066));
#7178=CARTESIAN_POINT('Ctrl Pts',(-0.0427525179157051,12.1,3.25000000000066));
#7179=CARTESIAN_POINT('Ctrl Pts',(-0.0427525179157051,12.1,38.2500000000007));
#7180=CARTESIAN_POINT('Ctrl Pts',(17.1072474820843,12.1,38.2500000000007));
#7181=CARTESIAN_POINT('Ctrl Pts',(17.1072474820843,32.5,38.2500000000007));
#7182=CARTESIAN_POINT('Ctrl Pts',(17.1072474820843,52.9,38.2500000000007));
#7183=CARTESIAN_POINT('Ctrl Pts',(-0.0427525179157051,52.9,38.2500000000007));
#7184=CARTESIAN_POINT('Ctrl Pts',(-17.1927525179157,52.9,38.2500000000007));
#7185=CARTESIAN_POINT('Ctrl Pts',(-17.1927525179157,32.5,38.2500000000007));
#7186=CARTESIAN_POINT('Ctrl Pts',(-17.1927525179157,12.1,38.2500000000007));
#7187=CARTESIAN_POINT('Ctrl Pts',(-0.0427525179157051,12.1,38.2500000000007));
#7188=CARTESIAN_POINT('',(-0.042752517915703,12.1,3.25000000000066));
#7189=CARTESIAN_POINT('Ctrl Pts',(49.6572474820843,9.10000000000002,36.7500000000007));
#7190=CARTESIAN_POINT('Ctrl Pts',(51.3197593785059,9.10000000000002,36.7500000000007));
#7191=CARTESIAN_POINT('Ctrl Pts',(54.6412452709459,9.58384857931037,36.7500000000007));
#7192=CARTESIAN_POINT('Ctrl Pts',(60.7323979106391,12.3341059382255,36.7500000000007));
#7193=CARTESIAN_POINT('Ctrl Pts',(66.5254700378487,18.3838187537834,36.7500000000007));
#7194=CARTESIAN_POINT('Ctrl Pts',(69.9479913822629,27.6074774182562,36.7500000000007));
#7195=CARTESIAN_POINT('Ctrl Pts',(69.9511984869141,36.3054690711418,36.7500000000007));
#7196=CARTESIAN_POINT('Ctrl Pts',(67.7274617277617,43.5478906215689,36.7500000000007));
#7197=CARTESIAN_POINT('Ctrl Pts',(64.2732998299722,49.108322973192,36.7500000000007));
#7198=CARTESIAN_POINT('Ctrl Pts',(59.3004909143864,53.4909594030483,36.7500000000007));
#7199=CARTESIAN_POINT('Ctrl Pts',(53.0516958635828,56.0054775400716,36.7500000000007));
#7200=CARTESIAN_POINT('Ctrl Pts',(46.2640516287067,56.0006954045059,36.7500000000007));
#7201=CARTESIAN_POINT('Ctrl Pts',(40.0140805406505,53.4945948451451,36.7500000000007));
#7202=CARTESIAN_POINT('Ctrl Pts',(33.3813776147569,47.6393841676598,36.7500000000007));
#7203=CARTESIAN_POINT('Ctrl Pts',(29.801753264057,39.4796756065453,36.7500000000007));
#7204=CARTESIAN_POINT('Ctrl Pts',(29.1791627398247,28.7368955794917,36.7500000000007));
#7205=CARTESIAN_POINT('Ctrl Pts',(32.0188925458221,19.193270982499,36.7500000000007));
#7206=CARTESIAN_POINT('Ctrl Pts',(38.5811764967971,12.3333837138452,36.7500000000007));
#7207=CARTESIAN_POINT('Ctrl Pts',(44.6730774760422,9.58417226893917,36.7500000000007));
#7208=CARTESIAN_POINT('Ctrl Pts',(47.9947355856628,9.10000000000002,36.7500000000007));
#7209=CARTESIAN_POINT('Ctrl Pts',(49.6572474820843,9.10000000000002,36.7500000000007));
#7210=CARTESIAN_POINT('Ctrl Pts',(49.6572474820843,9.10000000000002,37.1987989505135));
#7211=CARTESIAN_POINT('Ctrl Pts',(51.3202267501955,9.10000000000002,37.1987989505135));
#7212=CARTESIAN_POINT('Ctrl Pts',(54.641556655475,9.58362174268497,37.1987989505135));
#7213=CARTESIAN_POINT('Ctrl Pts',(60.7335169391286,12.3342386768945,37.1987989505135));
#7214=CARTESIAN_POINT('Ctrl Pts',(66.5258315819522,18.3835437137661,37.1987989505135));
#7215=CARTESIAN_POINT('Ctrl Pts',(69.9483105076427,27.6073077915413,37.1987989505135));
#7216=CARTESIAN_POINT('Ctrl Pts',(69.9516328140645,36.3052821483377,37.1987989505135));
#7217=CARTESIAN_POINT('Ctrl Pts',(67.7278852520522,43.5477982151636,37.1987989505135));
#7218=CARTESIAN_POINT('Ctrl Pts',(64.2735741312357,49.1087306939488,37.1987989505135));
#7219=CARTESIAN_POINT('Ctrl Pts',(59.3007840350822,53.4913759931172,37.1987989505135));
#7220=CARTESIAN_POINT('Ctrl Pts',(53.0523775067781,56.0061309317931,37.1987989505135));
#7221=CARTESIAN_POINT('Ctrl Pts',(46.2638563806009,56.0010949478717,37.1987989505135));
#7222=CARTESIAN_POINT('Ctrl Pts',(40.0136124626867,53.49505145041,37.1987989505135));
#7223=CARTESIAN_POINT('Ctrl Pts',(33.3806633835577,47.6389987747235,37.1987989505135));
#7224=CARTESIAN_POINT('Ctrl Pts',(29.8013366097652,39.4798583667593,37.1987989505135));
#7225=CARTESIAN_POINT('Ctrl Pts',(29.1787288645063,28.7370101136116,37.1987989505135));
#7226=CARTESIAN_POINT('Ctrl Pts',(32.018807737078,19.1928261938868,37.1987989505135));
#7227=CARTESIAN_POINT('Ctrl Pts',(38.5800790475967,12.3334861487915,37.1987989505135));
#7228=CARTESIAN_POINT('Ctrl Pts',(44.6727774567426,9.58393975685894,37.1987989505135));
#7229=CARTESIAN_POINT('Ctrl Pts',(47.9942682139732,9.10000000000002,37.1987989505135));
#7230=CARTESIAN_POINT('Ctrl Pts',(49.6572474820843,9.10000000000002,37.1987989505135));
#7231=CARTESIAN_POINT('Ctrl Pts',(49.6572474820843,9.47658772674654,37.9758005625522));
#7232=CARTESIAN_POINT('Ctrl Pts',(51.2835541308767,9.47658772674654,37.9758005625522));
#7233=CARTESIAN_POINT('Ctrl Pts',(54.5330720279145,9.94990417018409,37.9758005625522));
#7234=CARTESIAN_POINT('Ctrl Pts',(60.5000151161288,12.6429338882894,37.9758005625522));
#7235=CARTESIAN_POINT('Ctrl Pts',(66.1947480720169,18.5849603593374,37.9758005625522));
#7236=CARTESIAN_POINT('Ctrl Pts',(69.569408586036,27.674267390853,37.9758005625522));
#7237=CARTESIAN_POINT('Ctrl Pts',(69.5723938481047,36.253622168658,37.9758005625523));
#7238=CARTESIAN_POINT('Ctrl Pts',(67.3801254748084,43.3917052707995,37.9758005625522));
#7239=CARTESIAN_POINT('Ctrl Pts',(63.9800656924804,48.8634105154142,37.9758005625523));
#7240=CARTESIAN_POINT('Ctrl Pts',(59.0964290471174,53.1656094073373,37.9758005625522));
#7241=CARTESIAN_POINT('Ctrl Pts',(52.9767088565251,55.626457121143,37.9758005625522));
#7242=CARTESIAN_POINT('Ctrl Pts',(46.3388444328355,55.6219744779501,37.9758005625522));
#7243=CARTESIAN_POINT('Ctrl Pts',(40.2183132793156,53.1690912263199,37.9758005625522));
#7244=CARTESIAN_POINT('Ctrl Pts',(33.7041900618829,47.4218796259063,37.9758005625523));
#7245=CARTESIAN_POINT('Ctrl Pts',(30.1743407306769,39.3837456587777,37.9758005625522));
#7246=CARTESIAN_POINT('Ctrl Pts',(29.5600514138778,28.7884388666258,37.9758005625523));
#7247=CARTESIAN_POINT('Ctrl Pts',(32.3621289266631,19.3800980904944,37.9758005625522));
#7248=CARTESIAN_POINT('Ctrl Pts',(38.8137253405432,12.6422221598788,37.9758005625522));
#7249=CARTESIAN_POINT('Ctrl Pts',(44.7812061651415,9.9502284436086,37.9758005625522));
#7250=CARTESIAN_POINT('Ctrl Pts',(48.0309408332919,9.47658772674653,37.9758005625522));
#7251=CARTESIAN_POINT('Ctrl Pts',(49.6572474820843,9.47658772674653,37.9758005625522));
#7252=CARTESIAN_POINT('Ctrl Pts',(49.6572474820843,10.2634007871154,38.2500000000007));
#7253=CARTESIAN_POINT('Ctrl Pts',(51.2082086590282,10.2634007871154,38.2500000000007));
#7254=CARTESIAN_POINT('Ctrl Pts',(54.3072624562426,10.7145671112845,38.2500000000007));
#7255=CARTESIAN_POINT('Ctrl Pts',(60.0152083892312,13.2882598553814,38.2500000000007));
#7256=CARTESIAN_POINT('Ctrl Pts',(65.5039946196456,19.0050340331024,38.2500000000007));
#7257=CARTESIAN_POINT('Ctrl Pts',(68.7786313100145,27.8137046557485,38.2500000000007));
#7258=CARTESIAN_POINT('Ctrl Pts',(68.7812267597643,36.1451777251164,38.2500000000007));
#7259=CARTESIAN_POINT('Ctrl Pts',(66.6546990705119,43.0653246582822,38.2500000000007));
#7260=CARTESIAN_POINT('Ctrl Pts',(63.3675805838818,48.3519703013634,38.2500000000007));
#7261=CARTESIAN_POINT('Ctrl Pts',(58.6702655712355,52.4861149407667,38.2500000000007));
#7262=CARTESIAN_POINT('Ctrl Pts',(52.8204728553953,54.8349793222922,38.2500000000007));
#7263=CARTESIAN_POINT('Ctrl Pts',(46.4949858019126,54.8309600421807,38.2500000000007));
#7264=CARTESIAN_POINT('Ctrl Pts',(40.6447218499568,52.4893013871208,38.2500000000007));
#7265=CARTESIAN_POINT('Ctrl Pts',(34.3781923873106,46.9671960649555,38.2500000000007));
#7266=CARTESIAN_POINT('Ctrl Pts',(30.9525294481219,39.1834340005255,38.2500000000006));
#7267=CARTESIAN_POINT('Ctrl Pts',(30.3555730121241,28.8962026568131,38.2500000000007));
#7268=CARTESIAN_POINT('Ctrl Pts',(33.0792060354116,19.7701555892278,38.2500000000007));
#7269=CARTESIAN_POINT('Ctrl Pts',(39.2988928008737,13.2875506727932,38.2500000000007));
#7270=CARTESIAN_POINT('Ctrl Pts',(45.0069299190159,10.7148889741673,38.2500000000007));
#7271=CARTESIAN_POINT('Ctrl Pts',(48.1062863051405,10.2634007871154,38.2500000000007));
#7272=CARTESIAN_POINT('Ctrl Pts',(49.6572474820843,10.2634007871154,38.2500000000007));
#7273=CARTESIAN_POINT('Ctrl Pts',(49.6572474820843,10.6,38.2500000000007));
#7274=CARTESIAN_POINT('Ctrl Pts',(51.1760378666084,10.6,38.2500000000007));
#7275=CARTESIAN_POINT('Ctrl Pts',(54.2107022983111,11.0416603678222,38.2500000000007));
#7276=CARTESIAN_POINT('Ctrl Pts',(59.8079562925878,13.5643484091773,38.2500000000007));
#7277=CARTESIAN_POINT('Ctrl Pts',(65.2085377835442,19.1847053442477,38.2500000000007));
#7278=CARTESIAN_POINT('Ctrl Pts',(68.4403785754446,27.8733334988214,38.2500000000007));
#7279=CARTESIAN_POINT('Ctrl Pts',(68.4428225594159,36.0987602922767,38.2500000000007));
#7280=CARTESIAN_POINT('Ctrl Pts',(66.3444173493526,42.9256865198018,38.2500000000007));
#7281=CARTESIAN_POINT('Ctrl Pts',(63.1055954196046,48.1332299333141,38.2500000000007));
#7282=CARTESIAN_POINT('Ctrl Pts',(58.4879914389219,52.1954820160459,38.2500000000007));
#7283=CARTESIAN_POINT('Ctrl Pts',(52.7537254848082,54.4964712866377,38.2500000000007));
#7284=CARTESIAN_POINT('Ctrl Pts',(46.5617572712396,54.4926165282062,38.2500000000007));
#7285=CARTESIAN_POINT('Ctrl Pts',(40.8270776035739,52.1985474148939,38.2500000000007));
#7286=CARTESIAN_POINT('Ctrl Pts',(34.6664362498692,46.7726309275674,38.2500000000007));
#7287=CARTESIAN_POINT('Ctrl Pts',(31.2853838383017,39.0977647904984,38.2500000000006));
#7288=CARTESIAN_POINT('Ctrl Pts',(30.6958401350448,28.942319294041,38.2500000000007));
#7289=CARTESIAN_POINT('Ctrl Pts',(33.3859608955788,19.9369634195308,38.2500000000007));
#7290=CARTESIAN_POINT('Ctrl Pts',(39.5063020847957,13.5636362920364,38.2500000000007));
#7291=CARTESIAN_POINT('Ctrl Pts',(45.1034548730783,11.0419804458997,38.2500000000007));
#7292=CARTESIAN_POINT('Ctrl Pts',(48.1384570975603,10.6,38.2500000000007));
#7293=CARTESIAN_POINT('Ctrl Pts',(49.6572474820843,10.6,38.2500000000007));
#7294=CARTESIAN_POINT('',(49.6572474820843,10.6,38.2500000000007));
#7295=CARTESIAN_POINT('',(49.6572474820843,9.10000000000002,36.7500000000007));
#7296=CARTESIAN_POINT('Origin',(49.6572474820843,10.6,36.7500000000007));
#7297=CARTESIAN_POINT('Ctrl Pts',(49.6572474820843,9.10000000000002,36.7500000000007));
#7298=CARTESIAN_POINT('Ctrl Pts',(51.3197593785059,9.10000000000002,36.7500000000007));
#7299=CARTESIAN_POINT('Ctrl Pts',(54.6412452709459,9.58384857931037,36.7500000000007));
#7300=CARTESIAN_POINT('Ctrl Pts',(60.7323979106391,12.3341059382255,36.7500000000007));
#7301=CARTESIAN_POINT('Ctrl Pts',(66.5254700378487,18.3838187537834,36.7500000000007));
#7302=CARTESIAN_POINT('Ctrl Pts',(69.9479913822629,27.6074774182562,36.7500000000007));
#7303=CARTESIAN_POINT('Ctrl Pts',(69.9511984869141,36.3054690711418,36.7500000000007));
#7304=CARTESIAN_POINT('Ctrl Pts',(67.7274617277617,43.5478906215689,36.7500000000007));
#7305=CARTESIAN_POINT('Ctrl Pts',(64.2732998299722,49.108322973192,36.7500000000007));
#7306=CARTESIAN_POINT('Ctrl Pts',(59.3004909143864,53.4909594030483,36.7500000000007));
#7307=CARTESIAN_POINT('Ctrl Pts',(53.0516958635828,56.0054775400716,36.7500000000007));
#7308=CARTESIAN_POINT('Ctrl Pts',(46.2640516287067,56.0006954045059,36.7500000000007));
#7309=CARTESIAN_POINT('Ctrl Pts',(40.0140805406505,53.4945948451451,36.7500000000007));
#7310=CARTESIAN_POINT('Ctrl Pts',(33.3813776147569,47.6393841676598,36.7500000000007));
#7311=CARTESIAN_POINT('Ctrl Pts',(29.801753264057,39.4796756065453,36.7500000000007));
#7312=CARTESIAN_POINT('Ctrl Pts',(29.1791627398247,28.7368955794917,36.7500000000007));
#7313=CARTESIAN_POINT('Ctrl Pts',(32.0188925458221,19.193270982499,36.7500000000007));
#7314=CARTESIAN_POINT('Ctrl Pts',(38.5811764967971,12.3333837138452,36.7500000000007));
#7315=CARTESIAN_POINT('Ctrl Pts',(44.6730774760422,9.58417226893917,36.7500000000007));
#7316=CARTESIAN_POINT('Ctrl Pts',(47.9947355856628,9.10000000000002,36.7500000000007));
#7317=CARTESIAN_POINT('Ctrl Pts',(49.6572474820843,9.10000000000002,36.7500000000007));
#7318=CARTESIAN_POINT('Ctrl Pts',(49.6572474820843,10.6,38.2500000000007));
#7319=CARTESIAN_POINT('Ctrl Pts',(48.1384570975603,10.6,38.2500000000007));
#7320=CARTESIAN_POINT('Ctrl Pts',(45.1034548730783,11.0419804458997,38.2500000000007));
#7321=CARTESIAN_POINT('Ctrl Pts',(39.5063020847957,13.5636362920364,38.2500000000007));
#7322=CARTESIAN_POINT('Ctrl Pts',(33.3859608955788,19.9369634195308,38.2500000000007));
#7323=CARTESIAN_POINT('Ctrl Pts',(30.6958401350448,28.942319294041,38.2500000000007));
#7324=CARTESIAN_POINT('Ctrl Pts',(31.2853838383017,39.0977647904984,38.2500000000006));
#7325=CARTESIAN_POINT('Ctrl Pts',(34.6664362498692,46.7726309275674,38.2500000000007));
#7326=CARTESIAN_POINT('Ctrl Pts',(40.8270776035739,52.1985474148939,38.2500000000007));
#7327=CARTESIAN_POINT('Ctrl Pts',(46.5617572712396,54.4926165282062,38.2500000000007));
#7328=CARTESIAN_POINT('Ctrl Pts',(52.7537254848082,54.4964712866377,38.2500000000007));
#7329=CARTESIAN_POINT('Ctrl Pts',(58.4879914389219,52.1954820160459,38.2500000000007));
#7330=CARTESIAN_POINT('Ctrl Pts',(63.1055954196046,48.1332299333141,38.2500000000007));
#7331=CARTESIAN_POINT('Ctrl Pts',(66.3444173493526,42.9256865198018,38.2500000000007));
#7332=CARTESIAN_POINT('Ctrl Pts',(68.4428225594159,36.0987602922767,38.2500000000007));
#7333=CARTESIAN_POINT('Ctrl Pts',(68.4403785754446,27.8733334988214,38.2500000000007));
#7334=CARTESIAN_POINT('Ctrl Pts',(65.2085377835442,19.1847053442477,38.2500000000007));
#7335=CARTESIAN_POINT('Ctrl Pts',(59.8079562925878,13.5643484091773,38.2500000000007));
#7336=CARTESIAN_POINT('Ctrl Pts',(54.2107022983111,11.0416603678222,38.2500000000007));
#7337=CARTESIAN_POINT('Ctrl Pts',(51.1760378666084,10.6,38.2500000000007));
#7338=CARTESIAN_POINT('Ctrl Pts',(49.6572474820843,10.6,38.2500000000007));
#7339=CARTESIAN_POINT('Ctrl Pts',(49.6572474820843,9.10000000000003,3.25));
#7340=CARTESIAN_POINT('Ctrl Pts',(69.8072474820843,9.10000000000003,3.25));
#7341=CARTESIAN_POINT('Ctrl Pts',(69.8072474820843,32.5,3.25));
#7342=CARTESIAN_POINT('Ctrl Pts',(69.8072474820843,55.9,3.25));
#7343=CARTESIAN_POINT('Ctrl Pts',(49.6572474820843,55.9,3.25));
#7344=CARTESIAN_POINT('Ctrl Pts',(29.5072474820843,55.9,3.25));
#7345=CARTESIAN_POINT('Ctrl Pts',(29.5072474820843,32.5,3.25));
#7346=CARTESIAN_POINT('Ctrl Pts',(29.5072474820843,9.10000000000003,3.25));
#7347=CARTESIAN_POINT('Ctrl Pts',(49.6572474820843,9.10000000000003,3.25));
#7348=CARTESIAN_POINT('Ctrl Pts',(49.6572474820843,9.10000000000003,36.7500000000007));
#7349=CARTESIAN_POINT('Ctrl Pts',(69.8072474820843,9.10000000000003,36.7500000000007));
#7350=CARTESIAN_POINT('Ctrl Pts',(69.8072474820843,32.5,36.7500000000007));
#7351=CARTESIAN_POINT('Ctrl Pts',(69.8072474820843,55.9,36.7500000000007));
#7352=CARTESIAN_POINT('Ctrl Pts',(49.6572474820843,55.9,36.7500000000007));
#7353=CARTESIAN_POINT('Ctrl Pts',(29.5072474820843,55.9,36.7500000000007));
#7354=CARTESIAN_POINT('Ctrl Pts',(29.5072474820843,32.5,36.7500000000007));
#7355=CARTESIAN_POINT('Ctrl Pts',(29.5072474820843,9.10000000000003,36.7500000000007));
#7356=CARTESIAN_POINT('Ctrl Pts',(49.6572474820843,9.10000000000003,36.7500000000007));
#7357=CARTESIAN_POINT('',(49.6572474820843,9.10000000000002,3.25000000000066));
#7358=CARTESIAN_POINT('',(49.6572474820843,9.10000000000002,3.25000000000066));
#7359=CARTESIAN_POINT('',(60.8588537794841,13.0489411837319,8.25));
#7360=CARTESIAN_POINT('Ctrl Pts',(60.8588537794841,13.0489411837319,8.25));
#7361=CARTESIAN_POINT('Ctrl Pts',(60.1738139003424,12.5169131392065,8.25000000000031));
#7362=CARTESIAN_POINT('Ctrl Pts',(59.1023546372379,11.7918347561487,8.05578556521979));
#7363=CARTESIAN_POINT('Ctrl Pts',(57.6299686446915,10.9944736264494,7.55854663669777));
#7364=CARTESIAN_POINT('Ctrl Pts',(56.5158189672675,10.4827334119622,7.09307427143054));
#7365=CARTESIAN_POINT('Ctrl Pts',(55.3856666738225,10.0515592439171,6.55234684120999));
#7366=CARTESIAN_POINT('Ctrl Pts',(53.8665792093204,9.58449548214316,5.75404784413293));
#7367=CARTESIAN_POINT('Ctrl Pts',(51.948898939438,9.20056757829727,4.64628985387042));
#7368=CARTESIAN_POINT('Ctrl Pts',(50.4304899688774,9.10064528335338,3.72110530057417));
#7369=CARTESIAN_POINT('Ctrl Pts',(49.6666992625321,9.10000184852206,3.25575859778404));
#7370=CARTESIAN_POINT('Ctrl Pts',(49.6619732109036,9.10000000000002,3.25287919986546));
#7371=CARTESIAN_POINT('Ctrl Pts',(49.6572474820843,9.10000000000002,3.25));
#7372=CARTESIAN_POINT('',(65.6369989478911,18.2454253341876,8.25));
#7373=CARTESIAN_POINT('Ctrl Pts',(65.6369989478911,18.2454253341876,8.25));
#7374=CARTESIAN_POINT('Ctrl Pts',(64.316018677817,16.2483534282089,8.25));
#7375=CARTESIAN_POINT('Ctrl Pts',(62.6998672339434,14.4787423061837,8.25));
#7376=CARTESIAN_POINT('Ctrl Pts',(60.8588537794841,13.0489411837319,8.25));
#7377=CARTESIAN_POINT('',(69.8072474820843,32.5,3.25));
#7378=CARTESIAN_POINT('Ctrl Pts',(69.8072474820843,32.5,3.25));
#7379=CARTESIAN_POINT('Ctrl Pts',(69.8072474820843,32.4940278805117,3.25278747294897));
#7380=CARTESIAN_POINT('Ctrl Pts',(69.8072462848093,32.488059572334,3.25557893756711));
#7381=CARTESIAN_POINT('Ctrl Pts',(69.8047646095592,29.5445255355752,4.62540599772716));
#7382=CARTESIAN_POINT('Ctrl Pts',(69.168603831463,25.5739438971581,6.5068977051455));
#7383=CARTESIAN_POINT('Ctrl Pts',(67.2254778348657,20.8960287992786,7.97613658593488));
#7384=CARTESIAN_POINT('Ctrl Pts',(66.2027782999485,19.1007765264603,8.25000000001423));
#7385=CARTESIAN_POINT('Ctrl Pts',(65.6369989478911,18.2454253341876,8.25));
#7386=CARTESIAN_POINT('',(65.63699894792,46.7545746657688,8.25));
#7387=CARTESIAN_POINT('Ctrl Pts',(65.63699894792,46.7545746657688,8.25));
#7388=CARTESIAN_POINT('Ctrl Pts',(66.2027782999738,45.8992234734973,8.25000000000942));
#7389=CARTESIAN_POINT('Ctrl Pts',(67.2246383321994,44.106786403292,7.9744026482199));
#7390=CARTESIAN_POINT('Ctrl Pts',(68.3927136778325,41.2931994889936,7.09633491954814));
#7391=CARTESIAN_POINT('Ctrl Pts',(69.0748357212163,38.8901673484008,6.13794751586371));
#7392=CARTESIAN_POINT('Ctrl Pts',(69.4558299272061,36.9361558594932,5.28974887772632));
#7393=CARTESIAN_POINT('Ctrl Pts',(69.6585456962455,35.4638877332708,4.62568750946039));
#7394=CARTESIAN_POINT('Ctrl Pts',(69.7798573926155,33.9883825914581,3.94469649229632));
#7395=CARTESIAN_POINT('Ctrl Pts',(69.8069154813446,33.0070705386171,3.48667237295438));
#7396=CARTESIAN_POINT('Ctrl Pts',(69.8072455429538,32.5119441781364,3.25557492959035));
#7397=CARTESIAN_POINT('Ctrl Pts',(69.8072474820843,32.5059721194883,3.25278747294897));
#7398=CARTESIAN_POINT('Ctrl Pts',(69.8072474820843,32.5,3.25));
#7399=CARTESIAN_POINT('',(60.858853813704,51.9510587896916,8.25));
#7400=CARTESIAN_POINT('Ctrl Pts',(60.858853813704,51.9510587896916,8.25));
#7401=CARTESIAN_POINT('Ctrl Pts',(62.699756589572,50.5213436181254,8.25));
#7402=CARTESIAN_POINT('Ctrl Pts',(64.3159576007581,48.7517389087428,8.25));
#7403=CARTESIAN_POINT('Ctrl Pts',(65.63699894792,46.7545746657688,8.25));
#7404=CARTESIAN_POINT('',(49.6572474820843,55.9,3.25));
#7405=CARTESIAN_POINT('Ctrl Pts',(49.6572474820843,55.9,3.25));
#7406=CARTESIAN_POINT('Ctrl Pts',(49.6619732109101,55.9,3.25287919986078));
#7407=CARTESIAN_POINT('Ctrl Pts',(49.6666992599567,55.8999981576871,3.25575860698117));
#7408=CARTESIAN_POINT('Ctrl Pts',(50.4304901988546,55.8993534786893,3.72110296703523));
#7409=CARTESIAN_POINT('Ctrl Pts',(51.9484607548263,55.7996731359157,4.64607171681303));
#7410=CARTESIAN_POINT('Ctrl Pts',(54.2502029942656,55.338633905143,5.97559560255069));
#7411=CARTESIAN_POINT('Ctrl Pts',(56.5195710546975,54.5590760024187,7.12838570125037));
#7412=CARTESIAN_POINT('Ctrl Pts',(58.7430799925764,53.4506944142938,7.99002505662144));
#7413=CARTESIAN_POINT('Ctrl Pts',(60.1738139325513,52.4830868381312,8.25000000439885));
#7414=CARTESIAN_POINT('Ctrl Pts',(60.858853813704,51.9510587896916,8.25));
#7415=CARTESIAN_POINT('',(38.4556411846845,51.9510588162681,8.25));
#7416=CARTESIAN_POINT('Ctrl Pts',(38.4556411846845,51.9510588162681,8.25));
#7417=CARTESIAN_POINT('Ctrl Pts',(39.1406810638261,52.4830868607938,8.25));
#7418=CARTESIAN_POINT('Ctrl Pts',(40.2121610366716,53.2081371269976,8.05577628980364));
#7419=CARTESIAN_POINT('Ctrl Pts',(41.6845107926044,54.0055081183656,7.55855810454346));
#7420=CARTESIAN_POINT('Ctrl Pts',(42.7987603004034,54.5172317453596,7.09303613992326));
#7421=CARTESIAN_POINT('Ctrl Pts',(43.9287200519072,54.9484365606259,6.55241472680983));
#7422=CARTESIAN_POINT('Ctrl Pts',(45.0685134993523,55.2986629452294,5.95344370419447));
#7423=CARTESIAN_POINT('Ctrl Pts',(46.2144843581453,55.5691055490052,5.31120661941616));
#7424=CARTESIAN_POINT('Ctrl Pts',(47.3622086811185,55.7605431520614,4.63926823288765));
#7425=CARTESIAN_POINT('Ctrl Pts',(48.5053092494639,55.874247577235,3.95179570148221));
#7426=CARTESIAN_POINT('Ctrl Pts',(49.2634615970008,55.8996784156083,3.48991701715937));
#7427=CARTESIAN_POINT('Ctrl Pts',(49.6477963640974,55.899998117559,3.255758200574));
#7428=CARTESIAN_POINT('Ctrl Pts',(49.6525217532586,55.9,3.25287919986078));
#7429=CARTESIAN_POINT('Ctrl Pts',(49.6572474820843,55.9,3.25));
#7430=CARTESIAN_POINT('',(33.6774960162775,46.7545746658124,8.25));
#7431=CARTESIAN_POINT('Ctrl Pts',(33.6774960162775,46.7545746658124,8.25));
#7432=CARTESIAN_POINT('Ctrl Pts',(34.9984762863516,48.7516465717912,8.25));
#7433=CARTESIAN_POINT('Ctrl Pts',(36.6146277302253,50.5212576938164,8.25));
#7434=CARTESIAN_POINT('Ctrl Pts',(38.4556411846846,51.9510588162681,8.25));
#7435=CARTESIAN_POINT('',(29.5072474820843,32.5,3.25));
#7436=CARTESIAN_POINT('Ctrl Pts',(29.5072474820843,32.5,3.25));
#7437=CARTESIAN_POINT('Ctrl Pts',(29.5072474820843,32.5059721194869,3.25278747295363));
#7438=CARTESIAN_POINT('Ctrl Pts',(29.5072493516135,32.5119439883995,3.25557484799245));
#7439=CARTESIAN_POINT('Ctrl Pts',(29.5079217550955,33.4962689699683,3.71500140804608));
#7440=CARTESIAN_POINT('Ctrl Pts',(29.6146895090869,35.4641755988057,4.63367737512148));
#7441=CARTESIAN_POINT('Ctrl Pts',(30.1028920470862,38.4087529648963,5.94605047588942));
#7442=CARTESIAN_POINT('Ctrl Pts',(30.9215054405281,41.292488857452,7.09581947063377));
#7443=CARTESIAN_POINT('Ctrl Pts',(32.0899499237305,44.1070345348765,7.97456370394463));
#7444=CARTESIAN_POINT('Ctrl Pts',(33.1117166642202,45.8992234735397,8.25000000001423));
#7445=CARTESIAN_POINT('Ctrl Pts',(33.6774960162775,46.7545746658124,8.25));
#7446=CARTESIAN_POINT('',(33.6774960162487,18.2454253342312,8.25));
#7447=CARTESIAN_POINT('Ctrl Pts',(33.6774960162487,18.2454253342312,8.25));
#7448=CARTESIAN_POINT('Ctrl Pts',(33.111716664195,19.1007765265026,8.25000000000942));
#7449=CARTESIAN_POINT('Ctrl Pts',(32.3459637138696,20.4432538550439,8.04393786890445));
#7450=CARTESIAN_POINT('Ctrl Pts',(31.505199177672,22.3015271535865,7.53469313853525));
#7451=CARTESIAN_POINT('Ctrl Pts',(30.9656899825121,23.7148675690427,7.06246963930101));
#7452=CARTESIAN_POINT('Ctrl Pts',(30.5128969647135,25.1475501745286,6.52148424406032));
#7453=CARTESIAN_POINT('Ctrl Pts',(30.0211613899562,27.0829542240201,5.7270518959393));
#7454=CARTESIAN_POINT('Ctrl Pts',(29.6150590360927,29.5348505786062,4.63399307445831));
#7455=CARTESIAN_POINT('Ctrl Pts',(29.5078947235352,31.503800631451,3.71498092481125));
#7456=CARTESIAN_POINT('Ctrl Pts',(29.507249466463,32.4880557157969,3.25557493515387));
#7457=CARTESIAN_POINT('Ctrl Pts',(29.5072474820843,32.4940278805132,3.25278747295362));
#7458=CARTESIAN_POINT('Ctrl Pts',(29.5072474820843,32.5,3.25));
#7459=CARTESIAN_POINT('',(38.4556411504647,13.0489412103084,8.25));
#7460=CARTESIAN_POINT('Ctrl Pts',(38.4556411504647,13.0489412103084,8.25));
#7461=CARTESIAN_POINT('Ctrl Pts',(36.6147383745966,14.4786563818746,8.25));
#7462=CARTESIAN_POINT('Ctrl Pts',(34.9985373634106,16.2482610912573,8.25));
#7463=CARTESIAN_POINT('Ctrl Pts',(33.6774960162486,18.2454253342313,8.25));
#7464=CARTESIAN_POINT('Ctrl Pts',(49.6572474820843,9.10000000000002,3.25));
#7465=CARTESIAN_POINT('Ctrl Pts',(49.6525217532651,9.10000000000002,3.25287919986546));
#7466=CARTESIAN_POINT('Ctrl Pts',(49.6477889448899,9.1000030028834,3.25576748908243));
#7467=CARTESIAN_POINT('Ctrl Pts',(47.3705307267127,9.10112830592023,4.63991355556283));
#7468=CARTESIAN_POINT('Ctrl Pts',(44.2747867564079,9.70246716451047,6.54964695141689));
#7469=CARTESIAN_POINT('Ctrl Pts',(40.5713428442992,11.5493745191795,7.99229874620333));
#7470=CARTESIAN_POINT('Ctrl Pts',(39.1406810316175,12.5169131618688,8.25000000439885));
#7471=CARTESIAN_POINT('Ctrl Pts',(38.4556411504646,13.0489412103084,8.25));
#7472=CARTESIAN_POINT('Origin',(49.6572474820843,32.5,38.2500000000007));
#7473=CARTESIAN_POINT('',(49.6572474820843,12.1,38.2500000000007));
#7474=CARTESIAN_POINT('Origin',(49.6572474820843,32.5,38.2500000000007));
#7475=CARTESIAN_POINT('Origin',(69.8072474820843,54.4,1.75));
#7476=CARTESIAN_POINT('',(69.8072474820843,55.9,1.75));
#7477=CARTESIAN_POINT('',(65.6861022848965,55.9,1.75));
#7478=CARTESIAN_POINT('',(69.8072474820843,55.9,1.75));
#7479=CARTESIAN_POINT('',(65.6861022848965,54.4,3.25));
#7480=CARTESIAN_POINT('Origin',(65.6861022848965,54.4,1.75));
#7481=CARTESIAN_POINT('',(68.3072474820843,54.4,3.25));
#7482=CARTESIAN_POINT('',(69.8072474820843,54.4,3.25));
#7483=CARTESIAN_POINT('Origin',(68.3072474820843,54.4,1.75));
#7484=CARTESIAN_POINT('Origin',(68.3072474820843,20.8,1.75));
#7485=CARTESIAN_POINT('',(68.3072474820838,51.5711772229477,3.25));
#7486=CARTESIAN_POINT('',(68.3072474820843,20.8,3.25));
#7487=CARTESIAN_POINT('',(69.8072474820843,51.5711772229477,1.75));
#7488=CARTESIAN_POINT('Origin',(68.3072474820843,51.5711772229477,1.75));
#7489=CARTESIAN_POINT('',(69.8072474820843,20.8,1.75));
#7490=CARTESIAN_POINT('Ctrl Pts',(69.8072474820843,32.5,3.25));
#7491=CARTESIAN_POINT('Ctrl Pts',(69.8072474820843,32.4736283415796,3.25131781428151));
#7492=CARTESIAN_POINT('Ctrl Pts',(69.8072397333636,32.4472569109775,3.25263561022053));
#7493=CARTESIAN_POINT('Ctrl Pts',(69.8065917530154,31.3499612999201,3.30746895489144));
#7494=CARTESIAN_POINT('Ctrl Pts',(69.7801784472069,29.2085101020174,3.41491272850925));
#7495=CARTESIAN_POINT('Ctrl Pts',(69.6606286331224,25.9926945106328,3.55532591445707));
#7496=CARTESIAN_POINT('Ctrl Pts',(69.4574978393437,22.7746986210281,3.65553174628103));
#7497=CARTESIAN_POINT('Ctrl Pts',(69.147795148264,19.5368670676892,3.66730617239818));
#7498=CARTESIAN_POINT('Ctrl Pts',(68.8543821314473,17.3640799868853,3.57386737359889));
#7499=CARTESIAN_POINT('Ctrl Pts',(68.6534013282161,16.250200215387,3.44519696998937));
#7500=CARTESIAN_POINT('Ctrl Pts',(69.8072474820843,32.5,3.25));
#7501=CARTESIAN_POINT('Ctrl Pts',(69.8072476918117,32.4736577398126,3.25078779201249));
#7502=CARTESIAN_POINT('Ctrl Pts',(69.8072424407887,32.4473166316258,3.25157415471531));
#7503=CARTESIAN_POINT('Ctrl Pts',(69.8068498077254,31.3512445696827,3.28435535981134));
#7504=CARTESIAN_POINT('Ctrl Pts',(69.7906677337599,29.2122377614011,3.34872488204749));
#7505=CARTESIAN_POINT('Ctrl Pts',(69.7158910982644,26.0001144486217,3.43332130203627));
#7506=CARTESIAN_POINT('Ctrl Pts',(69.586843366999,22.7861299441485,3.49607640250342));
#7507=CARTESIAN_POINT('Ctrl Pts',(69.3808608510046,19.5520520078083,3.50351349246608));
#7508=CARTESIAN_POINT('Ctrl Pts',(69.176125372558,17.3807440477281,3.44582410187566));
#7509=CARTESIAN_POINT('Ctrl Pts',(69.0253486069055,16.2640392737618,3.35807421617757));
#7510=CARTESIAN_POINT('Ctrl Pts',(69.8072474820843,32.5,3.25));
#7511=CARTESIAN_POINT('Ctrl Pts',(69.8072475661674,32.4737091078672,3.24985950628555));
#7512=CARTESIAN_POINT('Ctrl Pts',(69.8072462743091,32.4474212319077,3.24971753828392));
#7513=CARTESIAN_POINT('Ctrl Pts',(69.8071576006749,31.3534867828432,3.24387327105173));
#7514=CARTESIAN_POINT('Ctrl Pts',(69.8034706159724,29.2185569325189,3.23269673331077));
#7515=CARTESIAN_POINT('Ctrl Pts',(69.7860432948328,26.0137563398322,3.20925891956889));
#7516=CARTESIAN_POINT('Ctrl Pts',(69.755639622171,22.8081130614017,3.17389021235859));
#7517=CARTESIAN_POINT('Ctrl Pts',(69.7049045000197,19.5886693719785,3.10639535482685));
#7518=CARTESIAN_POINT('Ctrl Pts',(69.6522394341523,17.4308365814833,3.02478020915101));
#7519=CARTESIAN_POINT('Ctrl Pts',(69.610448615442,16.3291466732572,2.94819546691788));
#7520=CARTESIAN_POINT('Ctrl Pts',(69.8072474820843,32.5,3.25));
#7521=CARTESIAN_POINT('Ctrl Pts',(69.8072474820843,32.473761480802,3.24893085017422));
#7522=CARTESIAN_POINT('Ctrl Pts',(69.8072474820843,32.4475246098071,3.24786137076254));
#7523=CARTESIAN_POINT('Ctrl Pts',(69.8072474820842,31.3557688801772,3.20337605360346));
#7524=CARTESIAN_POINT('Ctrl Pts',(69.8072474820843,29.2248417436428,3.1167710623946));
#7525=CARTESIAN_POINT('Ctrl Pts',(69.8072474820843,26.0279599011602,2.97716032381433));
#7526=CARTESIAN_POINT('Ctrl Pts',(69.8072474820843,22.8323398675248,2.81874916998971));
#7527=CARTESIAN_POINT('Ctrl Pts',(69.8072474820843,19.6333644401538,2.61582425664732));
#7528=CARTESIAN_POINT('Ctrl Pts',(69.8072474820843,17.5014124134695,2.42691155258239));
#7529=CARTESIAN_POINT('Ctrl Pts',(69.8072474820843,16.4341896938595,2.28690501089257));
#7530=CARTESIAN_POINT('Ctrl Pts',(69.8072474820843,32.5,3.25));
#7531=CARTESIAN_POINT('Ctrl Pts',(69.8072474820843,32.4737841915172,3.2485329036754));
#7532=CARTESIAN_POINT('Ctrl Pts',(69.8072474820843,32.4475685949719,3.24706580757929));
#7533=CARTESIAN_POINT('Ctrl Pts',(69.8072474820842,31.3567575117519,3.18602235653426));
#7534=CARTESIAN_POINT('Ctrl Pts',(69.8072474820843,29.2275910702358,3.06710784236669));
#7535=CARTESIAN_POINT('Ctrl Pts',(69.8072474820843,26.0340563748485,2.87769276050328));
#7536=CARTESIAN_POINT('Ctrl Pts',(69.8072474820843,22.8429970355987,2.66664462233765));
#7537=CARTESIAN_POINT('Ctrl Pts',(69.8072474820843,19.6523720574144,2.40558982668691));
#7538=CARTESIAN_POINT('Ctrl Pts',(69.8072474820843,17.5322119687798,2.17102758567356));
#7539=CARTESIAN_POINT('Ctrl Pts',(69.8072474820843,16.4791666335803,2.00375606098617));
#7540=CARTESIAN_POINT('',(68.6534013281984,16.2502002153602,3.44519696998937));
#7541=CARTESIAN_POINT('',(69.8072474820843,16.4791666335803,2.00375606098618));
#7542=CARTESIAN_POINT('Origin',(68.3072474820843,16.4791666335803,2.00375606098618));
#7543=CARTESIAN_POINT('Ctrl Pts',(69.8072474820843,16.4791666335803,2.00375606098617));
#7544=CARTESIAN_POINT('Ctrl Pts',(69.8072474820843,17.5322119687798,2.17102758567356));
#7545=CARTESIAN_POINT('Ctrl Pts',(69.8072474820843,19.6523720574144,2.40558982668691));
#7546=CARTESIAN_POINT('Ctrl Pts',(69.8072474820843,22.8429970355987,2.66664462233765));
#7547=CARTESIAN_POINT('Ctrl Pts',(69.8072474820843,26.0340563748485,2.87769276050328));
#7548=CARTESIAN_POINT('Ctrl Pts',(69.8072474820843,29.2275910702358,3.06710784236669));
#7549=CARTESIAN_POINT('Ctrl Pts',(69.8072474820842,31.3567575117519,3.18602235653426));
#7550=CARTESIAN_POINT('Ctrl Pts',(69.8072474820843,32.4475685949719,3.24706580757929));
#7551=CARTESIAN_POINT('Ctrl Pts',(69.8072474820843,32.4737841915172,3.2485329036754));
#7552=CARTESIAN_POINT('Ctrl Pts',(69.8072474820843,32.5,3.25));
#7553=CARTESIAN_POINT('Ctrl Pts',(69.8072474820843,32.5,3.25));
#7554=CARTESIAN_POINT('Ctrl Pts',(69.8072474820843,32.4736283415796,3.25131781428151));
#7555=CARTESIAN_POINT('Ctrl Pts',(69.8072397333636,32.4472569109775,3.25263561022053));
#7556=CARTESIAN_POINT('Ctrl Pts',(69.8065917530154,31.3499612999201,3.30746895489144));
#7557=CARTESIAN_POINT('Ctrl Pts',(69.7801784472069,29.2085101020174,3.41491272850925));
#7558=CARTESIAN_POINT('Ctrl Pts',(69.6606286331224,25.9926945106328,3.55532591445707));
#7559=CARTESIAN_POINT('Ctrl Pts',(69.4574978393437,22.7746986210281,3.65553174628103));
#7560=CARTESIAN_POINT('Ctrl Pts',(69.147795148264,19.5368670676892,3.66730617239818));
#7561=CARTESIAN_POINT('Ctrl Pts',(68.8543821314473,17.3640799868853,3.57386737359889));
#7562=CARTESIAN_POINT('Ctrl Pts',(68.6534013282161,16.250200215387,3.44519696998937));
#7563=CARTESIAN_POINT('Ctrl Pts',(68.6534013282236,48.7497997845714,3.44519696999418));
#7564=CARTESIAN_POINT('Ctrl Pts',(68.8543821314527,47.6359200130768,3.57386737360095));
#7565=CARTESIAN_POINT('Ctrl Pts',(69.0739908923219,46.0069500416651,3.64335527672917));
#7566=CARTESIAN_POINT('Ctrl Pts',(69.3030368286531,43.8437116610418,3.66188312492673));
#7567=CARTESIAN_POINT('Ctrl Pts',(69.4901715535874,41.6902387408702,3.63723956106276));
#7568=CARTESIAN_POINT('Ctrl Pts',(69.6609617334594,39.0069127482126,3.55576450905721));
#7569=CARTESIAN_POINT('Ctrl Pts',(69.7798605330793,35.7918325102004,3.41448400006498));
#7570=CARTESIAN_POINT('Ctrl Pts',(69.8066081528355,33.6500189276448,3.30749039383668));
#7571=CARTESIAN_POINT('Ctrl Pts',(69.8072394538968,32.5527434235615,3.25263524410322));
#7572=CARTESIAN_POINT('Ctrl Pts',(69.8072474820843,32.5263716584203,3.25131781428151));
#7573=CARTESIAN_POINT('Ctrl Pts',(69.8072474820843,32.5,3.25));
#7574=CARTESIAN_POINT('Ctrl Pts',(69.0253486069111,48.7359607261965,3.3580742161808));
#7575=CARTESIAN_POINT('Ctrl Pts',(69.1755416980978,47.6184385017899,3.44354210896955));
#7576=CARTESIAN_POINT('Ctrl Pts',(69.3290570701148,45.9913176876238,3.48793774824526));
#7577=CARTESIAN_POINT('Ctrl Pts',(69.4837185723431,43.8300877676298,3.49905118411385));
#7578=CARTESIAN_POINT('Ctrl Pts',(69.6066591961864,41.6793398707353,3.483127362219));
#7579=CARTESIAN_POINT('Ctrl Pts',(69.7159262117673,38.9993527373505,3.43321691047889));
#7580=CARTESIAN_POINT('Ctrl Pts',(69.7901510428613,35.7880677742239,3.34800237903181));
#7581=CARTESIAN_POINT('Ctrl Pts',(69.8068354351033,33.6487163651855,3.28432105168161));
#7582=CARTESIAN_POINT('Ctrl Pts',(69.8072427599834,32.552684175982,3.25157490654206));
#7583=CARTESIAN_POINT('Ctrl Pts',(69.8072474820843,32.5263419727179,3.25078735511844));
#7584=CARTESIAN_POINT('Ctrl Pts',(69.8072474820843,32.5,3.25));
#7585=CARTESIAN_POINT('Ctrl Pts',(69.6104374852492,48.6708521498378,2.9481880580629));
#7586=CARTESIAN_POINT('Ctrl Pts',(69.6522538235125,47.5674412302588,3.02388954875878));
#7587=CARTESIAN_POINT('Ctrl Pts',(69.691653185399,45.9513609018171,3.0858298248641));
#7588=CARTESIAN_POINT('Ctrl Pts',(69.730501896766,43.8008974658775,3.14040771790354));
#7589=CARTESIAN_POINT('Ctrl Pts',(69.7604518705161,41.6582732351642,3.17892849090045));
#7590=CARTESIAN_POINT('Ctrl Pts',(69.7862138664984,38.9858111215654,3.20951455212658));
#7591=CARTESIAN_POINT('Ctrl Pts',(69.8034223772832,35.7816446197333,3.23248879906385));
#7592=CARTESIAN_POINT('Ctrl Pts',(69.8071647364936,33.6464590134366,3.24386993980329));
#7593=CARTESIAN_POINT('Ctrl Pts',(69.8072462027023,32.5525801497661,3.24971783865882));
#7594=CARTESIAN_POINT('Ctrl Pts',(69.8072474820843,32.5262900227388,3.24985905158307));
#7595=CARTESIAN_POINT('Ctrl Pts',(69.8072474820843,32.5,3.25));
#7596=CARTESIAN_POINT('Ctrl Pts',(69.8072474820843,48.5658103061006,2.2869050108978));
#7597=CARTESIAN_POINT('Ctrl Pts',(69.8069698379021,47.4976919281527,2.42685239441224));
#7598=CARTESIAN_POINT('Ctrl Pts',(69.8070879820639,45.8999077499895,2.56835926467161));
#7599=CARTESIAN_POINT('Ctrl Pts',(69.8070211599842,43.7668244825217,2.71762125630194));
#7600=CARTESIAN_POINT('Ctrl Pts',(69.8070368686327,41.6351650294529,2.84438857219363));
#7601=CARTESIAN_POINT('Ctrl Pts',(69.8071502303943,38.9718651312376,2.97744088014219));
#7602=CARTESIAN_POINT('Ctrl Pts',(69.8071752810114,35.77520010925,3.11657627448453));
#7603=CARTESIAN_POINT('Ctrl Pts',(69.8072399668851,33.6442053115746,3.20338734172668));
#7604=CARTESIAN_POINT('Ctrl Pts',(69.8072475972976,32.552476063584,3.24786123803077));
#7605=CARTESIAN_POINT('Ctrl Pts',(69.8072474820843,32.5262380727596,3.2489307480477));
#7606=CARTESIAN_POINT('Ctrl Pts',(69.8072474820843,32.5,3.25));
#7607=CARTESIAN_POINT('Ctrl Pts',(69.8072474820843,48.5208333663804,2.00375606099243));
#7608=CARTESIAN_POINT('Ctrl Pts',(69.8072474820843,47.4677880311832,2.17102758567794));
#7609=CARTESIAN_POINT('Ctrl Pts',(69.8072474820843,45.877850837891,2.34660131752748));
#7610=CARTESIAN_POINT('Ctrl Pts',(69.8072474820843,43.7522063437329,2.53636188740614));
#7611=CARTESIAN_POINT('Ctrl Pts',(69.8072474820843,41.6252470259162,2.70092891560628));
#7612=CARTESIAN_POINT('Ctrl Pts',(69.8072474820843,38.9658813547479,2.87793809328464));
#7613=CARTESIAN_POINT('Ctrl Pts',(69.8072474820843,35.772433274392,3.06686757316077));
#7614=CARTESIAN_POINT('Ctrl Pts',(69.8072474820842,33.6432389141979,3.18603434704247));
#7615=CARTESIAN_POINT('Ctrl Pts',(69.8072474820843,32.5524314632793,3.24706560278566));
#7616=CARTESIAN_POINT('Ctrl Pts',(69.8072474820843,32.5262158084828,3.2485329036754));
#7617=CARTESIAN_POINT('Ctrl Pts',(69.8072474820843,32.5,3.25));
#7618=CARTESIAN_POINT('',(68.6534013282118,48.7497997845892,3.44519696999418));
#7619=CARTESIAN_POINT('Ctrl Pts',(68.6534013282236,48.7497997845714,3.44519696999418));
#7620=CARTESIAN_POINT('Ctrl Pts',(68.8543821314527,47.6359200130768,3.57386737360095));
#7621=CARTESIAN_POINT('Ctrl Pts',(69.0739908923219,46.0069500416651,3.64335527672917));
#7622=CARTESIAN_POINT('Ctrl Pts',(69.3030368286531,43.8437116610418,3.66188312492673));
#7623=CARTESIAN_POINT('Ctrl Pts',(69.4901715535874,41.6902387408702,3.63723956106276));
#7624=CARTESIAN_POINT('Ctrl Pts',(69.6609617334594,39.0069127482126,3.55576450905721));
#7625=CARTESIAN_POINT('Ctrl Pts',(69.7798605330793,35.7918325102004,3.41448400006498));
#7626=CARTESIAN_POINT('Ctrl Pts',(69.8066081528355,33.6500189276448,3.30749039383668));
#7627=CARTESIAN_POINT('Ctrl Pts',(69.8072394538968,32.5527434235615,3.25263524410322));
#7628=CARTESIAN_POINT('Ctrl Pts',(69.8072474820843,32.5263716584203,3.25131781428151));
#7629=CARTESIAN_POINT('Ctrl Pts',(69.8072474820843,32.5,3.25));
#7630=CARTESIAN_POINT('',(69.8072474820843,48.5208333663804,2.00375606099243));
#7631=CARTESIAN_POINT('Ctrl Pts',(69.8072474820843,32.5,3.25));
#7632=CARTESIAN_POINT('Ctrl Pts',(69.8072474820843,32.5262158084828,3.2485329036754));
#7633=CARTESIAN_POINT('Ctrl Pts',(69.8072474820843,32.5524314632793,3.24706560278566));
#7634=CARTESIAN_POINT('Ctrl Pts',(69.8072474820842,33.6432389141979,3.18603434704247));
#7635=CARTESIAN_POINT('Ctrl Pts',(69.8072474820843,35.772433274392,3.06686757316077));
#7636=CARTESIAN_POINT('Ctrl Pts',(69.8072474820843,38.9658813547479,2.87793809328464));
#7637=CARTESIAN_POINT('Ctrl Pts',(69.8072474820843,41.6252470259162,2.70092891560628));
#7638=CARTESIAN_POINT('Ctrl Pts',(69.8072474820843,43.7522063437329,2.53636188740614));
#7639=CARTESIAN_POINT('Ctrl Pts',(69.8072474820843,45.877850837891,2.34660131752748));
#7640=CARTESIAN_POINT('Ctrl Pts',(69.8072474820843,47.4677880311832,2.17102758567794));
#7641=CARTESIAN_POINT('Ctrl Pts',(69.8072474820843,48.5208333663804,2.00375606099243));
#7642=CARTESIAN_POINT('Origin',(68.3072474820843,48.5208333663804,2.00375606099243));
#7643=CARTESIAN_POINT('Ctrl Pts',(49.6572474820843,55.9,3.25));
#7644=CARTESIAN_POINT('Ctrl Pts',(49.6353834475741,55.9,3.24852359312936));
#7645=CARTESIAN_POINT('Ctrl Pts',(49.6135195787155,55.9,3.247047122118));
#7646=CARTESIAN_POINT('Ctrl Pts',(48.7204395283488,55.9,3.18674538249246));
#7647=CARTESIAN_POINT('Ctrl Pts',(46.9780225070347,55.9,3.06937324111652));
#7648=CARTESIAN_POINT('Ctrl Pts',(44.3646721920457,55.9,2.88264727631735));
#7649=CARTESIAN_POINT('Ctrl Pts',(41.7541128604384,55.9,2.675546747853));
#7650=CARTESIAN_POINT('Ctrl Pts',(39.1445151351533,55.9,2.42073165422209));
#7651=CARTESIAN_POINT('Ctrl Pts',(37.4119496358045,55.9,2.19449866537011));
#7652=CARTESIAN_POINT('Ctrl Pts',(36.5537002483868,55.9,2.03366064556883));
#7653=CARTESIAN_POINT('Ctrl Pts',(49.6572474820843,55.9,3.25));
#7654=CARTESIAN_POINT('Ctrl Pts',(49.6353463645972,55.9,3.24906039316613));
#7655=CARTESIAN_POINT('Ctrl Pts',(49.6134481467026,55.9,3.248120026602));
#7656=CARTESIAN_POINT('Ctrl Pts',(48.7188537122519,55.9,3.2097449827645));
#7657=CARTESIAN_POINT('Ctrl Pts',(46.973639166255,55.9,3.13512451758846));
#7658=CARTESIAN_POINT('Ctrl Pts',(44.3549470557377,55.9,3.01430699882736));
#7659=CARTESIAN_POINT('Ctrl Pts',(41.7372432219765,55.9,2.87680002853801));
#7660=CARTESIAN_POINT('Ctrl Pts',(39.1145689787555,55.9,2.69892396963068));
#7661=CARTESIAN_POINT('Ctrl Pts',(37.3639323207968,55.9,2.5333292103046));
#7662=CARTESIAN_POINT('Ctrl Pts',(36.4832885724991,55.9,2.4093851028354));
#7663=CARTESIAN_POINT('Ctrl Pts',(49.6572474820843,55.9,3.25));
#7664=CARTESIAN_POINT('Ctrl Pts',(49.6352829516339,55.900000578629,3.25000016169419));
#7665=CARTESIAN_POINT('Ctrl Pts',(49.6133212702275,55.8999977097564,3.24999711715077));
#7666=CARTESIAN_POINT('Ctrl Pts',(48.7161421489966,55.8999038390746,3.25001216067417));
#7667=CARTESIAN_POINT('Ctrl Pts',(46.966299620139,55.895237330047,3.25033884082259));
#7668=CARTESIAN_POINT('Ctrl Pts',(44.338043091988,55.8720848652419,3.24474180685584));
#7669=CARTESIAN_POINT('Ctrl Pts',(41.7092294651861,55.8324749506018,3.22953203199568));
#7670=CARTESIAN_POINT('Ctrl Pts',(39.0615572931821,55.7630477146376,3.184874852048));
#7671=CARTESIAN_POINT('Ctrl Pts',(37.2831046328319,55.6926432525817,3.12561899501801));
#7672=CARTESIAN_POINT('Ctrl Pts',(36.3607838519749,55.6312052010163,3.0630837835055));
#7673=CARTESIAN_POINT('Ctrl Pts',(49.6572474820843,55.9,3.25));
#7674=CARTESIAN_POINT('Ctrl Pts',(49.6352200950362,55.9000002644399,3.25093875238843));
#7675=CARTESIAN_POINT('Ctrl Pts',(49.613193754794,55.8999939023483,3.25187565648863));
#7676=CARTESIAN_POINT('Ctrl Pts',(48.7134488572291,55.8995470558243,3.29023089655973));
#7677=CARTESIAN_POINT('Ctrl Pts',(46.9586465849779,55.8813041465664,3.36556668571596));
#7678=CARTESIAN_POINT('Ctrl Pts',(44.3219518886261,55.7962267166998,3.46466217665349));
#7679=CARTESIAN_POINT('Ctrl Pts',(41.6835108143925,55.6515085259685,3.5391921805622));
#7680=CARTESIAN_POINT('Ctrl Pts',(39.0213649457253,55.4204796256522,3.55224128456515));
#7681=CARTESIAN_POINT('Ctrl Pts',(37.2302403397204,55.1959313882846,3.49517409976226));
#7682=CARTESIAN_POINT('Ctrl Pts',(36.2970506321673,55.0251143051666,3.40317126360297));
#7683=CARTESIAN_POINT('Ctrl Pts',(49.6572474820843,55.9,3.25));
#7684=CARTESIAN_POINT('Ctrl Pts',(49.6351932201424,55.9,3.25134066152277));
#7685=CARTESIAN_POINT('Ctrl Pts',(49.6131390382233,55.8999919479269,3.25268118220499));
#7686=CARTESIAN_POINT('Ctrl Pts',(48.7122961669288,55.8993482433092,3.30745213082896));
#7687=CARTESIAN_POINT('Ctrl Pts',(46.9552937978407,55.8735402188394,3.41487600314888));
#7688=CARTESIAN_POINT('Ctrl Pts',(44.3153009906566,55.755293900977,3.55557413433515));
#7689=CARTESIAN_POINT('Ctrl Pts',(41.6732814768454,55.5556969671137,3.65831842191974));
#7690=CARTESIAN_POINT('Ctrl Pts',(39.0078541835364,55.2474581769034,3.6750892993347));
#7691=CARTESIAN_POINT('Ctrl Pts',(37.2154103778115,54.9561214764872,3.59192205028471));
#7692=CARTESIAN_POINT('Ctrl Pts',(36.2848639959559,54.7461538461538,3.4682004965914));
#7693=CARTESIAN_POINT('',(36.5537002483868,55.9,2.03366064556882));
#7694=CARTESIAN_POINT('',(36.2848639959547,54.7461538461528,3.4682004965914));
#7695=CARTESIAN_POINT('Origin',(36.5537002483868,54.4,2.03366064556882));
#7696=CARTESIAN_POINT('Ctrl Pts',(36.2848639959559,54.7461538461538,3.4682004965914));
#7697=CARTESIAN_POINT('Ctrl Pts',(37.2154103778115,54.9561214764872,3.59192205028471));
#7698=CARTESIAN_POINT('Ctrl Pts',(39.0078541835364,55.2474581769034,3.6750892993347));
#7699=CARTESIAN_POINT('Ctrl Pts',(41.6732814768454,55.5556969671137,3.65831842191974));
#7700=CARTESIAN_POINT('Ctrl Pts',(44.3153009906566,55.755293900977,3.55557413433515));
#7701=CARTESIAN_POINT('Ctrl Pts',(46.9552937978407,55.8735402188394,3.41487600314888));
#7702=CARTESIAN_POINT('Ctrl Pts',(48.7122961669288,55.8993482433092,3.30745213082896));
#7703=CARTESIAN_POINT('Ctrl Pts',(49.6131390382233,55.8999919479269,3.25268118220499));
#7704=CARTESIAN_POINT('Ctrl Pts',(49.6351932201424,55.9,3.25134066152277));
#7705=CARTESIAN_POINT('Ctrl Pts',(49.6572474820843,55.9,3.25));
#7706=CARTESIAN_POINT('Ctrl Pts',(49.6572474820843,55.9,3.25));
#7707=CARTESIAN_POINT('Ctrl Pts',(49.6353834475741,55.9,3.24852359312936));
#7708=CARTESIAN_POINT('Ctrl Pts',(49.6135195787155,55.9,3.247047122118));
#7709=CARTESIAN_POINT('Ctrl Pts',(48.7204395283488,55.9,3.18674538249246));
#7710=CARTESIAN_POINT('Ctrl Pts',(46.9780225070347,55.9,3.06937324111652));
#7711=CARTESIAN_POINT('Ctrl Pts',(44.3646721920457,55.9,2.88264727631735));
#7712=CARTESIAN_POINT('Ctrl Pts',(41.7541128604384,55.9,2.675546747853));
#7713=CARTESIAN_POINT('Ctrl Pts',(39.1445151351533,55.9,2.42073165422209));
#7714=CARTESIAN_POINT('Ctrl Pts',(37.4119496358045,55.9,2.19449866537011));
#7715=CARTESIAN_POINT('Ctrl Pts',(36.5537002483868,55.9,2.03366064556883));
#7716=CARTESIAN_POINT('Ctrl Pts',(62.7607947439657,55.9,2.03366064028711));
#7717=CARTESIAN_POINT('Ctrl Pts',(61.9025453548509,55.9,2.19449866169015));
#7718=CARTESIAN_POINT('Ctrl Pts',(60.169954880409,55.9,2.42112593373392));
#7719=CARTESIAN_POINT('Ctrl Pts',(57.5604645276732,55.9,2.67516195856875));
#7720=CARTESIAN_POINT('Ctrl Pts',(54.9499243870582,55.9000000000001,2.88275195388971));
#7721=CARTESIAN_POINT('Ctrl Pts',(52.3364722576838,55.9,3.0693059216673));
#7722=CARTESIAN_POINT('Ctrl Pts',(50.5940554462456,55.9000000000002,3.18675069957778));
#7723=CARTESIAN_POINT('Ctrl Pts',(49.7009753864603,55.9,3.24704703206351));
#7724=CARTESIAN_POINT('Ctrl Pts',(49.679111516673,55.9,3.24852359312569));
#7725=CARTESIAN_POINT('Ctrl Pts',(49.6572474820843,55.9,3.25));
#7726=CARTESIAN_POINT('Ctrl Pts',(62.8312064206449,55.9,2.40938509877863));
#7727=CARTESIAN_POINT('Ctrl Pts',(61.9487288571411,55.8989211021669,2.53246775333902));
#7728=CARTESIAN_POINT('Ctrl Pts',(60.1998740569184,55.8989366557321,2.69892543439918));
#7729=CARTESIAN_POINT('Ctrl Pts',(57.5766998274499,55.8990107902105,2.87592172643957));
#7730=CARTESIAN_POINT('Ctrl Pts',(54.9594379945655,55.8992086365108,3.01411861038132));
#7731=CARTESIAN_POINT('Ctrl Pts',(52.340695494302,55.8996506932589,3.1349091989171));
#7732=CARTESIAN_POINT('Ctrl Pts',(50.5955972832248,55.899956609271,3.20972594721154));
#7733=CARTESIAN_POINT('Ctrl Pts',(49.7010480140936,55.9000006781417,3.248120444408));
#7734=CARTESIAN_POINT('Ctrl Pts',(49.6791477504696,55.9,3.24906017758319));
#7735=CARTESIAN_POINT('Ctrl Pts',(49.6572474820843,55.9,3.25));
#7736=CARTESIAN_POINT('Ctrl Pts',(62.9537098152566,55.6311973840695,3.06307669901576));
#7737=CARTESIAN_POINT('Ctrl Pts',(62.0297620753193,55.6919522703137,3.1234829455079));
#7738=CARTESIAN_POINT('Ctrl Pts',(60.252424748234,55.763871891152,3.18572391735576));
#7739=CARTESIAN_POINT('Ctrl Pts',(57.6053538902518,55.8319113732671,3.22828370110482));
#7740=CARTESIAN_POINT('Ctrl Pts',(54.9762377410077,55.87234318472,3.24480568333008));
#7741=CARTESIAN_POINT('Ctrl Pts',(52.3481623411164,55.8951617516134,3.2500766555573));
#7742=CARTESIAN_POINT('Ctrl Pts',(50.5983038745806,55.8998934696381,3.24997607592961));
#7743=CARTESIAN_POINT('Ctrl Pts',(49.7011749820612,55.8999981926377,3.24999823774114));
#7744=CARTESIAN_POINT('Ctrl Pts',(49.6792111596136,55.9,3.24999920038383));
#7745=CARTESIAN_POINT('Ctrl Pts',(49.6572474820843,55.9,3.25));
#7746=CARTESIAN_POINT('Ctrl Pts',(63.0174443626651,55.0251142995691,3.40317126062344));
#7747=CARTESIAN_POINT('Ctrl Pts',(62.0835975695263,55.1957503408236,3.49362312660435));
#7748=CARTESIAN_POINT('Ctrl Pts',(60.2922919582019,55.421483354743,3.55286944790304));
#7749=CARTESIAN_POINT('Ctrl Pts',(57.6315511079425,55.6506943366622,3.53772220152157));
#7750=CARTESIAN_POINT('Ctrl Pts',(54.9923257571818,55.7964914487791,3.46461772892865));
#7751=CARTESIAN_POINT('Ctrl Pts',(52.3559145113784,55.8811619051709,3.36523673555004));
#7752=CARTESIAN_POINT('Ctrl Pts',(50.6010182325298,55.8995504080421,3.29020571061101));
#7753=CARTESIAN_POINT('Ctrl Pts',(49.7013018406236,55.899993992788,3.25187634736682));
#7754=CARTESIAN_POINT('Ctrl Pts',(49.6792745687576,55.9,3.25093822318446));
#7755=CARTESIAN_POINT('Ctrl Pts',(49.6572474820843,55.9,3.25));
#7756=CARTESIAN_POINT('Ctrl Pts',(63.0296309987707,54.7461538392587,3.46820049252855));
#7757=CARTESIAN_POINT('Ctrl Pts',(62.0990846137857,54.9561214718455,3.5919220487087));
#7758=CARTESIAN_POINT('Ctrl Pts',(60.3058463629221,55.2483061681383,3.67594477488864));
#7759=CARTESIAN_POINT('Ctrl Pts',(57.6420187212072,55.5549015114655,3.65751649434377));
#7760=CARTESIAN_POINT('Ctrl Pts',(54.9990688144193,55.7555331361315,3.55582530813773));
#7761=CARTESIAN_POINT('Ctrl Pts',(52.3593286268478,55.873398707075,3.4147326422612));
#7762=CARTESIAN_POINT('Ctrl Pts',(50.6021872655453,55.8993603263586,3.30746411477854));
#7763=CARTESIAN_POINT('Ctrl Pts',(49.7013561212641,55.899991744036,3.25268097994636));
#7764=CARTESIAN_POINT('Ctrl Pts',(49.6793017441051,55.9,3.25134066152759));
#7765=CARTESIAN_POINT('Ctrl Pts',(49.6572474820843,55.9,3.25));
#7766=CARTESIAN_POINT('',(62.7607947439657,55.9,2.03366064028711));
#7767=CARTESIAN_POINT('Ctrl Pts',(62.7607947439657,55.9,2.03366064028711));
#7768=CARTESIAN_POINT('Ctrl Pts',(61.9025453548509,55.9,2.19449866169015));
#7769=CARTESIAN_POINT('Ctrl Pts',(60.169954880409,55.9,2.42112593373392));
#7770=CARTESIAN_POINT('Ctrl Pts',(57.5604645276732,55.9,2.67516195856875));
#7771=CARTESIAN_POINT('Ctrl Pts',(54.9499243870582,55.9000000000001,2.88275195388971));
#7772=CARTESIAN_POINT('Ctrl Pts',(52.3364722576838,55.9,3.0693059216673));
#7773=CARTESIAN_POINT('Ctrl Pts',(50.5940554462456,55.9000000000002,3.18675069957778));
#7774=CARTESIAN_POINT('Ctrl Pts',(49.7009753864603,55.9,3.24704703206351));
#7775=CARTESIAN_POINT('Ctrl Pts',(49.679111516673,55.9,3.24852359312569));
#7776=CARTESIAN_POINT('Ctrl Pts',(49.6572474820843,55.9,3.25));
#7777=CARTESIAN_POINT('',(63.0296310076746,54.7461538323436,3.46820049252855));
#7778=CARTESIAN_POINT('Ctrl Pts',(49.6572474820843,55.9,3.25));
#7779=CARTESIAN_POINT('Ctrl Pts',(49.6793017441051,55.9,3.25134066152759));
#7780=CARTESIAN_POINT('Ctrl Pts',(49.7013561212641,55.899991744036,3.25268097994636));
#7781=CARTESIAN_POINT('Ctrl Pts',(50.6021872655453,55.8993603263586,3.30746411477854));
#7782=CARTESIAN_POINT('Ctrl Pts',(52.3593286268478,55.873398707075,3.4147326422612));
#7783=CARTESIAN_POINT('Ctrl Pts',(54.9990688144193,55.7555331361315,3.55582530813773));
#7784=CARTESIAN_POINT('Ctrl Pts',(57.6420187212072,55.5549015114655,3.65751649434377));
#7785=CARTESIAN_POINT('Ctrl Pts',(60.3058463629221,55.2483061681383,3.67594477488864));
#7786=CARTESIAN_POINT('Ctrl Pts',(62.0990846137857,54.9561214718455,3.5919220487087));
#7787=CARTESIAN_POINT('Ctrl Pts',(63.0296309987707,54.7461538392587,3.46820049252855));
#7788=CARTESIAN_POINT('Origin',(62.7607947439657,54.4,2.03366064028711));
#7789=CARTESIAN_POINT('Origin',(68.3072474820843,20.8,1.75));
#7790=CARTESIAN_POINT('',(69.8072474820843,9.10000000000002,1.75));
#7791=CARTESIAN_POINT('',(69.8072474820843,13.4288227770523,1.75));
#7792=CARTESIAN_POINT('',(69.8072474820843,20.8,1.75));
#7793=CARTESIAN_POINT('',(68.3072474820838,13.4288227770523,3.25));
#7794=CARTESIAN_POINT('Origin',(68.3072474820843,13.4288227770523,1.75));
#7795=CARTESIAN_POINT('',(68.3072474820843,10.6,3.25));
#7796=CARTESIAN_POINT('',(68.3072474820843,20.8,3.25));
#7797=CARTESIAN_POINT('Origin',(68.3072474820843,10.6,1.75));
#7798=CARTESIAN_POINT('Origin',(69.8072474820843,10.6,1.75));
#7799=CARTESIAN_POINT('',(65.6861022850074,10.6000000000517,3.25));
#7800=CARTESIAN_POINT('',(69.8072474820843,10.6,3.25));
#7801=CARTESIAN_POINT('',(65.6861022850074,9.10000000000002,1.75));
#7802=CARTESIAN_POINT('Origin',(65.6861022850074,10.6,1.75));
#7803=CARTESIAN_POINT('',(69.8072474820843,9.10000000000002,1.75));
#7804=CARTESIAN_POINT('Ctrl Pts',(49.6572474820843,9.10000000000002,3.25));
#7805=CARTESIAN_POINT('Ctrl Pts',(49.6351932197886,9.10000000000002,3.2513406615397));
#7806=CARTESIAN_POINT('Ctrl Pts',(49.6131392168858,9.10000785298501,3.25268139700225));
#7807=CARTESIAN_POINT('Ctrl Pts',(48.7122847271477,9.100664455357,3.30743843140286));
#7808=CARTESIAN_POINT('Ctrl Pts',(46.9552025601884,9.1265623234782,3.41476485208546));
#7809=CARTESIAN_POINT('Ctrl Pts',(44.3151726821273,9.24484974453987,3.55541798317623));
#7810=CARTESIAN_POINT('Ctrl Pts',(41.673137874768,9.44446498648344,3.65814193701503));
#7811=CARTESIAN_POINT('Ctrl Pts',(39.0077124918732,9.75271566997243,3.6748948978781));
#7812=CARTESIAN_POINT('Ctrl Pts',(37.2154103503235,10.043878528168,3.59192204870079));
#7813=CARTESIAN_POINT('Ctrl Pts',(36.284863965398,10.2538461607413,3.46820049252854));
#7814=CARTESIAN_POINT('Ctrl Pts',(49.6572474820843,9.10000000000002,3.25));
#7815=CARTESIAN_POINT('Ctrl Pts',(49.6352290529808,9.09999964741355,3.2508047826848));
#7816=CARTESIAN_POINT('Ctrl Pts',(49.6132121723145,9.10000524708967,3.25160736269629));
#7817=CARTESIAN_POINT('Ctrl Pts',(48.7138216475521,9.10039937200171,3.28447678563736));
#7818=CARTESIAN_POINT('Ctrl Pts',(46.9596729430512,9.11621041977994,3.34901909533992));
#7819=CARTESIAN_POINT('Ctrl Pts',(44.3240405461066,9.19027265665025,3.43420203934687));
#7820=CARTESIAN_POINT('Ctrl Pts',(41.6867769915355,9.31671624071109,3.49930694834541));
#7821=CARTESIAN_POINT('Ctrl Pts',(39.0257268414846,9.52202040407491,3.51109754497408));
#7822=CARTESIAN_POINT('Ctrl Pts',(37.2351836328884,9.72413197766882,3.46292478200905));
#7823=CARTESIAN_POINT('Ctrl Pts',(36.3011128135387,9.88189888032741,3.38149484998839));
#7824=CARTESIAN_POINT('Ctrl Pts',(49.6572474820843,9.10000000000002,3.25));
#7825=CARTESIAN_POINT('Ctrl Pts',(49.6352917530235,9.09999987486031,3.24986569029206));
#7826=CARTESIAN_POINT('Ctrl Pts',(49.6133398111458,9.1000012567835,3.2497293736226));
#7827=CARTESIAN_POINT('Ctrl Pts',(48.7165126365893,9.10009047256656,3.24424143850743));
#7828=CARTESIAN_POINT('Ctrl Pts',(46.9672519274533,9.10367962748655,3.23373201139147));
#7829=CARTESIAN_POINT('Ctrl Pts',(44.3403718092042,9.12095889063396,3.21172021263551));
#7830=CARTESIAN_POINT('Ctrl Pts',(41.7129208471912,9.15066479885827,3.17879185663616));
#7831=CARTESIAN_POINT('Ctrl Pts',(39.0690986790688,9.20127760836657,3.11615310443938));
#7832=CARTESIAN_POINT('Ctrl Pts',(37.2939330080774,9.25302213870354,3.04234278510463));
#7833=CARTESIAN_POINT('Ctrl Pts',(36.3775503393491,9.29674247869637,2.97361579713825));
#7834=CARTESIAN_POINT('Ctrl Pts',(49.6572474820843,9.10000000000002,3.25));
#7835=CARTESIAN_POINT('Ctrl Pts',(49.6353556349901,9.10000000000002,3.2489261931386));
#7836=CARTESIAN_POINT('Ctrl Pts',(49.6134660048605,9.10000000000002,3.24785190804055));
#7837=CARTESIAN_POINT('Ctrl Pts',(48.7192501134601,9.1,3.20398821930108));
#7838=CARTESIAN_POINT('Ctrl Pts',(46.9747360038139,9.10000000000002,3.11863112160237));
#7839=CARTESIAN_POINT('Ctrl Pts',(44.3573797078906,9.10000000000001,2.98131396586935));
#7840=CARTESIAN_POINT('Ctrl Pts',(41.741463339665,9.10000000000002,2.82639851855354));
#7841=CARTESIAN_POINT('Ctrl Pts',(39.1220714213445,9.10000000000002,2.62927855492259));
#7842=CARTESIAN_POINT('Ctrl Pts',(37.3759366227618,9.10000000000002,2.44862157112142));
#7843=CARTESIAN_POINT('Ctrl Pts',(36.5008914626936,9.10000000000002,2.31545398415574));
#7844=CARTESIAN_POINT('Ctrl Pts',(49.6572474820843,9.10000000000002,3.25));
#7845=CARTESIAN_POINT('Ctrl Pts',(49.6353834472233,9.10000000000002,3.24852359310422));
#7846=CARTESIAN_POINT('Ctrl Pts',(49.6135195788711,9.10000000000002,3.2470472296644));
#7847=CARTESIAN_POINT('Ctrl Pts',(48.7204394755372,9.1,3.18673851904375));
#7848=CARTESIAN_POINT('Ctrl Pts',(46.978023509406,9.10000000000002,3.06931766411781));
#7849=CARTESIAN_POINT('Ctrl Pts',(44.3646735601446,9.10000000000001,2.8825691737434));
#7850=CARTESIAN_POINT('Ctrl Pts',(41.7541155685561,9.10000000000002,2.67545855764231));
#7851=CARTESIAN_POINT('Ctrl Pts',(39.1445310387487,9.10000000000002,2.42063431789541));
#7852=CARTESIAN_POINT('Ctrl Pts',(37.411949609263,9.10000000000002,2.19449866167987));
#7853=CARTESIAN_POINT('Ctrl Pts',(36.553700220203,9.10000000000002,2.03366064028711));
#7854=CARTESIAN_POINT('',(36.2848639564941,10.2538461676564,3.46820049252854));
#7855=CARTESIAN_POINT('',(36.553700220203,9.10000000000002,2.03366064028711));
#7856=CARTESIAN_POINT('Origin',(36.553700220203,10.6,2.03366064028711));
#7857=CARTESIAN_POINT('Ctrl Pts',(36.553700220203,9.10000000000002,2.03366064028711));
#7858=CARTESIAN_POINT('Ctrl Pts',(37.411949609263,9.10000000000002,2.19449866167987));
#7859=CARTESIAN_POINT('Ctrl Pts',(39.1445310387487,9.10000000000002,2.42063431789541));
#7860=CARTESIAN_POINT('Ctrl Pts',(41.7541155685561,9.10000000000002,2.67545855764231));
#7861=CARTESIAN_POINT('Ctrl Pts',(44.3646735601446,9.10000000000001,2.8825691737434));
#7862=CARTESIAN_POINT('Ctrl Pts',(46.978023509406,9.10000000000002,3.06931766411781));
#7863=CARTESIAN_POINT('Ctrl Pts',(48.7204394755372,9.1,3.18673851904375));
#7864=CARTESIAN_POINT('Ctrl Pts',(49.6135195788711,9.10000000000002,3.2470472296644));
#7865=CARTESIAN_POINT('Ctrl Pts',(49.6353834472233,9.10000000000002,3.24852359310422));
#7866=CARTESIAN_POINT('Ctrl Pts',(49.6572474820843,9.10000000000002,3.25));
#7867=CARTESIAN_POINT('Ctrl Pts',(49.6572474820843,9.10000000000002,3.25));
#7868=CARTESIAN_POINT('Ctrl Pts',(49.6351932197886,9.10000000000002,3.2513406615397));
#7869=CARTESIAN_POINT('Ctrl Pts',(49.6131392168858,9.10000785298501,3.25268139700225));
#7870=CARTESIAN_POINT('Ctrl Pts',(48.7122847271477,9.100664455357,3.30743843140286));
#7871=CARTESIAN_POINT('Ctrl Pts',(46.9552025601884,9.1265623234782,3.41476485208546));
#7872=CARTESIAN_POINT('Ctrl Pts',(44.3151726821273,9.24484974453987,3.55541798317623));
#7873=CARTESIAN_POINT('Ctrl Pts',(41.673137874768,9.44446498648344,3.65814193701503));
#7874=CARTESIAN_POINT('Ctrl Pts',(39.0077124918732,9.75271566997243,3.6748948978781));
#7875=CARTESIAN_POINT('Ctrl Pts',(37.2154103503235,10.043878528168,3.59192204870079));
#7876=CARTESIAN_POINT('Ctrl Pts',(36.284863965398,10.2538461607413,3.46820049252854));
#7877=CARTESIAN_POINT('Ctrl Pts',(63.0296309682127,10.2538461538463,3.4682004965914));
#7878=CARTESIAN_POINT('Ctrl Pts',(62.0990845863393,10.0438785235088,3.59192205028708));
#7879=CARTESIAN_POINT('Ctrl Pts',(60.3060209575141,9.7518494230902,3.67580971064113));
#7880=CARTESIAN_POINT('Ctrl Pts',(57.6418269293363,9.44494210110005,3.65757461089596));
#7881=CARTESIAN_POINT('Ctrl Pts',(54.1179205549887,9.1776182802207,3.52193200150975));
#7882=CARTESIAN_POINT('Ctrl Pts',(51.4807839698683,9.10116973333007,3.36099332745905));
#7883=CARTESIAN_POINT('Ctrl Pts',(49.7013576900608,9.10000902453704,3.25268019709867));
#7884=CARTESIAN_POINT('Ctrl Pts',(49.6793017442827,9.10000000000002,3.25134066153378));
#7885=CARTESIAN_POINT('Ctrl Pts',(49.6572474820843,9.10000000000002,3.25));
#7886=CARTESIAN_POINT('Ctrl Pts',(63.0133821199309,9.88189887516243,3.38149485260683));
#7887=CARTESIAN_POINT('Ctrl Pts',(62.0782309688944,9.72498992195512,3.46012055491487));
#7888=CARTESIAN_POINT('Ctrl Pts',(60.2878738535324,9.52148257568635,3.51126141288348));
#7889=CARTESIAN_POINT('Ctrl Pts',(57.6276885381826,9.31801276723031,3.4970197160236));
#7890=CARTESIAN_POINT('Ctrl Pts',(54.1105394540883,9.14778651567241,3.41279629764446));
#7891=CARTESIAN_POINT('Ctrl Pts',(51.4777277829303,9.10078941852251,3.31643835630082));
#7892=CARTESIAN_POINT('Ctrl Pts',(49.7012857263128,9.10000504183282,3.25160857789752));
#7893=CARTESIAN_POINT('Ctrl Pts',(49.6792655104858,9.10000000000002,3.25080407707243));
#7894=CARTESIAN_POINT('Ctrl Pts',(49.6572474820843,9.10000000000002,3.25));
#7895=CARTESIAN_POINT('Ctrl Pts',(62.9369414472519,9.29676782929702,2.97359900446352));
#7896=CARTESIAN_POINT('Ctrl Pts',(62.0184341299369,9.25308167960801,3.04120643494727));
#7897=CARTESIAN_POINT('Ctrl Pts',(60.2452180210542,9.20086852211115,3.11699688907804));
#7898=CARTESIAN_POINT('Ctrl Pts',(57.6010828244251,9.15069274129773,3.1782563542074));
#7899=CARTESIAN_POINT('Ctrl Pts',(54.0978798791035,9.11073201117276,3.22322769320766));
#7900=CARTESIAN_POINT('Ctrl Pts',(51.4725343888067,9.10012336874558,3.23890376011472));
#7901=CARTESIAN_POINT('Ctrl Pts',(49.7011584858826,9.1000016559041,3.24972957258936));
#7902=CARTESIAN_POINT('Ctrl Pts',(49.6792021013412,9.10000000000002,3.24986505426508));
#7903=CARTESIAN_POINT('Ctrl Pts',(49.6572474820843,9.10000000000002,3.25));
#7904=CARTESIAN_POINT('Ctrl Pts',(62.8136034726976,9.10000000000002,2.31545398851876));
#7905=CARTESIAN_POINT('Ctrl Pts',(61.9373210756607,9.10029005900109,2.44847479933531));
#7906=CARTESIAN_POINT('Ctrl Pts',(60.1925711368783,9.10021238744902,2.62986774106237));
#7907=CARTESIAN_POINT('Ctrl Pts',(57.5725945119057,9.10027427099407,2.82617003067882));
#7908=CARTESIAN_POINT('Ctrl Pts',(54.0850991048111,9.10010975867773,3.0333756055509));
#7909=CARTESIAN_POINT('Ctrl Pts',(51.4674075215347,9.1000334678002,3.16125766482859));
#7910=CARTESIAN_POINT('Ctrl Pts',(49.7010306799289,9.09999971998993,3.24785148216101));
#7911=CARTESIAN_POINT('Ctrl Pts',(49.6791386921967,9.10000000000002,3.24892603145772));
#7912=CARTESIAN_POINT('Ctrl Pts',(49.6572474820843,9.10000000000002,3.25));
#7913=CARTESIAN_POINT('Ctrl Pts',(62.7607947157818,9.10000000000002,2.03366064556882));
#7914=CARTESIAN_POINT('Ctrl Pts',(61.9025453283476,9.10000000000002,2.19449866537318));
#7915=CARTESIAN_POINT('Ctrl Pts',(60.1699958338569,9.10000000000002,2.42106817643789));
#7916=CARTESIAN_POINT('Ctrl Pts',(57.5603619419511,9.10000000000002,2.67517136149274));
#7917=CARTESIAN_POINT('Ctrl Pts',(54.0796137422852,9.10000000000002,2.95196167782799));
#7918=CARTESIAN_POINT('Ctrl Pts',(51.4652075254725,9.10000000000001,3.1279670045829));
#7919=CARTESIAN_POINT('Ctrl Pts',(49.7009759291228,9.10000000000002,3.24704670137975));
#7920=CARTESIAN_POINT('Ctrl Pts',(49.679111516849,9.10000000000002,3.24852359311171));
#7921=CARTESIAN_POINT('Ctrl Pts',(49.6572474820843,9.10000000000002,3.25));
#7922=CARTESIAN_POINT('',(63.0296309682139,10.2538461538472,3.4682004965914));
#7923=CARTESIAN_POINT('Ctrl Pts',(63.0296309682127,10.2538461538463,3.4682004965914));
#7924=CARTESIAN_POINT('Ctrl Pts',(62.0990845863393,10.0438785235088,3.59192205028708));
#7925=CARTESIAN_POINT('Ctrl Pts',(60.3060209575141,9.7518494230902,3.67580971064113));
#7926=CARTESIAN_POINT('Ctrl Pts',(57.6418269293363,9.44494210110005,3.65757461089596));
#7927=CARTESIAN_POINT('Ctrl Pts',(54.1179205549887,9.1776182802207,3.52193200150975));
#7928=CARTESIAN_POINT('Ctrl Pts',(51.4807839698683,9.10116973333007,3.36099332745905));
#7929=CARTESIAN_POINT('Ctrl Pts',(49.7013576900608,9.10000902453704,3.25268019709867));
#7930=CARTESIAN_POINT('Ctrl Pts',(49.6793017442827,9.10000000000002,3.25134066153378));
#7931=CARTESIAN_POINT('Ctrl Pts',(49.6572474820843,9.10000000000002,3.25));
#7932=CARTESIAN_POINT('',(62.7607947157818,9.10000000000002,2.03366064556883));
#7933=CARTESIAN_POINT('Ctrl Pts',(49.6572474820843,9.10000000000002,3.25));
#7934=CARTESIAN_POINT('Ctrl Pts',(49.679111516849,9.10000000000002,3.24852359311171));
#7935=CARTESIAN_POINT('Ctrl Pts',(49.7009759291228,9.10000000000002,3.24704670137975));
#7936=CARTESIAN_POINT('Ctrl Pts',(51.4652075254725,9.10000000000001,3.1279670045829));
#7937=CARTESIAN_POINT('Ctrl Pts',(54.0796137422852,9.10000000000002,2.95196167782799));
#7938=CARTESIAN_POINT('Ctrl Pts',(57.5603619419511,9.10000000000002,2.67517136149274));
#7939=CARTESIAN_POINT('Ctrl Pts',(60.1699958338569,9.10000000000002,2.42106817643789));
#7940=CARTESIAN_POINT('Ctrl Pts',(61.9025453283476,9.10000000000002,2.19449866537318));
#7941=CARTESIAN_POINT('Ctrl Pts',(62.7607947157818,9.10000000000002,2.03366064556882));
#7942=CARTESIAN_POINT('Origin',(62.7607947157818,10.6,2.03366064556883));
#7943=CARTESIAN_POINT('Origin',(69.8072474820843,10.6,1.75));
#7944=CARTESIAN_POINT('',(29.5072474820843,9.10000000000002,1.75));
#7945=CARTESIAN_POINT('',(33.6283926792721,9.10000000000002,1.75));
#7946=CARTESIAN_POINT('',(69.8072474820843,9.10000000000002,1.75));
#7947=CARTESIAN_POINT('',(33.6283926792721,10.6,3.25));
#7948=CARTESIAN_POINT('Origin',(33.6283926792721,10.6,1.75));
#7949=CARTESIAN_POINT('',(31.0072474820843,10.6,3.25));
#7950=CARTESIAN_POINT('',(69.8072474820843,10.6,3.25));
#7951=CARTESIAN_POINT('Origin',(31.0072474820843,10.6,1.75));
#7952=CARTESIAN_POINT('Origin',(31.0072474820843,20.8,1.75));
#7953=CARTESIAN_POINT('',(31.0072474820848,13.4288227770523,3.25));
#7954=CARTESIAN_POINT('',(31.0072474820843,20.8,3.25));
#7955=CARTESIAN_POINT('',(29.5072474820843,13.4288227770523,1.75));
#7956=CARTESIAN_POINT('Origin',(31.0072474820843,13.4288227770523,1.75));
#7957=CARTESIAN_POINT('',(29.5072474820843,20.8,1.75));
#7958=CARTESIAN_POINT('Ctrl Pts',(30.661093635945,16.2502002154287,3.44519696999418));
#7959=CARTESIAN_POINT('Ctrl Pts',(30.4601128327191,17.3640799869062,3.57386737359898));
#7960=CARTESIAN_POINT('Ctrl Pts',(30.1663658151486,19.5372460112984,3.66771402505937));
#7961=CARTESIAN_POINT('Ctrl Pts',(29.8576728833535,22.774026352376,3.65462605800966));
#7962=CARTESIAN_POINT('Ctrl Pts',(29.6539137263028,25.9925495520501,3.55526101962668));
#7963=CARTESIAN_POINT('Ctrl Pts',(29.5544004145868,28.672406282921,3.43808431695555));
#7964=CARTESIAN_POINT('Ctrl Pts',(29.5146263546743,30.8144580215198,3.33418947134343));
#7965=CARTESIAN_POINT('Ctrl Pts',(29.5075824138427,31.8854344636771,3.28071582789094));
#7966=CARTESIAN_POINT('Ctrl Pts',(29.5072553870939,32.4472565318382,3.25263545085464));
#7967=CARTESIAN_POINT('Ctrl Pts',(29.5072474820843,32.4736283415019,3.25131781428508));
#7968=CARTESIAN_POINT('Ctrl Pts',(29.5072474820843,32.5,3.25));
#7969=CARTESIAN_POINT('Ctrl Pts',(30.2891463572576,16.2640392738036,3.3580742161808));
#7970=CARTESIAN_POINT('Ctrl Pts',(30.1389532660732,17.381561498193,3.44354210896824));
#7971=CARTESIAN_POINT('Ctrl Pts',(29.9335899471774,19.5524975980647,3.5033143276726));
#7972=CARTESIAN_POINT('Ctrl Pts',(29.7286845365842,22.7856931332179,3.49429001184352));
#7973=CARTESIAN_POINT('Ctrl Pts',(29.5989379126695,26.0000359114983,3.43285754638738));
#7974=CARTESIAN_POINT('Ctrl Pts',(29.5365183819329,28.676778432187,3.36246322008653));
#7975=CARTESIAN_POINT('Ctrl Pts',(29.5118540919228,30.8163638942453,3.30024643191439));
#7976=CARTESIAN_POINT('Ctrl Pts',(29.5074574042698,31.8861279791171,3.26834733133197));
#7977=CARTESIAN_POINT('Ctrl Pts',(29.5072523107197,32.4473158559965,3.25157472118675));
#7978=CARTESIAN_POINT('Ctrl Pts',(29.5072474820843,32.4736580272044,3.25078735512077));
#7979=CARTESIAN_POINT('Ctrl Pts',(29.5072474820843,32.5,3.25));
#7980=CARTESIAN_POINT('Ctrl Pts',(29.7039963888424,16.3291413907332,2.94822872291375));
#7981=CARTESIAN_POINT('Ctrl Pts',(29.6621800505797,17.4325523102953,3.02393021360846));
#7982=CARTESIAN_POINT('Ctrl Pts',(29.6093477552525,19.588594198404,3.10702594436985));
#7983=CARTESIAN_POINT('Ctrl Pts',(29.5590036708768,22.8082279336188,3.17315768161997));
#7984=CARTESIAN_POINT('Ctrl Pts',(29.5283778975662,26.013630328264,3.20931881280544));
#7985=CARTESIAN_POINT('Ctrl Pts',(29.513964492481,28.6844237227748,3.2286294207793));
#7986=CARTESIAN_POINT('Ctrl Pts',(29.508286770069,30.8196752737342,3.24099520255527));
#7987=CARTESIAN_POINT('Ctrl Pts',(29.5072934111232,31.887337048835,3.24671885738517));
#7988=CARTESIAN_POINT('Ctrl Pts',(29.5072486634657,32.4474198002969,3.2497179961115));
#7989=CARTESIAN_POINT('Ctrl Pts',(29.5072474820843,32.4737099771836,3.24985905158322));
#7990=CARTESIAN_POINT('Ctrl Pts',(29.5072474820843,32.5,3.25));
#7991=CARTESIAN_POINT('Ctrl Pts',(29.5072474820843,16.4341896938995,2.2869050108978));
#7992=CARTESIAN_POINT('Ctrl Pts',(29.5075251262666,17.5023080718309,2.42685239441009));
#7993=CARTESIAN_POINT('Ctrl Pts',(29.5074349723477,19.6332599992024,2.61617734617429));
#7994=CARTESIAN_POINT('Ctrl Pts',(29.5073858296768,22.8325711702787,2.81828636505806));
#7995=CARTESIAN_POINT('Ctrl Pts',(29.5073441980731,26.0278431817376,2.97717084318617));
#7996=CARTESIAN_POINT('Ctrl Pts',(29.5072704681605,28.6920844832622,3.09338467293858));
#7997=CARTESIAN_POINT('Ctrl Pts',(29.5072613503906,30.8229992801514,3.18165037197349));
#7998=CARTESIAN_POINT('Ctrl Pts',(29.5072487787571,31.8885444738437,3.22508547196962));
#7999=CARTESIAN_POINT('Ctrl Pts',(29.5072474479241,32.4475237952518,3.24786138327697));
#8000=CARTESIAN_POINT('Ctrl Pts',(29.5072474820843,32.4737619271629,3.24893074804567));
#8001=CARTESIAN_POINT('Ctrl Pts',(29.5072474820843,32.5,3.25));
#8002=CARTESIAN_POINT('Ctrl Pts',(29.5072474820843,16.4791666336196,2.00375606099243));
#8003=CARTESIAN_POINT('Ctrl Pts',(29.5072474820843,17.5322119688007,2.17102758567537));
#8004=CARTESIAN_POINT('Ctrl Pts',(29.5072474820843,19.6524106414475,2.40579783252337));
#8005=CARTESIAN_POINT('Ctrl Pts',(29.5072474820843,22.8430138486078,2.66615237893911));
#8006=CARTESIAN_POINT('Ctrl Pts',(29.5072474820843,26.033940141796,2.87763921476034));
#8007=CARTESIAN_POINT('Ctrl Pts',(29.5072474820843,28.6953692622589,3.03541331945702));
#8008=CARTESIAN_POINT('Ctrl Pts',(29.5072474820843,30.8244246889632,3.15621117054474));
#8009=CARTESIAN_POINT('Ctrl Pts',(29.5072474820844,31.8890620266892,3.21581349324124));
#8010=CARTESIAN_POINT('Ctrl Pts',(29.5072474820843,32.4475683622626,3.24706570595481));
#8011=CARTESIAN_POINT('Ctrl Pts',(29.5072474820843,32.4737841914397,3.24853290367244));
#8012=CARTESIAN_POINT('Ctrl Pts',(29.5072474820843,32.5,3.25));
#8013=CARTESIAN_POINT('',(30.6610936359569,16.2502002154108,3.44519696999418));
#8014=CARTESIAN_POINT('Ctrl Pts',(30.661093635945,16.2502002154287,3.44519696999418));
#8015=CARTESIAN_POINT('Ctrl Pts',(30.4601128327191,17.3640799869062,3.57386737359898));
#8016=CARTESIAN_POINT('Ctrl Pts',(30.1663658151486,19.5372460112984,3.66771402505937));
#8017=CARTESIAN_POINT('Ctrl Pts',(29.8576728833535,22.774026352376,3.65462605800966));
#8018=CARTESIAN_POINT('Ctrl Pts',(29.6539137263028,25.9925495520501,3.55526101962668));
#8019=CARTESIAN_POINT('Ctrl Pts',(29.5544004145868,28.672406282921,3.43808431695555));
#8020=CARTESIAN_POINT('Ctrl Pts',(29.5146263546743,30.8144580215198,3.33418947134343));
#8021=CARTESIAN_POINT('Ctrl Pts',(29.5075824138427,31.8854344636771,3.28071582789094));
#8022=CARTESIAN_POINT('Ctrl Pts',(29.5072553870939,32.4472565318382,3.25263545085464));
#8023=CARTESIAN_POINT('Ctrl Pts',(29.5072474820843,32.4736283415019,3.25131781428508));
#8024=CARTESIAN_POINT('Ctrl Pts',(29.5072474820843,32.5,3.25));
#8025=CARTESIAN_POINT('',(29.5072474820843,16.4791666336196,2.00375606099243));
#8026=CARTESIAN_POINT('Ctrl Pts',(29.5072474820843,32.5,3.25));
#8027=CARTESIAN_POINT('Ctrl Pts',(29.5072474820843,32.4737841914397,3.24853290367244));
#8028=CARTESIAN_POINT('Ctrl Pts',(29.5072474820843,32.4475683622626,3.24706570595481));
#8029=CARTESIAN_POINT('Ctrl Pts',(29.5072474820844,31.8890620266892,3.21581349324124));
#8030=CARTESIAN_POINT('Ctrl Pts',(29.5072474820843,30.8244246889632,3.15621117054474));
#8031=CARTESIAN_POINT('Ctrl Pts',(29.5072474820843,28.6953692622589,3.03541331945702));
#8032=CARTESIAN_POINT('Ctrl Pts',(29.5072474820843,26.033940141796,2.87763921476034));
#8033=CARTESIAN_POINT('Ctrl Pts',(29.5072474820843,22.8430138486078,2.66615237893911));
#8034=CARTESIAN_POINT('Ctrl Pts',(29.5072474820843,19.6524106414475,2.40579783252337));
#8035=CARTESIAN_POINT('Ctrl Pts',(29.5072474820843,17.5322119688007,2.17102758567537));
#8036=CARTESIAN_POINT('Ctrl Pts',(29.5072474820843,16.4791666336196,2.00375606099243));
#8037=CARTESIAN_POINT('Origin',(31.0072474820843,16.4791666336196,2.00375606099243));
#8038=CARTESIAN_POINT('Ctrl Pts',(29.5072474820843,32.5,3.25));
#8039=CARTESIAN_POINT('Ctrl Pts',(29.5072474820843,32.5263716585005,3.25131781428519));
#8040=CARTESIAN_POINT('Ctrl Pts',(29.5072551731981,32.5527430372354,3.25263569094398));
#8041=CARTESIAN_POINT('Ctrl Pts',(29.5079069433985,33.6500420623449,3.30746372433776));
#8042=CARTESIAN_POINT('Ctrl Pts',(29.5343456299617,35.791515107931,3.41487155737884));
#8043=CARTESIAN_POINT('Ctrl Pts',(29.6539088542697,39.0073434383299,3.55526557779719));
#8044=CARTESIAN_POINT('Ctrl Pts',(29.8570458502221,42.2253458088748,3.65546262166137));
#8045=CARTESIAN_POINT('Ctrl Pts',(30.1667550769416,45.463181659676,3.66722595756569));
#8046=CARTESIAN_POINT('Ctrl Pts',(30.4601128327246,47.6359200131323,3.57386737359686));
#8047=CARTESIAN_POINT('Ctrl Pts',(30.6610936359525,48.749799784613,3.44519696998937));
#8048=CARTESIAN_POINT('Ctrl Pts',(29.5072474820843,32.5,3.25));
#8049=CARTESIAN_POINT('Ctrl Pts',(29.5072472723569,32.5263422602674,3.25078779201403));
#8050=CARTESIAN_POINT('Ctrl Pts',(29.5072524657731,32.5526833165869,3.25157423543531));
#8051=CARTESIAN_POINT('Ctrl Pts',(29.5076488886877,33.6487587925819,3.28435012925292));
#8052=CARTESIAN_POINT('Ctrl Pts',(29.5238563434067,35.7877874485471,3.34868371091323));
#8053=CARTESIAN_POINT('Ctrl Pts',(29.5986463891248,38.9999235003408,3.43326096537419));
#8054=CARTESIAN_POINT('Ctrl Pts',(29.7277003225638,42.2139144857543,3.49600727788318));
#8055=CARTESIAN_POINT('Ctrl Pts',(29.933689374199,45.4479967195568,3.50343327763418));
#8056=CARTESIAN_POINT('Ctrl Pts',(30.138369591613,47.6192559522896,3.44582410187424));
#8057=CARTESIAN_POINT('Ctrl Pts',(30.2891463572632,48.7359607262383,3.35807421617757));
#8058=CARTESIAN_POINT('Ctrl Pts',(29.5072474820843,32.5,3.25));
#8059=CARTESIAN_POINT('Ctrl Pts',(29.5072474034499,32.5262908572284,3.24985948592339));
#8060=CARTESIAN_POINT('Ctrl Pts',(29.5072486638401,32.5525787881838,3.2497176158254));
#8061=CARTESIAN_POINT('Ctrl Pts',(29.5073388472484,33.64651326175,3.24386900546388));
#8062=CARTESIAN_POINT('Ctrl Pts',(29.5110347751054,35.781446069679,3.23266480555876));
#8063=CARTESIAN_POINT('Ctrl Pts',(29.5284660039851,38.9862580748086,3.20921911455032));
#8064=CARTESIAN_POINT('Ctrl Pts',(29.5588731703272,42.191870999498,3.17382100859584));
#8065=CARTESIAN_POINT('Ctrl Pts',(29.6096010973279,45.4113689333979,3.10635810786512));
#8066=CARTESIAN_POINT('Ctrl Pts',(29.6622464423426,47.5690924349579,3.02473584119918));
#8067=CARTESIAN_POINT('Ctrl Pts',(29.7040234781315,48.6708557449913,2.94821069081975));
#8068=CARTESIAN_POINT('Ctrl Pts',(29.5072474820843,32.5,3.25));
#8069=CARTESIAN_POINT('Ctrl Pts',(29.5072474820843,32.5262385192777,3.24893085017096));
#8070=CARTESIAN_POINT('Ctrl Pts',(29.5072474820843,32.5524753953764,3.24786141591976));
#8071=CARTESIAN_POINT('Ctrl Pts',(29.5072474820843,33.6442307905891,3.20337312719867));
#8072=CARTESIAN_POINT('Ctrl Pts',(29.5072474820843,35.7751544879312,3.11674811268177));
#8073=CARTESIAN_POINT('Ctrl Pts',(29.5072474820843,38.9720355079964,2.97712660121647));
#8074=CARTESIAN_POINT('Ctrl Pts',(29.5072474820843,42.1676559117343,2.81871043973994));
#8075=CARTESIAN_POINT('Ctrl Pts',(29.5072474820843,45.3666293924922,2.61577885573544));
#8076=CARTESIAN_POINT('Ctrl Pts',(29.5072474820843,47.4985875865473,2.42691155258018));
#8077=CARTESIAN_POINT('Ctrl Pts',(29.5072474820843,48.5658103061405,2.28690501089257));
#8078=CARTESIAN_POINT('Ctrl Pts',(29.5072474820843,32.5,3.25));
#8079=CARTESIAN_POINT('Ctrl Pts',(29.5072474820843,32.5262158085624,3.24853290367053));
#8080=CARTESIAN_POINT('Ctrl Pts',(29.5072474820843,32.5524314102114,3.24706585273393));
#8081=CARTESIAN_POINT('Ctrl Pts',(29.5072474820843,33.6432421590142,3.18601943012591));
#8082=CARTESIAN_POINT('Ctrl Pts',(29.5072474820843,35.7724051613381,3.06708489265076));
#8083=CARTESIAN_POINT('Ctrl Pts',(29.5072474820843,38.965939034308,2.877659037903));
#8084=CARTESIAN_POINT('Ctrl Pts',(29.5072474820843,42.1569987436602,2.66660589208613));
#8085=CARTESIAN_POINT('Ctrl Pts',(29.5072474820843,45.3476217752313,2.405544425774));
#8086=CARTESIAN_POINT('Ctrl Pts',(29.5072474820843,47.4677880312368,2.17102758567092));
#8087=CARTESIAN_POINT('Ctrl Pts',(29.5072474820843,48.5208333664198,2.00375606098618));
#8088=CARTESIAN_POINT('',(30.6610936359703,48.7497997846398,3.44519696998937));
#8089=CARTESIAN_POINT('',(29.5072474820843,48.5208333664198,2.00375606098618));
#8090=CARTESIAN_POINT('Origin',(31.0072474820843,48.5208333664198,2.00375606098618));
#8091=CARTESIAN_POINT('Ctrl Pts',(29.5072474820843,48.5208333664198,2.00375606098618));
#8092=CARTESIAN_POINT('Ctrl Pts',(29.5072474820843,47.4677880312368,2.17102758567092));
#8093=CARTESIAN_POINT('Ctrl Pts',(29.5072474820843,45.3476217752313,2.405544425774));
#8094=CARTESIAN_POINT('Ctrl Pts',(29.5072474820843,42.1569987436602,2.66660589208613));
#8095=CARTESIAN_POINT('Ctrl Pts',(29.5072474820843,38.965939034308,2.877659037903));
#8096=CARTESIAN_POINT('Ctrl Pts',(29.5072474820843,35.7724051613381,3.06708489265076));
#8097=CARTESIAN_POINT('Ctrl Pts',(29.5072474820843,33.6432421590142,3.18601943012591));
#8098=CARTESIAN_POINT('Ctrl Pts',(29.5072474820843,32.5524314102114,3.24706585273393));
#8099=CARTESIAN_POINT('Ctrl Pts',(29.5072474820843,32.5262158085624,3.24853290367053));
#8100=CARTESIAN_POINT('Ctrl Pts',(29.5072474820843,32.5,3.25));
#8101=CARTESIAN_POINT('Ctrl Pts',(29.5072474820843,32.5,3.25));
#8102=CARTESIAN_POINT('Ctrl Pts',(29.5072474820843,32.5263716585005,3.25131781428519));
#8103=CARTESIAN_POINT('Ctrl Pts',(29.5072551731981,32.5527430372354,3.25263569094398));
#8104=CARTESIAN_POINT('Ctrl Pts',(29.5079069433985,33.6500420623449,3.30746372433776));
#8105=CARTESIAN_POINT('Ctrl Pts',(29.5343456299617,35.791515107931,3.41487155737884));
#8106=CARTESIAN_POINT('Ctrl Pts',(29.6539088542697,39.0073434383299,3.55526557779719));
#8107=CARTESIAN_POINT('Ctrl Pts',(29.8570458502221,42.2253458088748,3.65546262166137));
#8108=CARTESIAN_POINT('Ctrl Pts',(30.1667550769416,45.463181659676,3.66722595756569));
#8109=CARTESIAN_POINT('Ctrl Pts',(30.4601128327246,47.6359200131323,3.57386737359686));
#8110=CARTESIAN_POINT('Ctrl Pts',(30.6610936359525,48.749799784613,3.44519696998937));
#8111=CARTESIAN_POINT('Ctrl Pts',(31.0072474820845,13.4288227770526,3.25));
#8112=CARTESIAN_POINT('Ctrl Pts',(30.8922231867672,14.3579715550158,3.24999999999995));
#8113=CARTESIAN_POINT('Ctrl Pts',(30.7754557739649,15.3013786511979,3.32194434131134));
#8114=CARTESIAN_POINT('Ctrl Pts',(30.6610936359424,16.2502002154102,3.44519696999062));
#8115=CARTESIAN_POINT('Ctrl Pts',(30.5584485315716,13.4288227770526,3.25000000000004));
#8116=CARTESIAN_POINT('Ctrl Pts',(30.4654477434292,14.357671715399,3.21451446050742));
#8117=CARTESIAN_POINT('Ctrl Pts',(30.3746026395057,15.3075823843625,3.25853219508914));
#8118=CARTESIAN_POINT('Ctrl Pts',(30.2891463572556,16.2640392737845,3.3580742161766));
#8119=CARTESIAN_POINT('Ctrl Pts',(29.7812523991071,13.4288227770526,2.87364579136282));
#8120=CARTESIAN_POINT('Ctrl Pts',(29.7532436085181,14.3811988231998,2.81890771655));
#8121=CARTESIAN_POINT('Ctrl Pts',(29.7275617124728,15.3536218723227,2.8501817914529));
#8122=CARTESIAN_POINT('Ctrl Pts',(29.7037772956347,16.329106745715,2.94844682788363));
#8123=CARTESIAN_POINT('Ctrl Pts',(29.5072474820843,13.4288227770525,2.08659921288464));
#8124=CARTESIAN_POINT('Ctrl Pts',(29.5075388638816,14.4295362769026,2.07034287196269));
#8125=CARTESIAN_POINT('Ctrl Pts',(29.5070967528955,15.4354478384657,2.1451500275878));
#8126=CARTESIAN_POINT('Ctrl Pts',(29.5072474820843,16.4341896938725,2.28690501089312));
#8127=CARTESIAN_POINT('Ctrl Pts',(29.5072474820843,13.4288227770525,1.75));
#8128=CARTESIAN_POINT('Ctrl Pts',(29.5072474820843,14.4501752635732,1.74999999999993));
#8129=CARTESIAN_POINT('Ctrl Pts',(29.5072474820843,15.4704606526343,1.84352764370474));
#8130=CARTESIAN_POINT('Ctrl Pts',(29.5072474820843,16.4791666335905,2.0037560609878));
#8131=CARTESIAN_POINT('Ctrl Pts',(29.5072474820843,16.4791666335905,2.0037560609878));
#8132=CARTESIAN_POINT('Ctrl Pts',(29.5072474820843,15.4704606526343,1.84352764370474));
#8133=CARTESIAN_POINT('Ctrl Pts',(29.5072474820843,14.4501752635732,1.74999999999993));
#8134=CARTESIAN_POINT('Ctrl Pts',(29.5072474820843,13.4288227770525,1.75));
#8135=CARTESIAN_POINT('Ctrl Pts',(31.0072474820845,13.4288227770526,3.25));
#8136=CARTESIAN_POINT('Ctrl Pts',(30.8922231867672,14.3579715550158,3.24999999999995));
#8137=CARTESIAN_POINT('Ctrl Pts',(30.7754557739649,15.3013786511979,3.32194434131134));
#8138=CARTESIAN_POINT('Ctrl Pts',(30.6610936359424,16.2502002154102,3.44519696999062));
#8139=CARTESIAN_POINT('Ctrl Pts',(36.2848639560765,10.2538461590589,3.46820049037571));
#8140=CARTESIAN_POINT('Ctrl Pts',(35.392994098244,10.3704240506032,3.32919210938211));
#8141=CARTESIAN_POINT('Ctrl Pts',(34.5041374329467,10.4870721092989,3.25));
#8142=CARTESIAN_POINT('Ctrl Pts',(33.6283926792721,10.6,3.25));
#8143=CARTESIAN_POINT('Ctrl Pts',(36.3011128039475,9.88189887906715,3.38149484742611));
#8144=CARTESIAN_POINT('Ctrl Pts',(35.4000603202909,9.96901086723819,3.26629417467169));
#8145=CARTESIAN_POINT('Ctrl Pts',(34.503794890646,10.0598952709167,3.21516121125339));
#8146=CARTESIAN_POINT('Ctrl Pts',(33.6283926792721,10.1512010494872,3.25));
#8147=CARTESIAN_POINT('Ctrl Pts',(36.3775102595045,9.2965287010734,2.97382960516464));
#8148=CARTESIAN_POINT('Ctrl Pts',(35.4534691611104,9.32077393835665,2.85872469123989));
#8149=CARTESIAN_POINT('Ctrl Pts',(34.530672691919,9.34650481624383,2.8199075099996));
#8150=CARTESIAN_POINT('Ctrl Pts',(33.6283926792721,9.37400312548004,2.8736479420761));
#8151=CARTESIAN_POINT('Ctrl Pts',(36.5008914488931,9.10000000000002,2.31545398131819));
#8152=CARTESIAN_POINT('Ctrl Pts',(35.5486709671232,9.09984635044859,2.15430631418816));
#8153=CARTESIAN_POINT('Ctrl Pts',(34.5858942893065,9.10028607114411,2.07063915604826));
#8154=CARTESIAN_POINT('Ctrl Pts',(33.6283926792721,9.10000000000002,2.08659921288462));
#8155=CARTESIAN_POINT('Ctrl Pts',(36.553700205269,9.10000000000002,2.03366063748843));
#8156=CARTESIAN_POINT('Ctrl Pts',(35.5894069526827,9.10000000000002,1.85294974219674));
#8157=CARTESIAN_POINT('Ctrl Pts',(34.609472647807,9.10000000000002,1.75));
#8158=CARTESIAN_POINT('Ctrl Pts',(33.6283926792721,9.10000000000002,1.75));
#8159=CARTESIAN_POINT('Ctrl Pts',(33.6283926792721,9.10000000000002,1.75));
#8160=CARTESIAN_POINT('Ctrl Pts',(34.609472647807,9.10000000000002,1.75));
#8161=CARTESIAN_POINT('Ctrl Pts',(35.5894069526827,9.10000000000002,1.85294974219674));
#8162=CARTESIAN_POINT('Ctrl Pts',(36.553700205269,9.10000000000002,2.03366063748843));
#8163=CARTESIAN_POINT('Ctrl Pts',(36.2848639560765,10.2538461590589,3.46820049037571));
#8164=CARTESIAN_POINT('Ctrl Pts',(35.392994098244,10.3704240506032,3.32919210938211));
#8165=CARTESIAN_POINT('Ctrl Pts',(34.5041374329467,10.4870721092989,3.25));
#8166=CARTESIAN_POINT('Ctrl Pts',(33.6283926792721,10.6,3.25));
#8167=CARTESIAN_POINT('Origin',(69.8072474820843,54.4,1.75));
#8168=CARTESIAN_POINT('',(31.0072474820843,54.4,3.25));
#8169=CARTESIAN_POINT('',(33.6283926791613,54.3999999999483,3.25));
#8170=CARTESIAN_POINT('',(69.8072474820843,54.4,3.25));
#8171=CARTESIAN_POINT('',(33.6283926791613,55.9,1.75));
#8172=CARTESIAN_POINT('Origin',(33.6283926791613,54.4,1.75));
#8173=CARTESIAN_POINT('',(29.5072474820843,55.9,1.75));
#8174=CARTESIAN_POINT('',(69.8072474820843,55.9,1.75));
#8175=CARTESIAN_POINT('Origin',(31.0072474820843,54.4,1.75));
#8176=CARTESIAN_POINT('Origin',(31.0072474820843,20.8,1.75));
#8177=CARTESIAN_POINT('',(29.5072474820843,51.5711772229477,1.75));
#8178=CARTESIAN_POINT('',(29.5072474820843,20.8,1.75));
#8179=CARTESIAN_POINT('',(31.0072474820848,51.5711772229477,3.25));
#8180=CARTESIAN_POINT('Origin',(31.0072474820843,51.5711772229477,1.75));
#8181=CARTESIAN_POINT('',(31.0072474820843,20.8,3.25));
#8182=CARTESIAN_POINT('Ctrl Pts',(30.6610936359486,48.7497997846407,3.44519696998401));
#8183=CARTESIAN_POINT('Ctrl Pts',(30.775455773969,49.6986213488359,3.32194434130878));
#8184=CARTESIAN_POINT('Ctrl Pts',(30.8922231867693,50.6420284450008,3.24999999999995));
#8185=CARTESIAN_POINT('Ctrl Pts',(31.0072474820845,51.5711772229475,3.25));
#8186=CARTESIAN_POINT('Ctrl Pts',(30.2891463572602,48.7359607262668,3.35807421617123));
#8187=CARTESIAN_POINT('Ctrl Pts',(30.3746026395089,49.6924176156714,3.25853219508764));
#8188=CARTESIAN_POINT('Ctrl Pts',(30.4654477434308,50.6423282846176,3.21451446050806));
#8189=CARTESIAN_POINT('Ctrl Pts',(30.5584485315716,51.5711772229475,3.25000000000004));
#8190=CARTESIAN_POINT('Ctrl Pts',(29.7038486789917,48.6708829254523,2.94838180315738));
#8191=CARTESIAN_POINT('Ctrl Pts',(29.7276330958295,49.646367798827,2.85011676673078));
#8192=CARTESIAN_POINT('Ctrl Pts',(29.753358453723,50.6188011768173,2.81876984704501));
#8193=CARTESIAN_POINT('Ctrl Pts',(29.7813672443115,51.5711772229475,2.87350792185685));
#8194=CARTESIAN_POINT('Ctrl Pts',(29.5072474820843,48.5658103061811,2.28690501088553));
#8195=CARTESIAN_POINT('Ctrl Pts',(29.5070967528955,49.5645521615703,2.14515002758513));
#8196=CARTESIAN_POINT('Ctrl Pts',(29.5075388638816,50.5704637231154,2.07034287196298));
#8197=CARTESIAN_POINT('Ctrl Pts',(29.5072474820843,51.5711772229476,2.08659921288464));
#8198=CARTESIAN_POINT('Ctrl Pts',(29.5072474820843,48.5208333664636,2.00375606097921));
#8199=CARTESIAN_POINT('Ctrl Pts',(29.5072474820843,49.5295393474022,1.84352764370142));
#8200=CARTESIAN_POINT('Ctrl Pts',(29.5072474820843,50.5498247364452,1.74999999999993));
#8201=CARTESIAN_POINT('Ctrl Pts',(29.5072474820843,51.5711772229476,1.75));
#8202=CARTESIAN_POINT('Ctrl Pts',(29.5072474820843,51.5711772229476,1.75));
#8203=CARTESIAN_POINT('Ctrl Pts',(29.5072474820843,50.5498247364452,1.74999999999993));
#8204=CARTESIAN_POINT('Ctrl Pts',(29.5072474820843,49.5295393474022,1.84352764370142));
#8205=CARTESIAN_POINT('Ctrl Pts',(29.5072474820843,48.5208333664636,2.00375606097921));
#8206=CARTESIAN_POINT('Ctrl Pts',(30.6610936359486,48.7497997846407,3.44519696998401));
#8207=CARTESIAN_POINT('Ctrl Pts',(30.775455773969,49.6986213488359,3.32194434130878));
#8208=CARTESIAN_POINT('Ctrl Pts',(30.8922231867693,50.6420284450008,3.24999999999995));
#8209=CARTESIAN_POINT('Ctrl Pts',(31.0072474820845,51.5711772229475,3.25));
#8210=CARTESIAN_POINT('Ctrl Pts',(65.6861022849833,10.6000000000112,3.25));
#8211=CARTESIAN_POINT('Ctrl Pts',(64.8103575182282,10.4870721076235,3.24999999999474));
#8212=CARTESIAN_POINT('Ctrl Pts',(63.9215008394816,10.3704240471291,3.32919211172896));
#8213=CARTESIAN_POINT('Ctrl Pts',(63.029630968214,10.2538461538464,3.4682004965912));
#8214=CARTESIAN_POINT('Ctrl Pts',(65.6861022849833,10.1512010494963,3.25000000000335));
#8215=CARTESIAN_POINT('Ctrl Pts',(64.8107000605344,10.0598952695618,3.21516121073082));
#8216=CARTESIAN_POINT('Ctrl Pts',(63.9144346172291,9.96901086453879,3.26629417614292));
#8217=CARTESIAN_POINT('Ctrl Pts',(63.0133821199322,9.88189887516253,3.38149485260665));
#8218=CARTESIAN_POINT('Ctrl Pts',(65.686102284986,9.37410592362403,2.87352453484799));
#8219=CARTESIAN_POINT('Ctrl Pts',(64.7838222588627,9.34660761397696,2.81978410196257));
#8220=CARTESIAN_POINT('Ctrl Pts',(63.8610149203072,9.32083783295174,2.85866676732591));
#8221=CARTESIAN_POINT('Ctrl Pts',(62.9369738080463,9.29659259535933,2.97377168521865));
#8222=CARTESIAN_POINT('Ctrl Pts',(65.6861022849914,9.10000000000002,2.08659921288622));
#8223=CARTESIAN_POINT('Ctrl Pts',(64.7286006606547,9.10028607114839,2.07063915580482));
#8224=CARTESIAN_POINT('Ctrl Pts',(63.7658239684058,9.0998463504479,2.15430631667669));
#8225=CARTESIAN_POINT('Ctrl Pts',(62.813603472699,9.10000000000002,2.31545398851851));
#8226=CARTESIAN_POINT('Ctrl Pts',(65.6861022849938,9.10000000000002,1.75));
#8227=CARTESIAN_POINT('Ctrl Pts',(64.7050223018039,9.10000000000002,1.74999999999317));
#8228=CARTESIAN_POINT('Ctrl Pts',(63.7250879823371,9.10000000000002,1.85294974524765));
#8229=CARTESIAN_POINT('Ctrl Pts',(62.7607947157833,9.10000000000002,2.03366064556855));
#8230=CARTESIAN_POINT('Ctrl Pts',(62.7607947157833,9.10000000000002,2.03366064556855));
#8231=CARTESIAN_POINT('Ctrl Pts',(63.7250879823371,9.10000000000002,1.85294974524765));
#8232=CARTESIAN_POINT('Ctrl Pts',(64.7050223018039,9.10000000000002,1.74999999999317));
#8233=CARTESIAN_POINT('Ctrl Pts',(65.6861022849938,9.10000000000002,1.75));
#8234=CARTESIAN_POINT('Ctrl Pts',(65.6861022849833,10.6000000000112,3.25));
#8235=CARTESIAN_POINT('Ctrl Pts',(64.8103575182282,10.4870721076235,3.24999999999474));
#8236=CARTESIAN_POINT('Ctrl Pts',(63.9215008394816,10.3704240471291,3.32919211172896));
#8237=CARTESIAN_POINT('Ctrl Pts',(63.029630968214,10.2538461538464,3.4682004965912));
#8238=CARTESIAN_POINT('Ctrl Pts',(36.5537002483853,55.9,2.03366064556855));
#8239=CARTESIAN_POINT('Ctrl Pts',(35.5894069818315,55.9,1.85294974524765));
#8240=CARTESIAN_POINT('Ctrl Pts',(34.6094726623647,55.9,1.74999999999317));
#8241=CARTESIAN_POINT('Ctrl Pts',(33.6283926791749,55.9,1.75));
#8242=CARTESIAN_POINT('Ctrl Pts',(36.4832885724977,55.9,2.40938510283516));
#8243=CARTESIAN_POINT('Ctrl Pts',(35.5350925637383,55.9006092593948,2.25518223341658));
#8244=CARTESIAN_POINT('Ctrl Pts',(34.577815760403,55.8990999763177,2.17680960493035));
#8245=CARTESIAN_POINT('Ctrl Pts',(33.628392679178,55.9,2.19879895051496));
#8246=CARTESIAN_POINT('Ctrl Pts',(36.3607575448661,55.6314246935002,3.06322416112808));
#8247=CARTESIAN_POINT('Ctrl Pts',(35.4407429768559,55.5977197800267,2.95342122409495));
#8248=CARTESIAN_POINT('Ctrl Pts',(34.5234432549741,55.5619774836033,2.91888152368748));
#8249=CARTESIAN_POINT('Ctrl Pts',(33.6283926791834,55.523487416658,2.97586315696502));
#8250=CARTESIAN_POINT('Ctrl Pts',(36.2970506321659,55.0251143051665,3.40317126360278));
#8251=CARTESIAN_POINT('Ctrl Pts',(35.3982932524416,54.9303553923507,3.28167835799466));
#8252=CARTESIAN_POINT('Ctrl Pts',(34.5040565401567,54.8336537857478,3.22443601647186));
#8253=CARTESIAN_POINT('Ctrl Pts',(33.6283926791853,54.736599212875,3.25000000000252));
#8254=CARTESIAN_POINT('Ctrl Pts',(36.2848639959546,54.7461538461536,3.4682004965912));
#8255=CARTESIAN_POINT('Ctrl Pts',(35.3929941246871,54.629575952871,3.32919211172898));
#8256=CARTESIAN_POINT('Ctrl Pts',(34.5041374459405,54.5129278923766,3.24999999999475));
#8257=CARTESIAN_POINT('Ctrl Pts',(33.6283926791853,54.3999999999888,3.25000000000001));
#8258=CARTESIAN_POINT('Ctrl Pts',(33.6283926791853,54.3999999999888,3.25000000000001));
#8259=CARTESIAN_POINT('Ctrl Pts',(34.5041374459405,54.5129278923766,3.24999999999475));
#8260=CARTESIAN_POINT('Ctrl Pts',(35.3929941246871,54.629575952871,3.32919211172898));
#8261=CARTESIAN_POINT('Ctrl Pts',(36.2848639959546,54.7461538461536,3.4682004965912));
#8262=CARTESIAN_POINT('Ctrl Pts',(36.5537002483853,55.9,2.03366064556855));
#8263=CARTESIAN_POINT('Ctrl Pts',(35.5894069818315,55.9,1.85294974524765));
#8264=CARTESIAN_POINT('Ctrl Pts',(34.6094726623647,55.9,1.74999999999317));
#8265=CARTESIAN_POINT('Ctrl Pts',(33.6283926791749,55.9,1.75));
#8266=CARTESIAN_POINT('Ctrl Pts',(68.6534013282201,16.2502002153593,3.44519696998401));
#8267=CARTESIAN_POINT('Ctrl Pts',(68.5390391901996,15.3013786511641,3.32194434130878));
#8268=CARTESIAN_POINT('Ctrl Pts',(68.4222717773994,14.3579715549992,3.24999999999995));
#8269=CARTESIAN_POINT('Ctrl Pts',(68.3072474820842,13.4288227770526,3.25));
#8270=CARTESIAN_POINT('Ctrl Pts',(69.0253486069084,16.2640392737332,3.35807421617123));
#8271=CARTESIAN_POINT('Ctrl Pts',(68.9398923246597,15.3075823843286,3.25853219508763));
#8272=CARTESIAN_POINT('Ctrl Pts',(68.8490472207378,14.3576717153824,3.21451446050806));
#8273=CARTESIAN_POINT('Ctrl Pts',(68.756046432597,13.4288227770526,3.25000000000004));
#8274=CARTESIAN_POINT('Ctrl Pts',(69.6106426711165,16.3291175974878,2.94837851102761));
#8275=CARTESIAN_POINT('Ctrl Pts',(69.5868582542787,15.353632724113,2.850113474601));
#8276=CARTESIAN_POINT('Ctrl Pts',(69.5611306959599,14.3811988231827,2.81876286686427));
#8277=CARTESIAN_POINT('Ctrl Pts',(69.5331219053713,13.4288227770525,2.87350094167611));
#8278=CARTESIAN_POINT('Ctrl Pts',(69.8072474820843,16.4341896938189,2.28690501088553));
#8279=CARTESIAN_POINT('Ctrl Pts',(69.8073982112731,15.4354478384297,2.14515002758513));
#8280=CARTESIAN_POINT('Ctrl Pts',(69.806956100287,14.4295362768847,2.07034287196298));
#8281=CARTESIAN_POINT('Ctrl Pts',(69.8072474820843,13.4288227770525,2.08659921288464));
#8282=CARTESIAN_POINT('Ctrl Pts',(69.8072474820843,16.4791666335364,2.00375606097921));
#8283=CARTESIAN_POINT('Ctrl Pts',(69.8072474820843,15.4704606525978,1.84352764370141));
#8284=CARTESIAN_POINT('Ctrl Pts',(69.8072474820843,14.4501752635549,1.74999999999993));
#8285=CARTESIAN_POINT('Ctrl Pts',(69.8072474820843,13.4288227770525,1.75));
#8286=CARTESIAN_POINT('Ctrl Pts',(69.8072474820843,13.4288227770525,1.75));
#8287=CARTESIAN_POINT('Ctrl Pts',(69.8072474820843,14.4501752635549,1.74999999999993));
#8288=CARTESIAN_POINT('Ctrl Pts',(69.8072474820843,15.4704606525978,1.84352764370141));
#8289=CARTESIAN_POINT('Ctrl Pts',(69.8072474820843,16.4791666335364,2.00375606097921));
#8290=CARTESIAN_POINT('Ctrl Pts',(68.6534013282201,16.2502002153593,3.44519696998401));
#8291=CARTESIAN_POINT('Ctrl Pts',(68.5390391901996,15.3013786511641,3.32194434130878));
#8292=CARTESIAN_POINT('Ctrl Pts',(68.4222717773994,14.3579715549992,3.24999999999995));
#8293=CARTESIAN_POINT('Ctrl Pts',(68.3072474820842,13.4288227770526,3.25));
#8294=CARTESIAN_POINT('Ctrl Pts',(65.6861022848965,55.9,1.75));
#8295=CARTESIAN_POINT('Ctrl Pts',(64.7050223163616,55.9,1.75));
#8296=CARTESIAN_POINT('Ctrl Pts',(63.725088011486,55.9,1.85294974219674));
#8297=CARTESIAN_POINT('Ctrl Pts',(62.7607947588997,55.9,2.03366063748843));
#8298=CARTESIAN_POINT('Ctrl Pts',(65.6861022848965,55.9,2.19879895051283));
#8299=CARTESIAN_POINT('Ctrl Pts',(64.736679217853,55.8990999763312,2.17680960526325));
#8300=CARTESIAN_POINT('Ctrl Pts',(63.7794024288987,55.9006092593898,2.25518223111317));
#8301=CARTESIAN_POINT('Ctrl Pts',(62.8312064340676,55.9,2.40938509592811));
#8302=CARTESIAN_POINT('Ctrl Pts',(65.6861022848965,55.5234402791807,2.97582389146986));
#8303=CARTESIAN_POINT('Ctrl Pts',(64.7910517224742,55.561930345551,2.91884225904955));
#8304=CARTESIAN_POINT('Ctrl Pts',(63.8737485973212,55.5976922437807,2.9534029880958));
#8305=CARTESIAN_POINT('Ctrl Pts',(62.9537340431629,55.6313971568287,3.06320592126034));
#8306=CARTESIAN_POINT('Ctrl Pts',(65.6861022848965,54.7365992128846,3.25000000000001));
#8307=CARTESIAN_POINT('Ctrl Pts',(64.8104384370042,54.8336537843076,3.22443601685666));
#8308=CARTESIAN_POINT('Ctrl Pts',(63.9162017383257,54.9303553894606,3.28167835630642));
#8309=CARTESIAN_POINT('Ctrl Pts',(63.017444372189,55.0251143009349,3.40317125816352));
#8310=CARTESIAN_POINT('Ctrl Pts',(65.6861022848965,54.4,3.25000000000001));
#8311=CARTESIAN_POINT('Ctrl Pts',(64.810357531222,54.5129278907011,3.25000000000001));
#8312=CARTESIAN_POINT('Ctrl Pts',(63.9215008659248,54.6295759493969,3.3291921093821));
#8313=CARTESIAN_POINT('Ctrl Pts',(63.0296310080922,54.7461538409411,3.46820049037572));
#8314=CARTESIAN_POINT('Ctrl Pts',(63.0296310080922,54.7461538409411,3.46820049037572));
#8315=CARTESIAN_POINT('Ctrl Pts',(63.9215008659248,54.6295759493969,3.3291921093821));
#8316=CARTESIAN_POINT('Ctrl Pts',(64.810357531222,54.5129278907011,3.25000000000001));
#8317=CARTESIAN_POINT('Ctrl Pts',(65.6861022848965,54.4,3.25000000000001));
#8318=CARTESIAN_POINT('Ctrl Pts',(65.6861022848965,55.9,1.75));
#8319=CARTESIAN_POINT('Ctrl Pts',(64.7050223163616,55.9,1.75));
#8320=CARTESIAN_POINT('Ctrl Pts',(63.725088011486,55.9,1.85294974219674));
#8321=CARTESIAN_POINT('Ctrl Pts',(62.7607947588997,55.9,2.03366063748843));
#8322=CARTESIAN_POINT('Ctrl Pts',(68.3072474820842,51.5711772229475,3.25));
#8323=CARTESIAN_POINT('Ctrl Pts',(68.4222717774014,50.6420284449842,3.24999999999995));
#8324=CARTESIAN_POINT('Ctrl Pts',(68.5390391902038,49.6986213488022,3.32194434131134));
#8325=CARTESIAN_POINT('Ctrl Pts',(68.6534013282262,48.7497997845898,3.44519696999062));
#8326=CARTESIAN_POINT('Ctrl Pts',(68.756046432597,51.5711772229475,3.25000000000004));
#8327=CARTESIAN_POINT('Ctrl Pts',(68.8490472207395,50.642328284601,3.21451446050742));
#8328=CARTESIAN_POINT('Ctrl Pts',(68.939892324663,49.6924176156375,3.25853219508915));
#8329=CARTESIAN_POINT('Ctrl Pts',(69.025348606913,48.7359607262155,3.35807421617661));
#8330=CARTESIAN_POINT('Ctrl Pts',(69.5330715943735,51.5711772229475,2.87344054427029));
#8331=CARTESIAN_POINT('Ctrl Pts',(69.5610803849626,50.6188011768003,2.81870246945748));
#8332=CARTESIAN_POINT('Ctrl Pts',(69.5868269829011,49.6463627510093,2.85008498879279));
#8333=CARTESIAN_POINT('Ctrl Pts',(69.6106113997392,48.670877877617,2.94835002522352));
#8334=CARTESIAN_POINT('Ctrl Pts',(69.8072474820843,51.5711772229476,2.08659921288464));
#8335=CARTESIAN_POINT('Ctrl Pts',(69.806956100287,50.5704637230975,2.0703428719627));
#8336=CARTESIAN_POINT('Ctrl Pts',(69.8073982112731,49.5645521615344,2.1451500275878));
#8337=CARTESIAN_POINT('Ctrl Pts',(69.8072474820843,48.5658103061276,2.28690501089312));
#8338=CARTESIAN_POINT('Ctrl Pts',(69.8072474820843,51.5711772229476,1.75));
#8339=CARTESIAN_POINT('Ctrl Pts',(69.8072474820843,50.5498247364269,1.74999999999993));
#8340=CARTESIAN_POINT('Ctrl Pts',(69.8072474820843,49.5295393473658,1.84352764370474));
#8341=CARTESIAN_POINT('Ctrl Pts',(69.8072474820843,48.5208333664095,2.0037560609878));
#8342=CARTESIAN_POINT('Ctrl Pts',(69.8072474820843,48.5208333664095,2.0037560609878));
#8343=CARTESIAN_POINT('Ctrl Pts',(69.8072474820843,49.5295393473658,1.84352764370474));
#8344=CARTESIAN_POINT('Ctrl Pts',(69.8072474820843,50.5498247364269,1.74999999999993));
#8345=CARTESIAN_POINT('Ctrl Pts',(69.8072474820843,51.5711772229476,1.75));
#8346=CARTESIAN_POINT('Ctrl Pts',(68.3072474820842,51.5711772229475,3.25));
#8347=CARTESIAN_POINT('Ctrl Pts',(68.4222717774014,50.6420284449842,3.24999999999995));
#8348=CARTESIAN_POINT('Ctrl Pts',(68.5390391902038,49.6986213488022,3.32194434131134));
#8349=CARTESIAN_POINT('Ctrl Pts',(68.6534013282262,48.7497997845898,3.44519696999062));
#8350=CARTESIAN_POINT('Origin',(69.8072474820843,9.10000000000002,3.25));
#8351=CARTESIAN_POINT('Ctrl Pts',(65.6858467009321,10.6002738889419,3.25));
#8352=CARTESIAN_POINT('Ctrl Pts',(66.6262516736891,11.47782878061,3.25));
#8353=CARTESIAN_POINT('Ctrl Pts',(67.5017745951618,12.4251295094143,3.25));
#8354=CARTESIAN_POINT('Ctrl Pts',(68.3068956473469,13.4291049250576,3.25));
#8355=CARTESIAN_POINT('Ctrl Pts',(69.8072474820843,32.5,3.25));
#8356=CARTESIAN_POINT('Ctrl Pts',(69.8072474820843,32.4930656233347,3.25034651672099));
#8357=CARTESIAN_POINT('Ctrl Pts',(69.807243242542,32.4861345940112,3.2506938355383));
#8358=CARTESIAN_POINT('Ctrl Pts',(69.809317601398,29.0690823224546,3.42076407019932));
#8359=CARTESIAN_POINT('Ctrl Pts',(69.6139370658937,24.4534458830944,3.65622276644109));
#8360=CARTESIAN_POINT('Ctrl Pts',(69.1967213125134,19.041066138407,3.58067546533286));
#8361=CARTESIAN_POINT('Ctrl Pts',(69.0459186730075,16.9865689680026,3.44236285293944));
#8362=CARTESIAN_POINT('Ctrl Pts',(68.9980921653429,16.0222015170044,3.34502249345992));
#8363=CARTESIAN_POINT('Ctrl Pts',(69.8072474820843,32.5,3.25));
#8364=CARTESIAN_POINT('Ctrl Pts',(69.8074378487887,32.4932809735387,3.25062160643387));
#8365=CARTESIAN_POINT('Ctrl Pts',(69.807065747252,32.4863372346261,3.25145964088669));
#8366=CARTESIAN_POINT('Ctrl Pts',(69.8124518296159,29.1383329444093,3.59186677562197));
#8367=CARTESIAN_POINT('Ctrl Pts',(69.4377480780163,24.6090227518957,4.06590312063137));
#8368=CARTESIAN_POINT('Ctrl Pts',(68.6124172684458,19.3876177103648,3.9637046232211));
#8369=CARTESIAN_POINT('Ctrl Pts',(68.3026435258093,17.4462606333869,3.71609569879618));
#8370=CARTESIAN_POINT('Ctrl Pts',(68.1941956959886,16.5539457030875,3.53566121863374));
#8371=CARTESIAN_POINT('Ctrl Pts',(69.8072474820843,32.5,3.25));
#8372=CARTESIAN_POINT('Ctrl Pts',(69.807529339126,32.4937236689796,3.2513340560362));
#8373=CARTESIAN_POINT('Ctrl Pts',(69.8069805783853,32.4868651935309,3.25318236917273));
#8374=CARTESIAN_POINT('Ctrl Pts',(69.8127292830989,29.2992100152507,3.9914231694522));
#8375=CARTESIAN_POINT('Ctrl Pts',(69.1520256549049,24.9737321821443,5.02355646226133));
#8376=CARTESIAN_POINT('Ctrl Pts',(67.4791969336464,20.1704808982499,5.20597307009767));
#8377=CARTESIAN_POINT('Ctrl Pts',(66.7491982811343,18.4664083742293,4.92013193679002));
#8378=CARTESIAN_POINT('Ctrl Pts',(66.4289570196292,17.7215779032254,4.66228449457789));
#8379=CARTESIAN_POINT('Ctrl Pts',(69.8072474820843,32.5,3.25));
#8380=CARTESIAN_POINT('Ctrl Pts',(69.8074583889452,32.4939732535351,3.25229374949789));
#8381=CARTESIAN_POINT('Ctrl Pts',(69.8070502218896,32.4875735354924,3.25467573279545));
#8382=CARTESIAN_POINT('Ctrl Pts',(69.8084199792412,29.4560955488255,4.39509525458599));
#8383=CARTESIAN_POINT('Ctrl Pts',(69.1155648755329,25.3536848577381,5.96796508325437));
#8384=CARTESIAN_POINT('Ctrl Pts',(67.1334322997948,20.7163574960283,6.96763417977664));
#8385=CARTESIAN_POINT('Ctrl Pts',(66.1496642164761,19.0187387419253,7.03634324213742));
#8386=CARTESIAN_POINT('Ctrl Pts',(65.6369989478994,18.2454253342001,6.93997402135386));
#8387=CARTESIAN_POINT('Ctrl Pts',(69.8072474820843,32.5,3.25));
#8388=CARTESIAN_POINT('Ctrl Pts',(69.8072474820843,32.4940278805117,3.25278747294897));
#8389=CARTESIAN_POINT('Ctrl Pts',(69.8072462848093,32.488059572334,3.25557893756711));
#8390=CARTESIAN_POINT('Ctrl Pts',(69.8047646095592,29.5445255355752,4.62540599772716));
#8391=CARTESIAN_POINT('Ctrl Pts',(69.168603831463,25.5739438971581,6.5068977051455));
#8392=CARTESIAN_POINT('Ctrl Pts',(67.2254778348657,20.8960287992786,7.97613658593488));
#8393=CARTESIAN_POINT('Ctrl Pts',(66.2027782999485,19.1007765264603,8.25000000001423));
#8394=CARTESIAN_POINT('Ctrl Pts',(65.6369989478911,18.2454253341876,8.25));
#8395=CARTESIAN_POINT('Origin',(69.8072474819808,15.4869788213976,8.25));
#8396=CARTESIAN_POINT('Origin',(69.8072474820843,9.10000000000002,1.25));
#8397=CARTESIAN_POINT('',(29.5072474820843,9.10000000000002,1.25));
#8398=CARTESIAN_POINT('',(29.5072474820843,9.10000000000002,3.25));
#8399=CARTESIAN_POINT('',(69.8072474820843,9.10000000000002,1.25));
#8400=CARTESIAN_POINT('',(69.8072474820843,9.10000000000002,1.25));
#8401=CARTESIAN_POINT('',(69.8072474820843,9.10000000000002,3.25));
#8402=CARTESIAN_POINT('Ctrl Pts',(68.9980921653455,48.9777984829466,3.34502249346485));
#8403=CARTESIAN_POINT('Ctrl Pts',(69.045918673011,48.0134310319495,3.44236285294313));
#8404=CARTESIAN_POINT('Ctrl Pts',(69.1983836902105,45.9616453921258,3.58035967333604));
#8405=CARTESIAN_POINT('Ctrl Pts',(69.4452769536978,42.7074814563474,3.62637071113354));
#8406=CARTESIAN_POINT('Ctrl Pts',(69.6137914096261,39.9192616275138,3.57105715899742));
#8407=CARTESIAN_POINT('Ctrl Pts',(69.7126535847358,37.6508809052182,3.49096934563284));
#8408=CARTESIAN_POINT('Ctrl Pts',(69.7668231813541,35.941440068332,3.41785322703097));
#8409=CARTESIAN_POINT('Ctrl Pts',(69.7997415525833,34.2282016125384,3.33634025054519));
#8410=CARTESIAN_POINT('Ctrl Pts',(69.807157279395,33.0887721550947,3.2794199749343));
#8411=CARTESIAN_POINT('Ctrl Pts',(69.8072469479662,32.5138686833432,3.2506930411172));
#8412=CARTESIAN_POINT('Ctrl Pts',(69.8072474820843,32.5069343766653,3.25034651672099));
#8413=CARTESIAN_POINT('Ctrl Pts',(69.8072474820843,32.5,3.25));
#8414=CARTESIAN_POINT('Ctrl Pts',(68.1941956959942,48.4460542968672,3.53566121864286));
#8415=CARTESIAN_POINT('Ctrl Pts',(68.3005775740536,47.5539237993461,3.71642909283009));
#8416=CARTESIAN_POINT('Ctrl Pts',(68.6148725002798,45.6140506159591,3.96356315095054));
#8417=CARTESIAN_POINT('Ctrl Pts',(69.1040422136602,42.4760166595603,4.02626924037625));
#8418=CARTESIAN_POINT('Ctrl Pts',(69.4326425819031,39.7615670505442,3.90228122917737));
#8419=CARTESIAN_POINT('Ctrl Pts',(69.6244083125644,37.5453119091985,3.73627478776927));
#8420=CARTESIAN_POINT('Ctrl Pts',(69.7291669606808,35.8723206619466,3.58755362764107));
#8421=CARTESIAN_POINT('Ctrl Pts',(69.7927344463366,34.1939139103528,3.42329334725));
#8422=CARTESIAN_POINT('Ctrl Pts',(69.807068809266,33.0770970528885,3.30903321618111));
#8423=CARTESIAN_POINT('Ctrl Pts',(69.8072464902471,32.5135937817736,3.2513904066527));
#8424=CARTESIAN_POINT('Ctrl Pts',(69.8072474820843,32.5067969113543,3.25069522475356));
#8425=CARTESIAN_POINT('Ctrl Pts',(69.8072474820843,32.5,3.25));
#8426=CARTESIAN_POINT('Ctrl Pts',(66.4284800163246,47.2781065788159,4.66182706351602));
#8427=CARTESIAN_POINT('Ctrl Pts',(66.7459486355617,46.5344499837935,4.91904511906024));
#8428=CARTESIAN_POINT('Ctrl Pts',(67.4821869108475,44.8298659711964,5.20348785173768));
#8429=CARTESIAN_POINT('Ctrl Pts',(68.4791683171222,41.9454733433677,5.09834578751902));
#8430=CARTESIAN_POINT('Ctrl Pts',(69.1089196834357,39.3971876715989,4.72684604953297));
#8431=CARTESIAN_POINT('Ctrl Pts',(69.4690033929592,37.3002201558882,4.32559490245596));
#8432=CARTESIAN_POINT('Ctrl Pts',(69.6634207713666,35.7114382421099,3.98748689718866));
#8433=CARTESIAN_POINT('Ctrl Pts',(69.780615462554,34.1139806911629,3.62597052574926));
#8434=CARTESIAN_POINT('Ctrl Pts',(69.8069215252294,33.0498632746489,3.37810556579329));
#8435=CARTESIAN_POINT('Ctrl Pts',(69.8072456371061,32.5129522790773,3.25301779766539));
#8436=CARTESIAN_POINT('Ctrl Pts',(69.8072474820843,32.506476158962,3.25150887682955));
#8437=CARTESIAN_POINT('Ctrl Pts',(69.8072474820843,32.5,3.25));
#8438=CARTESIAN_POINT('Ctrl Pts',(65.6369989479254,46.7545746657606,6.9399740213587));
#8439=CARTESIAN_POINT('Ctrl Pts',(66.1497342219798,45.9839204036076,7.03665990875016));
#8440=CARTESIAN_POINT('Ctrl Pts',(67.1359097408451,44.2870154207076,6.96676694866847));
#8441=CARTESIAN_POINT('Ctrl Pts',(68.3238371860165,41.4995490123391,6.37046265260122));
#8442=CARTESIAN_POINT('Ctrl Pts',(69.0354540582668,39.0634878179769,5.62532717269693));
#8443=CARTESIAN_POINT('Ctrl Pts',(69.4358998850109,37.0651299848626,4.93946431944638));
#8444=CARTESIAN_POINT('Ctrl Pts',(69.6500422465466,35.5532416503981,4.39382307728592));
#8445=CARTESIAN_POINT('Ctrl Pts',(69.7784061221281,34.034206847395,3.82890087280467));
#8446=CARTESIAN_POINT('Ctrl Pts',(69.8069229995886,33.0226484795106,3.44720518207658));
#8447=CARTESIAN_POINT('Ctrl Pts',(69.8072451981757,32.5123106231044,3.25464496924142));
#8448=CARTESIAN_POINT('Ctrl Pts',(69.8072474820843,32.5061554065697,3.25232252890554));
#8449=CARTESIAN_POINT('Ctrl Pts',(69.8072474820843,32.5,3.25));
#8450=CARTESIAN_POINT('Ctrl Pts',(65.63699894792,46.7545746657688,8.25));
#8451=CARTESIAN_POINT('Ctrl Pts',(66.2027782999738,45.8992234734973,8.25000000000942));
#8452=CARTESIAN_POINT('Ctrl Pts',(67.2246383321994,44.106786403292,7.9744026482199));
#8453=CARTESIAN_POINT('Ctrl Pts',(68.3927136778325,41.2931994889936,7.09633491954814));
#8454=CARTESIAN_POINT('Ctrl Pts',(69.0748357212163,38.8901673484008,6.13794751586371));
#8455=CARTESIAN_POINT('Ctrl Pts',(69.4558299272061,36.9361558594932,5.28974887772632));
#8456=CARTESIAN_POINT('Ctrl Pts',(69.6585456962455,35.4638877332708,4.62568750946039));
#8457=CARTESIAN_POINT('Ctrl Pts',(69.7798573926155,33.9883825914581,3.94469649229632));
#8458=CARTESIAN_POINT('Ctrl Pts',(69.8069154813446,33.0070705386171,3.48667237295438));
#8459=CARTESIAN_POINT('Ctrl Pts',(69.8072455429538,32.5119441781364,3.25557492959035));
#8460=CARTESIAN_POINT('Ctrl Pts',(69.8072474820843,32.5059721194883,3.25278747294897));
#8461=CARTESIAN_POINT('Ctrl Pts',(69.8072474820843,32.5,3.25));
#8462=CARTESIAN_POINT('Origin',(69.8072474820158,49.5130211785495,8.25));
#8463=CARTESIAN_POINT('Origin',(69.8072474820843,9.10000000000002,3.25));
#8464=CARTESIAN_POINT('Ctrl Pts',(68.3068941168649,51.5708938471507,3.25));
#8465=CARTESIAN_POINT('Ctrl Pts',(67.5017545583001,52.5748903750332,3.25));
#8466=CARTESIAN_POINT('Ctrl Pts',(66.6262261824307,53.5221905999595,3.25));
#8467=CARTESIAN_POINT('Ctrl Pts',(65.6858453923726,54.3997247093587,3.25));
#8468=CARTESIAN_POINT('Ctrl Pts',(29.5072474820843,32.5,3.25));
#8469=CARTESIAN_POINT('Ctrl Pts',(29.5072474820843,32.5069343766675,3.25034651672102));
#8470=CARTESIAN_POINT('Ctrl Pts',(29.5072479907313,32.5138684585001,3.2506930347485));
#8471=CARTESIAN_POINT('Ctrl Pts',(29.5074322276721,33.6567936298893,3.30780195288644));
#8472=CARTESIAN_POINT('Ctrl Pts',(29.5368521598505,35.9417911473506,3.42199793170712));
#8473=CARTESIAN_POINT('Ctrl Pts',(29.6669294394088,39.3606897083125,3.55998015752435));
#8474=CARTESIAN_POINT('Ctrl Pts',(29.8689970481056,42.7065949230328,3.62634973544882));
#8475=CARTESIAN_POINT('Ctrl Pts',(30.1161697063937,45.9619497522929,3.58035532624988));
#8476=CARTESIAN_POINT('Ctrl Pts',(30.2685762899813,48.013431032725,3.44236285250623));
#8477=CARTESIAN_POINT('Ctrl Pts',(30.3164027975522,48.9777984838381,3.34502249315791));
#8478=CARTESIAN_POINT('Ctrl Pts',(29.5072474820843,32.5,3.25));
#8479=CARTESIAN_POINT('Ctrl Pts',(29.5072489931324,32.5067508943611,3.25081147811292));
#8480=CARTESIAN_POINT('Ctrl Pts',(29.5072471731119,32.5135020962498,3.25162292837071));
#8481=CARTESIAN_POINT('Ctrl Pts',(29.5077033934995,33.626201949611,3.38534756912144));
#8482=CARTESIAN_POINT('Ctrl Pts',(29.5733679703478,35.8508310042925,3.652843556499));
#8483=CARTESIAN_POINT('Ctrl Pts',(29.8655248895309,39.1703421462274,3.98286373136361));
#8484=CARTESIAN_POINT('Ctrl Pts',(30.3232405104053,42.3981679725073,4.15912171988999));
#8485=CARTESIAN_POINT('Ctrl Pts',(30.8935385206644,45.4990169399352,4.09030955973375));
#8486=CARTESIAN_POINT('Ctrl Pts',(31.2606237751304,47.4010202307601,3.80778560921537));
#8487=CARTESIAN_POINT('Ctrl Pts',(31.3882647569999,48.2688062355232,3.59920745971378));
#8488=CARTESIAN_POINT('Ctrl Pts',(29.5072474820843,32.5,3.25));
#8489=CARTESIAN_POINT('Ctrl Pts',(29.5072487662338,32.5064305911958,3.2516242268793));
#8490=CARTESIAN_POINT('Ctrl Pts',(29.5072481145755,32.5128601616503,3.25325110976499));
#8491=CARTESIAN_POINT('Ctrl Pts',(29.5079637711714,33.5727149024623,3.52102932508268));
#8492=CARTESIAN_POINT('Ctrl Pts',(29.615361121312,35.6916384757773,4.05678406730417));
#8493=CARTESIAN_POINT('Ctrl Pts',(30.100605925519,38.8399851349911,4.77006728759398));
#8494=CARTESIAN_POINT('Ctrl Pts',(30.8886117481961,41.8709781223874,5.27959217374999));
#8495=CARTESIAN_POINT('Ctrl Pts',(31.9426535229482,44.7259896675835,5.45186896534925));
#8496=CARTESIAN_POINT('Ctrl Pts',(32.7384511675245,46.4060284619853,5.21369820147748));
#8497=CARTESIAN_POINT('Ctrl Pts',(33.0982541321477,47.1377191575835,4.97259475314684));
#8498=CARTESIAN_POINT('Ctrl Pts',(29.5072474820843,32.5,3.25));
#8499=CARTESIAN_POINT('Ctrl Pts',(29.5072479112552,32.5061097563348,3.2524380854181));
#8500=CARTESIAN_POINT('Ctrl Pts',(29.5072490334572,32.5122187505931,3.25487814428611));
#8501=CARTESIAN_POINT('Ctrl Pts',(29.5079594429073,33.5192053104586,3.65678605225092));
#8502=CARTESIAN_POINT('Ctrl Pts',(29.6197223447232,35.532419236312,4.46063450962918));
#8503=CARTESIAN_POINT('Ctrl Pts',(30.1288665783492,38.5333111411435,5.59323273058237));
#8504=CARTESIAN_POINT('Ctrl Pts',(30.974144335157,41.4462513534112,6.55100491951136));
#8505=CARTESIAN_POINT('Ctrl Pts',(32.1578117916198,44.2410382589112,7.21793292464917));
#8506=CARTESIAN_POINT('Ctrl Pts',(33.1522481726102,45.9611963883508,7.33990649613551));
#8507=CARTESIAN_POINT('Ctrl Pts',(33.6774960162713,46.7545746658031,7.26748051579303));
#8508=CARTESIAN_POINT('Ctrl Pts',(29.5072474820843,32.5,3.25));
#8509=CARTESIAN_POINT('Ctrl Pts',(29.5072474820843,32.5059721194869,3.25278747295363));
#8510=CARTESIAN_POINT('Ctrl Pts',(29.5072493516135,32.5119439883995,3.25557484799245));
#8511=CARTESIAN_POINT('Ctrl Pts',(29.5079217550955,33.4962689699683,3.71500140804608));
#8512=CARTESIAN_POINT('Ctrl Pts',(29.6146895090869,35.4641755988057,4.63367737512148));
#8513=CARTESIAN_POINT('Ctrl Pts',(30.1028920470862,38.4087529648963,5.94605047588942));
#8514=CARTESIAN_POINT('Ctrl Pts',(30.9215054405281,41.292488857452,7.09581947063377));
#8515=CARTESIAN_POINT('Ctrl Pts',(32.0899499237305,44.1070345348765,7.97456370394463));
#8516=CARTESIAN_POINT('Ctrl Pts',(33.1117166642202,45.8992234735397,8.25000000001423));
#8517=CARTESIAN_POINT('Ctrl Pts',(33.6774960162775,46.7545746658124,8.25));
#8518=CARTESIAN_POINT('Origin',(29.5072474821879,49.5130211786024,8.25));
#8519=CARTESIAN_POINT('Ctrl Pts',(29.5072474821879,49.5130211786024,3.25));
#8520=CARTESIAN_POINT('Ctrl Pts',(31.1109764174678,51.937555499068,3.25));
#8521=CARTESIAN_POINT('Ctrl Pts',(33.0926970737216,54.1168032202182,3.25));
#8522=CARTESIAN_POINT('Ctrl Pts',(35.3887431545173,55.8999999999977,3.25));
#8523=CARTESIAN_POINT('Ctrl Pts',(30.1311152040136,49.1003585452738,3.25));
#8524=CARTESIAN_POINT('Ctrl Pts',(31.6925234505591,51.4609120021128,3.25));
#8525=CARTESIAN_POINT('Ctrl Pts',(33.6196114087532,53.5789378483941,3.25));
#8526=CARTESIAN_POINT('Ctrl Pts',(35.8475500269402,55.3092397803662,3.25));
#8527=CARTESIAN_POINT('Ctrl Pts',(31.3762301137111,48.2767666531834,3.59232391140169));
#8528=CARTESIAN_POINT('Ctrl Pts',(32.8531298268252,50.509559217786,3.59232391140169));
#8529=CARTESIAN_POINT('Ctrl Pts',(34.671299088679,52.5055225356548,3.59232391140169));
#8530=CARTESIAN_POINT('Ctrl Pts',(36.7632365700006,54.1302008081833,3.59232391140169));
#8531=CARTESIAN_POINT('Ctrl Pts',(33.1302329116661,47.1165665207712,5.26498564792504));
#8532=CARTESIAN_POINT('Ctrl Pts',(34.4883062602274,49.1697161340642,5.26498564792504));
#8533=CARTESIAN_POINT('Ctrl Pts',(36.15246310656,50.9931174833422,5.26498564792504));
#8534=CARTESIAN_POINT('Ctrl Pts',(38.0531711343276,52.4692796835546,5.26498564792504));
#8535=CARTESIAN_POINT('Ctrl Pts',(33.6774960162775,46.7545746658124,7.12800262371793));
#8536=CARTESIAN_POINT('Ctrl Pts',(34.998142274573,48.7511416092611,7.12800262371793));
#8537=CARTESIAN_POINT('Ctrl Pts',(36.6151652615227,50.5216751610817,7.12800262371793));
#8538=CARTESIAN_POINT('Ctrl Pts',(38.4556411846846,51.9510588162681,7.12800262371793));
#8539=CARTESIAN_POINT('Ctrl Pts',(33.6774960162775,46.7545746658124,8.25));
#8540=CARTESIAN_POINT('Ctrl Pts',(34.9984762863516,48.7516465717912,8.25));
#8541=CARTESIAN_POINT('Ctrl Pts',(36.6146277302253,50.5212576938164,8.25));
#8542=CARTESIAN_POINT('Ctrl Pts',(38.4556411846846,51.9510588162681,8.25));
#8543=CARTESIAN_POINT('Origin',(35.3887431545172,55.8999999999977,8.25));
#8544=CARTESIAN_POINT('Ctrl Pts',(33.6286482632365,54.3997261110581,3.25));
#8545=CARTESIAN_POINT('Ctrl Pts',(32.6882432904795,53.52217121939,3.25));
#8546=CARTESIAN_POINT('Ctrl Pts',(31.8127203690068,52.5748704905858,3.25));
#8547=CARTESIAN_POINT('Ctrl Pts',(31.0075993168217,51.5708950749424,3.25));
#8548=CARTESIAN_POINT('Ctrl Pts',(63.9257518523293,55.8999999668525,3.25));
#8549=CARTESIAN_POINT('Ctrl Pts',(66.2216598983421,54.1169103822557,3.25));
#8550=CARTESIAN_POINT('Ctrl Pts',(68.2034443964289,51.9376676002432,3.25));
#8551=CARTESIAN_POINT('Ctrl Pts',(69.8072474820158,49.5130211785495,3.25));
#8552=CARTESIAN_POINT('Ctrl Pts',(63.466944978641,55.3092397482036,3.25));
#8553=CARTESIAN_POINT('Ctrl Pts',(65.6947496566104,53.579041831653,3.25));
#8554=CARTESIAN_POINT('Ctrl Pts',(67.6218993200837,51.4610211450581,3.25));
#8555=CARTESIAN_POINT('Ctrl Pts',(69.1833797601892,49.1003585452222,3.25));
#8556=CARTESIAN_POINT('Ctrl Pts',(62.5512842908089,54.1302340724529,3.59234775138404));
#8557=CARTESIAN_POINT('Ctrl Pts',(64.6430960081907,52.5056534658043,3.59234775138404));
#8558=CARTESIAN_POINT('Ctrl Pts',(66.4613320115344,50.509685710682,3.59234775138404));
#8559=CARTESIAN_POINT('Ctrl Pts',(67.9383000108563,48.2767899102594,3.59234775138404));
#8560=CARTESIAN_POINT('Ctrl Pts',(61.2613834894948,52.4693564284588,5.26502088103811));
#8561=CARTESIAN_POINT('Ctrl Pts',(63.1619772498819,50.9932829661174,5.26502088103811));
#8562=CARTESIAN_POINT('Ctrl Pts',(64.8262069866746,49.1698646914755,5.26502088103811));
#8563=CARTESIAN_POINT('Ctrl Pts',(66.1843431273662,47.1166201483677,5.26502088103811));
#8564=CARTESIAN_POINT('Ctrl Pts',(60.858853813704,51.9510587896916,7.12800262371793));
#8565=CARTESIAN_POINT('Ctrl Pts',(62.6992190905906,50.5217610602948,7.12800262371793));
#8566=CARTESIAN_POINT('Ctrl Pts',(64.3162916279801,48.7512339228653,7.12800262371793));
#8567=CARTESIAN_POINT('Ctrl Pts',(65.63699894792,46.7545746657688,7.12800262371793));
#8568=CARTESIAN_POINT('Ctrl Pts',(60.858853813704,51.9510587896916,8.25));
#8569=CARTESIAN_POINT('Ctrl Pts',(62.699756589572,50.5213436181254,8.25));
#8570=CARTESIAN_POINT('Ctrl Pts',(64.3159576007581,48.7517389087428,8.25));
#8571=CARTESIAN_POINT('Ctrl Pts',(65.63699894792,46.7545746657688,8.25));
#8572=CARTESIAN_POINT('Origin',(63.9257518523293,55.8999999668525,8.25));
#8573=CARTESIAN_POINT('Origin',(29.5072474820843,32.5,1.54523053441057));
#8574=CARTESIAN_POINT('',(29.5072474820843,55.9,1.25));
#8575=CARTESIAN_POINT('',(29.5072474820843,55.9,3.25));
#8576=CARTESIAN_POINT('',(29.5072474820843,52.1152273387586,1.25));
#8577=CARTESIAN_POINT('',(29.5072474820843,65.0427525179158,1.25));
#8578=CARTESIAN_POINT('',(29.5072474820843,52.5427525179157,0.0753842240176146));
#8579=CARTESIAN_POINT('',(29.5072474820843,52.1152273387586,1.25));
#8580=CARTESIAN_POINT('',(29.5072474820843,42.5427525179157,0.0753842240176162));
#8581=CARTESIAN_POINT('',(29.5072474820843,52.5427525179157,0.0753842240176144));
#8582=CARTESIAN_POINT('',(29.5072474820843,42.9702776970728,1.25));
#8583=CARTESIAN_POINT('',(29.5072474820843,42.5427525179157,0.0753842240176162));
#8584=CARTESIAN_POINT('',(29.5072474820843,22.0297223029272,1.25000000000132));
#8585=CARTESIAN_POINT('',(29.5072474820843,42.9702776970728,1.25));
#8586=CARTESIAN_POINT('',(29.5072474820843,22.5427525179157,-0.159538931177538));
#8587=CARTESIAN_POINT('',(29.5072474820843,22.0297223029272,1.25000000000132));
#8588=CARTESIAN_POINT('',(29.5072474820843,12.5427525179157,-0.159538931178862));
#8589=CARTESIAN_POINT('',(29.5072474820843,22.5427525179157,-0.159538931177538));
#8590=CARTESIAN_POINT('',(29.5072474820843,13.0557827329042,1.25));
#8591=CARTESIAN_POINT('',(29.5072474820843,12.5427525179157,-0.159538931178862));
#8592=CARTESIAN_POINT('',(29.5072474820843,13.0557827329042,1.25));
#8593=CARTESIAN_POINT('Ctrl Pts',(49.6572474820843,55.9,3.25));
#8594=CARTESIAN_POINT('Ctrl Pts',(49.6631648506288,55.9,3.25035971225621));
#8595=CARTESIAN_POINT('Ctrl Pts',(49.6690826257029,55.8999994556049,3.25071946838514));
#8596=CARTESIAN_POINT('Ctrl Pts',(50.6254696818935,55.8998070828503,3.30885277733533));
#8597=CARTESIAN_POINT('Ctrl Pts',(52.5262276380316,55.8698667285543,3.42441404050204));
#8598=CARTESIAN_POINT('Ctrl Pts',(55.3925967492184,55.7374091571805,3.56294270327617));
#8599=CARTESIAN_POINT('Ctrl Pts',(58.1858623096332,55.5356268128244,3.62413184730598));
#8600=CARTESIAN_POINT('Ctrl Pts',(60.870833490572,55.300536947942,3.57057537121614));
#8601=CARTESIAN_POINT('Ctrl Pts',(62.5457837831351,55.1678079283803,3.43539096339019));
#8602=CARTESIAN_POINT('Ctrl Pts',(63.3277377956144,55.1299964637584,3.34597371609876));
#8603=CARTESIAN_POINT('Ctrl Pts',(49.6572474820843,55.9,3.25));
#8604=CARTESIAN_POINT('Ctrl Pts',(49.6629947790129,55.8999988897331,3.25071908870968));
#8605=CARTESIAN_POINT('Ctrl Pts',(49.6687419282495,55.9000000600151,3.251440073122));
#8606=CARTESIAN_POINT('Ctrl Pts',(50.5976545258114,55.8995778767922,3.36762141153478));
#8607=CARTESIAN_POINT('Ctrl Pts',(52.4436457883875,55.8422736561263,3.59909873111881));
#8608=CARTESIAN_POINT('Ctrl Pts',(55.2205959131085,55.5873919381699,3.88176598545879));
#8609=CARTESIAN_POINT('Ctrl Pts',(57.9104758490357,55.1956590692688,4.02106531282729));
#8610=CARTESIAN_POINT('Ctrl Pts',(60.4668739136862,54.7312146032362,3.94404796321453));
#8611=CARTESIAN_POINT('Ctrl Pts',(62.0255496294134,54.4563606236038,3.70300892582832));
#8612=CARTESIAN_POINT('Ctrl Pts',(62.7370685295929,54.3694500871943,3.53741883564312));
#8613=CARTESIAN_POINT('Ctrl Pts',(49.6572474820843,55.9,3.25));
#8614=CARTESIAN_POINT('Ctrl Pts',(49.6625976083094,55.8999980977128,3.25155883718474));
#8615=CARTESIAN_POINT('Ctrl Pts',(49.6679474578262,55.900000010413,3.25311987037121));
#8616=CARTESIAN_POINT('Ctrl Pts',(50.5326481405539,55.8992329191862,3.50503505120967));
#8617=CARTESIAN_POINT('Ctrl Pts',(52.2510883094442,55.7956683897884,4.00633879405802));
#8618=CARTESIAN_POINT('Ctrl Pts',(54.821886266943,55.3277126987725,4.66425040599325));
#8619=CARTESIAN_POINT('Ctrl Pts',(57.2795828381437,54.5820386262444,5.09851920736059));
#8620=CARTESIAN_POINT('Ctrl Pts',(59.5561989425033,53.6335434108503,5.18070429909438));
#8621=CARTESIAN_POINT('Ctrl Pts',(60.8723145218439,52.9737789860826,4.90139766709085));
#8622=CARTESIAN_POINT('Ctrl Pts',(61.440432272795,52.6998998560798,4.66482839665314));
#8623=CARTESIAN_POINT('Ctrl Pts',(49.6572474820843,55.9,3.25));
#8624=CARTESIAN_POINT('Ctrl Pts',(49.6621999819894,55.8999992488473,3.25239926502966));
#8625=CARTESIAN_POINT('Ctrl Pts',(49.6671535508693,55.8999986783714,3.25479865308747));
#8626=CARTESIAN_POINT('Ctrl Pts',(50.4675579643176,55.8992850238687,3.6426662780924));
#8627=CARTESIAN_POINT('Ctrl Pts',(52.0586119162296,55.7897745877241,4.41328953248535));
#8628=CARTESIAN_POINT('Ctrl Pts',(54.4479381628757,55.2884628833479,5.49874525257875));
#8629=CARTESIAN_POINT('Ctrl Pts',(56.7552904750476,54.4610344454454,6.38989754079579));
#8630=CARTESIAN_POINT('Ctrl Pts',(58.9368617045328,53.3326579771195,6.96722560004333));
#8631=CARTESIAN_POINT('Ctrl Pts',(60.2580491185637,52.418013750697,7.0290366053088));
#8632=CARTESIAN_POINT('Ctrl Pts',(60.8588538094997,51.9510587929568,6.94090551633788));
#8633=CARTESIAN_POINT('Ctrl Pts',(49.6572474820843,55.9,3.25));
#8634=CARTESIAN_POINT('Ctrl Pts',(49.6619732109101,55.9,3.25287919986078));
#8635=CARTESIAN_POINT('Ctrl Pts',(49.6666992599567,55.8999981576871,3.25575860698117));
#8636=CARTESIAN_POINT('Ctrl Pts',(50.4304901988546,55.8993534786893,3.72110296703523));
#8637=CARTESIAN_POINT('Ctrl Pts',(51.9484607548263,55.7996731359157,4.64607171681303));
#8638=CARTESIAN_POINT('Ctrl Pts',(54.2502029942656,55.338633905143,5.97559560255069));
#8639=CARTESIAN_POINT('Ctrl Pts',(56.5195710546975,54.5590760024187,7.12838570125037));
#8640=CARTESIAN_POINT('Ctrl Pts',(58.7430799925764,53.4506944142938,7.99002505662144));
#8641=CARTESIAN_POINT('Ctrl Pts',(60.1738139325513,52.4830868381312,8.25000000439885));
#8642=CARTESIAN_POINT('Ctrl Pts',(60.858853813704,51.9510587896916,8.25));
#8643=CARTESIAN_POINT('Ctrl Pts',(69.8072474819808,15.4869788213977,3.25));
#8644=CARTESIAN_POINT('Ctrl Pts',(68.2035185467009,13.062444500932,3.25));
#8645=CARTESIAN_POINT('Ctrl Pts',(66.2217978904471,10.8831967797819,3.25));
#8646=CARTESIAN_POINT('Ctrl Pts',(63.9257518096514,9.10000000000231,3.25));
#8647=CARTESIAN_POINT('Ctrl Pts',(69.1833797601551,15.8996414547263,3.25));
#8648=CARTESIAN_POINT('Ctrl Pts',(67.6219715136095,13.5390879978872,3.25));
#8649=CARTESIAN_POINT('Ctrl Pts',(65.6948835554154,11.4210621516059,3.25));
#8650=CARTESIAN_POINT('Ctrl Pts',(63.4669449372284,9.69076021963388,3.25));
#8651=CARTESIAN_POINT('Ctrl Pts',(67.9382530248741,16.7232411689498,3.59231581196896));
#8652=CARTESIAN_POINT('Ctrl Pts',(66.4613533117601,14.4904486043472,3.59231581196896));
#8653=CARTESIAN_POINT('Ctrl Pts',(64.6431871786798,12.4944886623669,3.59231581196896));
#8654=CARTESIAN_POINT('Ctrl Pts',(62.5512496973582,10.8698103898384,3.59231581196896));
#8655=CARTESIAN_POINT('Ctrl Pts',(66.1842343467246,17.8834518054524,5.26497365008959));
#8656=CARTESIAN_POINT('Ctrl Pts',(64.8261609981632,15.8303021921594,5.26497365008959));
#8657=CARTESIAN_POINT('Ctrl Pts',(63.1620114821333,14.0069087521417,5.26497365008959));
#8658=CARTESIAN_POINT('Ctrl Pts',(61.2613034543657,12.5307465519293,5.26497365008959));
#8659=CARTESIAN_POINT('Ctrl Pts',(65.6369989478911,18.2454253341876,7.12800262371793));
#8660=CARTESIAN_POINT('Ctrl Pts',(64.3163526895956,16.2488583907389,7.12800262371793));
#8661=CARTESIAN_POINT('Ctrl Pts',(62.699329702646,14.4783248389183,7.12800262371793));
#8662=CARTESIAN_POINT('Ctrl Pts',(60.8588537794841,13.0489411837319,7.12800262371793));
#8663=CARTESIAN_POINT('Ctrl Pts',(65.6369989478911,18.2454253341876,8.25));
#8664=CARTESIAN_POINT('Ctrl Pts',(64.316018677817,16.2483534282089,8.25));
#8665=CARTESIAN_POINT('Ctrl Pts',(62.6998672339434,14.4787423061837,8.25));
#8666=CARTESIAN_POINT('Ctrl Pts',(60.8588537794841,13.0489411837319,8.25));
#8667=CARTESIAN_POINT('Origin',(63.9257518096514,9.10000000000232,8.25));
#8668=CARTESIAN_POINT('Ctrl Pts',(63.3277377594398,9.87000353063611,3.34597371962986));
#8669=CARTESIAN_POINT('Ctrl Pts',(62.5457837482136,9.83219206543572,3.43539096549273));
#8670=CARTESIAN_POINT('Ctrl Pts',(61.2915357498073,9.73288504833682,3.53691109377064));
#8671=CARTESIAN_POINT('Ctrl Pts',(59.5266875301409,9.58168504703229,3.5973572227196));
#8672=CARTESIAN_POINT('Ctrl Pts',(58.1747798057862,9.46885801608825,3.60989803039823));
#8673=CARTESIAN_POINT('Ctrl Pts',(56.7901919878431,9.3636050604681,3.59359433008836));
#8674=CARTESIAN_POINT('Ctrl Pts',(54.9148699981059,9.24053990546208,3.5398527519724));
#8675=CARTESIAN_POINT('Ctrl Pts',(52.5267693650858,9.13022048797698,3.42444174660217));
#8676=CARTESIAN_POINT('Ctrl Pts',(50.6254694738818,9.10019472635472,3.3088527269385));
#8677=CARTESIAN_POINT('Ctrl Pts',(49.6690826285617,9.10000053698062,3.250719468695));
#8678=CARTESIAN_POINT('Ctrl Pts',(49.6631648506285,9.10000000000002,3.25035971225503));
#8679=CARTESIAN_POINT('Ctrl Pts',(49.6572474820843,9.10000000000002,3.25));
#8680=CARTESIAN_POINT('Ctrl Pts',(62.5401787420723,10.8840653637029,3.60123388300006));
#8681=CARTESIAN_POINT('Ctrl Pts',(61.8533171600853,10.7810792728526,3.79383495835979));
#8682=CARTESIAN_POINT('Ctrl Pts',(60.7144214289862,10.5403761550693,4.00048290006615));
#8683=CARTESIAN_POINT('Ctrl Pts',(59.0746564653504,10.1872088155314,4.11295496785406));
#8684=CARTESIAN_POINT('Ctrl Pts',(57.8040316757006,9.92838008443595,4.12398883820486));
#8685=CARTESIAN_POINT('Ctrl Pts',(56.4925421708146,9.68947020865483,4.07246788446707));
#8686=CARTESIAN_POINT('Ctrl Pts',(54.705841888358,9.41256146444405,3.93418761653904));
#8687=CARTESIAN_POINT('Ctrl Pts',(52.4169833302265,9.16662386652322,3.65795146966369));
#8688=CARTESIAN_POINT('Ctrl Pts',(50.5883635100494,9.10037269909446,3.38746558826042));
#8689=CARTESIAN_POINT('Ctrl Pts',(49.668628513536,9.1000014504187,3.25167892566424));
#8690=CARTESIAN_POINT('Ctrl Pts',(49.6629378716333,9.10000000000002,3.25083961465702));
#8691=CARTESIAN_POINT('Ctrl Pts',(49.6572474820843,9.10000000000002,3.25));
#8692=CARTESIAN_POINT('Ctrl Pts',(61.2838022604769,12.5017770651163,4.97431492367733));
#8693=CARTESIAN_POINT('Ctrl Pts',(60.7271195065013,12.1904683452749,5.19305281643908));
#8694=CARTESIAN_POINT('Ctrl Pts',(59.7597290943049,11.6514536761334,5.37286689521283));
#8695=CARTESIAN_POINT('Ctrl Pts',(58.3118836963017,10.9691254264784,5.35625400039478));
#8696=CARTESIAN_POINT('Ctrl Pts',(57.171239267397,10.4979719488735,5.23870506975955));
#8697=CARTESIAN_POINT('Ctrl Pts',(55.9794746319525,10.0807980668875,5.0325958404124));
#8698=CARTESIAN_POINT('Ctrl Pts',(54.3416811464864,9.61123065618045,4.66340758092472));
#8699=CARTESIAN_POINT('Ctrl Pts',(52.2240239660135,9.20810037843523,4.06432406801397));
#8700=CARTESIAN_POINT('Ctrl Pts',(50.5233279202343,9.1007125929133,3.5247733585701));
#8701=CARTESIAN_POINT('Ctrl Pts',(49.667834237973,9.10000187294362,3.25335910140412));
#8702=CARTESIAN_POINT('Ctrl Pts',(49.6625406583917,9.10000000000002,3.25167944386049));
#8703=CARTESIAN_POINT('Ctrl Pts',(49.6572474820843,9.10000000000002,3.25));
#8704=CARTESIAN_POINT('Ctrl Pts',(60.8588537794839,13.0489411837318,7.26817913984043));
#8705=CARTESIAN_POINT('Ctrl Pts',(60.237234408858,12.5653863593095,7.3330652516168));
#8706=CARTESIAN_POINT('Ctrl Pts',(59.2272502910359,11.8703080669593,7.25111671489556));
#8707=CARTESIAN_POINT('Ctrl Pts',(57.7912384150974,11.0749856582327,6.89758966687472));
#8708=CARTESIAN_POINT('Ctrl Pts',(56.6853484137595,10.5534201129942,6.5364636853285));
#8709=CARTESIAN_POINT('Ctrl Pts',(55.5484188508409,10.1068293773642,6.09608562136153));
#8710=CARTESIAN_POINT('Ctrl Pts',(54.0040924201308,9.61687583006349,5.42659670430747));
#8711=CARTESIAN_POINT('Ctrl Pts',(52.0315617139538,9.20791337740529,4.47153775721617));
#8712=CARTESIAN_POINT('Ctrl Pts',(50.458355431746,9.10067981691951,3.66218613106007));
#8713=CARTESIAN_POINT('Ctrl Pts',(49.6670396952056,9.10000203237496,3.25503883210714));
#8714=CARTESIAN_POINT('Ctrl Pts',(49.66214344515,9.10000000000002,3.25251927306397));
#8715=CARTESIAN_POINT('Ctrl Pts',(49.6572474820843,9.10000000000002,3.25));
#8716=CARTESIAN_POINT('Ctrl Pts',(60.8588537794841,13.0489411837319,8.25));
#8717=CARTESIAN_POINT('Ctrl Pts',(60.1738139003424,12.5169131392065,8.25000000000031));
#8718=CARTESIAN_POINT('Ctrl Pts',(59.1023546372379,11.7918347561487,8.05578556521979));
#8719=CARTESIAN_POINT('Ctrl Pts',(57.6299686446915,10.9944736264494,7.55854663669777));
#8720=CARTESIAN_POINT('Ctrl Pts',(56.5158189672675,10.4827334119622,7.09307427143054));
#8721=CARTESIAN_POINT('Ctrl Pts',(55.3856666738225,10.0515592439171,6.55234684120999));
#8722=CARTESIAN_POINT('Ctrl Pts',(53.8665792093204,9.58449548214316,5.75404784413293));
#8723=CARTESIAN_POINT('Ctrl Pts',(51.948898939438,9.20056757829727,4.64628985387042));
#8724=CARTESIAN_POINT('Ctrl Pts',(50.4304899688774,9.10064528335338,3.72110530057417));
#8725=CARTESIAN_POINT('Ctrl Pts',(49.6666992625321,9.10000184852206,3.25575859778404));
#8726=CARTESIAN_POINT('Ctrl Pts',(49.6619732109036,9.10000000000002,3.25287919986546));
#8727=CARTESIAN_POINT('Ctrl Pts',(49.6572474820843,9.10000000000002,3.25));
#8728=CARTESIAN_POINT('Ctrl Pts',(35.3887431118394,9.10000003314753,3.25));
#8729=CARTESIAN_POINT('Ctrl Pts',(33.0928350658265,10.8830896177443,3.25));
#8730=CARTESIAN_POINT('Ctrl Pts',(31.1110505677398,13.0623323997569,3.25));
#8731=CARTESIAN_POINT('Ctrl Pts',(29.5072474821528,15.4869788214506,3.25));
#8732=CARTESIAN_POINT('Ctrl Pts',(35.8475499855277,9.69076025179643,3.25));
#8733=CARTESIAN_POINT('Ctrl Pts',(33.6197453075582,11.4209581683471,3.25));
#8734=CARTESIAN_POINT('Ctrl Pts',(31.6925956440849,13.538978854942,3.25));
#8735=CARTESIAN_POINT('Ctrl Pts',(30.1311152039795,15.8996414547779,3.25));
#8736=CARTESIAN_POINT('Ctrl Pts',(36.7633075507428,10.8698906669684,3.59225637976341));
#8737=CARTESIAN_POINT('Ctrl Pts',(34.6714958333609,12.4944712736171,3.59225637976341));
#8738=CARTESIAN_POINT('Ctrl Pts',(32.8532946827274,14.4904014233133,3.59225637976341));
#8739=CARTESIAN_POINT('Ctrl Pts',(31.3763266834055,16.723297223736,3.59225637976341));
#8740=CARTESIAN_POINT('Ctrl Pts',(38.0533429950147,12.5309416773782,5.26488514324857));
#8741=CARTESIAN_POINT('Ctrl Pts',(36.1527492346275,14.0070151397197,5.26488514324857));
#8742=CARTESIAN_POINT('Ctrl Pts',(34.4886027898385,15.8303435438388,5.26488514324857));
#8743=CARTESIAN_POINT('Ctrl Pts',(33.1304666491469,17.8835880869465,5.26488514324857));
#8744=CARTESIAN_POINT('Ctrl Pts',(38.4556411504647,13.0489412103084,7.12800262371793));
#8745=CARTESIAN_POINT('Ctrl Pts',(36.6152758735781,14.4782389397052,7.12800262371793));
#8746=CARTESIAN_POINT('Ctrl Pts',(34.9982033361885,16.2487660771348,7.12800262371793));
#8747=CARTESIAN_POINT('Ctrl Pts',(33.6774960162486,18.2454253342313,7.12800262371793));
#8748=CARTESIAN_POINT('Ctrl Pts',(38.4556411504647,13.0489412103084,8.25));
#8749=CARTESIAN_POINT('Ctrl Pts',(36.6147383745966,14.4786563818746,8.25));
#8750=CARTESIAN_POINT('Ctrl Pts',(34.9985373634106,16.2482610912573,8.25));
#8751=CARTESIAN_POINT('Ctrl Pts',(33.6774960162486,18.2454253342313,8.25));
#8752=CARTESIAN_POINT('Origin',(35.3887431118394,9.10000003314756,8.25));
#8753=CARTESIAN_POINT('Origin',(29.5072474821529,15.4869788214506,8.25));
#8754=CARTESIAN_POINT('Ctrl Pts',(31.0076008473037,13.4291061528494,3.25));
#8755=CARTESIAN_POINT('Ctrl Pts',(31.8127404058686,12.4251096249669,3.25));
#8756=CARTESIAN_POINT('Ctrl Pts',(32.6882687817379,11.4778094000406,3.25));
#8757=CARTESIAN_POINT('Ctrl Pts',(33.628649571796,10.6002752906413,3.25));
#8758=CARTESIAN_POINT('Ctrl Pts',(49.6572474820843,9.10000000000002,3.25));
#8759=CARTESIAN_POINT('Ctrl Pts',(49.6513301135401,9.10000000000002,3.25035971225503));
#8760=CARTESIAN_POINT('Ctrl Pts',(49.6454035232161,9.10000578634174,3.25071990552775));
#8761=CARTESIAN_POINT('Ctrl Pts',(46.7941586365159,9.09696306690186,3.42409888935316));
#8762=CARTESIAN_POINT('Ctrl Pts',(42.9159488247437,9.30245843790948,3.66016634892438));
#8763=CARTESIAN_POINT('Ctrl Pts',(38.4434036120828,9.70160793171163,3.5705476066076));
#8764=CARTESIAN_POINT('Ctrl Pts',(36.7687111784907,9.83219206814039,3.43539096208495));
#8765=CARTESIAN_POINT('Ctrl Pts',(35.9867571656667,9.8700035325235,3.34597371516283));
#8766=CARTESIAN_POINT('Ctrl Pts',(49.6572474820843,9.10000000000002,3.25));
#8767=CARTESIAN_POINT('Ctrl Pts',(49.6516236294438,9.09962963845345,3.25079576494477));
#8768=CARTESIAN_POINT('Ctrl Pts',(49.6457959097159,9.10035079239293,3.25172105461648));
#8769=CARTESIAN_POINT('Ctrl Pts',(46.9050061120246,9.0907997290256,3.65508663145101));
#8770=CARTESIAN_POINT('Ctrl Pts',(43.1702592876172,9.54593822761299,4.21002803849096));
#8771=CARTESIAN_POINT('Ctrl Pts',(38.9814201351377,10.4632997652561,4.06862326612009));
#8772=CARTESIAN_POINT('Ctrl Pts',(37.4627094020582,10.7792461143792,3.79214480933627));
#8773=CARTESIAN_POINT('Ctrl Pts',(36.7743161877289,10.884065368844,3.60123387350101));
#8774=CARTESIAN_POINT('Ctrl Pts',(49.6572474820843,9.10000000000002,3.25));
#8775=CARTESIAN_POINT('Ctrl Pts',(49.6520852667987,9.0995727740487,3.25166592152258));
#8776=CARTESIAN_POINT('Ctrl Pts',(49.6465308963653,9.1004039618202,3.2533773246421));
#8777=CARTESIAN_POINT('Ctrl Pts',(47.0988061064305,9.09091455199601,4.06027954631283));
#8778=CARTESIAN_POINT('Ctrl Pts',(43.6177500038003,9.7895910538175,5.17893085881456));
#8779=CARTESIAN_POINT('Ctrl Pts',(39.8780170016258,11.4755748920091,5.43376017225965));
#8780=CARTESIAN_POINT('Ctrl Pts',(38.5874420679741,12.1875629443403,5.19495599123565));
#8781=CARTESIAN_POINT('Ctrl Pts',(38.0303724219619,12.5013647213661,4.97482237776773));
#8782=CARTESIAN_POINT('Ctrl Pts',(49.6572474820843,9.10000000000002,3.25));
#8783=CARTESIAN_POINT('Ctrl Pts',(49.6524033560216,9.09976441292187,3.25255841874413));
#8784=CARTESIAN_POINT('Ctrl Pts',(49.6474001215916,9.1002221461068,3.25501093711311));
#8785=CARTESIAN_POINT('Ctrl Pts',(47.2891992814934,9.09692233202017,4.46658575457694));
#8786=CARTESIAN_POINT('Ctrl Pts',(44.0777699889539,9.76209059570099,6.13828751607516));
#8787=CARTESIAN_POINT('Ctrl Pts',(40.4256843291339,11.6395964542918,7.22502861328858));
#8788=CARTESIAN_POINT('Ctrl Pts',(39.0776970205213,12.5647112267405,7.33438020856671));
#8789=CARTESIAN_POINT('Ctrl Pts',(38.4556411536179,13.0489412078595,7.26817913656771));
#8790=CARTESIAN_POINT('Ctrl Pts',(49.6572474820843,9.10000000000002,3.25));
#8791=CARTESIAN_POINT('Ctrl Pts',(49.6525217532651,9.10000000000002,3.25287919986546));
#8792=CARTESIAN_POINT('Ctrl Pts',(49.6477889448899,9.1000030028834,3.25576748908243));
#8793=CARTESIAN_POINT('Ctrl Pts',(47.3705307267127,9.10112830592023,4.63991355556283));
#8794=CARTESIAN_POINT('Ctrl Pts',(44.2747867564079,9.70246716451047,6.54964695141689));
#8795=CARTESIAN_POINT('Ctrl Pts',(40.5713428442992,11.5493745191795,7.99229874620333));
#8796=CARTESIAN_POINT('Ctrl Pts',(39.1406810316175,12.5169131618688,8.25000000439885));
#8797=CARTESIAN_POINT('Ctrl Pts',(38.4556411504646,13.0489412103084,8.25));
#8798=CARTESIAN_POINT('Ctrl Pts',(30.3164027975503,16.0222015162115,3.345022493163));
#8799=CARTESIAN_POINT('Ctrl Pts',(30.2685762899785,16.9865689673235,3.44236285251017));
#8800=CARTESIAN_POINT('Ctrl Pts',(30.1544072390148,18.5232535782008,3.54602983508024));
#8801=CARTESIAN_POINT('Ctrl Pts',(29.992397977019,20.6672457427755,3.60330445639685));
#8802=CARTESIAN_POINT('Ctrl Pts',(29.8748225964986,22.303196842893,3.61245047900188));
#8803=CARTESIAN_POINT('Ctrl Pts',(29.7680959060376,23.9642494505496,3.59321088728728));
#8804=CARTESIAN_POINT('Ctrl Pts',(29.6451975930007,26.2102100704378,3.5369884235206));
#8805=CARTESIAN_POINT('Ctrl Pts',(29.5369353172527,29.0570813441247,3.42202469429453));
#8806=CARTESIAN_POINT('Ctrl Pts',(29.5074277944969,31.3432863362653,3.30780229324334));
#8807=CARTESIAN_POINT('Ctrl Pts',(29.5072480096489,32.4861312016144,3.25069303341613));
#8808=CARTESIAN_POINT('Ctrl Pts',(29.5072474820843,32.4930656233325,3.25034651672102));
#8809=CARTESIAN_POINT('Ctrl Pts',(29.5072474820843,32.5,3.25));
#8810=CARTESIAN_POINT('Ctrl Pts',(31.1202992671329,16.5539457024439,3.53566121808424));
#8811=CARTESIAN_POINT('Ctrl Pts',(31.0139173891865,17.4460762000548,3.71642909220933));
#8812=CARTESIAN_POINT('Ctrl Pts',(30.7781333150865,18.8986375813187,3.90161595348319));
#8813=CARTESIAN_POINT('Ctrl Pts',(30.4544275247196,20.9566971474734,3.99465477393808));
#8814=CARTESIAN_POINT('Ctrl Pts',(30.2222066242937,22.5380729401608,3.99992927569429));
#8815=CARTESIAN_POINT('Ctrl Pts',(30.0132070136447,24.1514852339674,3.95185706856518));
#8816=CARTESIAN_POINT('Ctrl Pts',(29.7739082967835,26.3406062719688,3.83037139601593));
#8817=CARTESIAN_POINT('Ctrl Pts',(29.5645219947217,29.1253810182036,3.59526122079341));
#8818=CARTESIAN_POINT('Ctrl Pts',(29.5076037355108,31.3662222369985,3.36598611570354));
#8819=CARTESIAN_POINT('Ctrl Pts',(29.5072484639251,32.4864061104016,3.25139038283658));
#8820=CARTESIAN_POINT('Ctrl Pts',(29.5072474820843,32.4932030886441,3.25069522475425));
#8821=CARTESIAN_POINT('Ctrl Pts',(29.5072474820843,32.5,3.25));
#8822=CARTESIAN_POINT('Ctrl Pts',(32.8863230554224,17.7220972215735,4.66159199780638));
#8823=CARTESIAN_POINT('Ctrl Pts',(32.5688544362675,18.4657538166017,4.9188100534038));
#8824=CARTESIAN_POINT('Ctrl Pts',(32.016808474343,19.7418842110339,5.13320290017802));
#8825=CARTESIAN_POINT('Ctrl Pts',(31.3330939503342,21.6140886134465,5.1504566425351));
#8826=CARTESIAN_POINT('Ctrl Pts',(30.8655419667784,23.0755221184845,5.05618195033276));
#8827=CARTESIAN_POINT('Ctrl Pts',(30.4576081948316,24.5825130761062,4.87552133039671));
#8828=CARTESIAN_POINT('Ctrl Pts',(30.0012365989412,26.6429508337163,4.54348344297167));
#8829=CARTESIAN_POINT('Ctrl Pts',(29.6122222141158,29.2846283826885,3.99905608774536));
#8830=CARTESIAN_POINT('Ctrl Pts',(29.5078971119897,31.419724089175,3.50169020318926));
#8831=CARTESIAN_POINT('Ctrl Pts',(29.5072493108654,32.4870476277775,3.25301777502666));
#8832=CARTESIAN_POINT('Ctrl Pts',(29.5072474820843,32.4935238410376,3.25150887683178));
#8833=CARTESIAN_POINT('Ctrl Pts',(29.5072474820843,32.5,3.25));
#8834=CARTESIAN_POINT('Ctrl Pts',(33.6774960162432,18.2454253342395,6.93997402106238));
#8835=CARTESIAN_POINT('Ctrl Pts',(33.1647607421998,19.016079596372,7.03665990847672));
#8836=CARTESIAN_POINT('Ctrl Pts',(32.4274271588422,20.2881363359462,6.98409789346217));
#8837=CARTESIAN_POINT('Ctrl Pts',(31.5841957806713,22.1086277894049,6.66782177999672));
#8838=CARTESIAN_POINT('Ctrl Pts',(31.0329806617816,23.5171396942083,6.33321674676948));
#8839=CARTESIAN_POINT('Ctrl Pts',(30.5641436634472,24.9612708979849,5.9234018768649));
#8840=CARTESIAN_POINT('Ctrl Pts',(30.0502327788245,26.9289030403972,5.29701918250859));
#8841=CARTESIAN_POINT('Ctrl Pts',(29.6213154063368,29.4435799385208,4.40330213575859));
#8842=CARTESIAN_POINT('Ctrl Pts',(29.50787117907,31.473190043376,3.6374462834441));
#8843=CARTESIAN_POINT('Ctrl Pts',(29.5072498521017,32.4876892941727,3.25464495185059));
#8844=CARTESIAN_POINT('Ctrl Pts',(29.5072474820843,32.4938445934311,3.25232252890932));
#8845=CARTESIAN_POINT('Ctrl Pts',(29.5072474820843,32.5,3.25));
#8846=CARTESIAN_POINT('Ctrl Pts',(33.6774960162487,18.2454253342312,8.25));
#8847=CARTESIAN_POINT('Ctrl Pts',(33.111716664195,19.1007765265026,8.25000000000942));
#8848=CARTESIAN_POINT('Ctrl Pts',(32.3459637138696,20.4432538550439,8.04393786890445));
#8849=CARTESIAN_POINT('Ctrl Pts',(31.505199177672,22.3015271535865,7.53469313853525));
#8850=CARTESIAN_POINT('Ctrl Pts',(30.9656899825121,23.7148675690427,7.06246963930101));
#8851=CARTESIAN_POINT('Ctrl Pts',(30.5128969647135,25.1475501745286,6.52148424406032));
#8852=CARTESIAN_POINT('Ctrl Pts',(30.0211613899562,27.0829542240201,5.7270518959393));
#8853=CARTESIAN_POINT('Ctrl Pts',(29.6150590360927,29.5348505786062,4.63399307445831));
#8854=CARTESIAN_POINT('Ctrl Pts',(29.5078947235352,31.503800631451,3.71498092481125));
#8855=CARTESIAN_POINT('Ctrl Pts',(29.507249466463,32.4880557157969,3.25557493515387));
#8856=CARTESIAN_POINT('Ctrl Pts',(29.5072474820843,32.4940278805132,3.25278747295362));
#8857=CARTESIAN_POINT('Ctrl Pts',(29.5072474820843,32.5,3.25));
#8858=CARTESIAN_POINT('Ctrl Pts',(35.9867572076154,55.1299964656472,3.34597372056543));
#8859=CARTESIAN_POINT('Ctrl Pts',(36.768711218497,55.1678079310864,3.43539096679747));
#8860=CARTESIAN_POINT('Ctrl Pts',(38.0229866136918,55.2670972214615,3.53690199322198));
#8861=CARTESIAN_POINT('Ctrl Pts',(39.7877887471744,55.4183050423025,3.59735428612415));
#8862=CARTESIAN_POINT('Ctrl Pts',(41.1398216175202,55.5311105163626,3.60988604185391));
#8863=CARTESIAN_POINT('Ctrl Pts',(42.5241667098246,55.6363977429869,3.59360338436842));
#8864=CARTESIAN_POINT('Ctrl Pts',(43.9312580164772,55.728602769023,3.5532533138384));
#8865=CARTESIAN_POINT('Ctrl Pts',(45.354234185012,55.803668989404,3.49373390543906));
#8866=CARTESIAN_POINT('Ctrl Pts',(46.7854561179548,55.8588138699389,3.42011890115019));
#8867=CARTESIAN_POINT('Ctrl Pts',(48.2148451769688,55.8923255346309,3.33765779426117));
#8868=CARTESIAN_POINT('Ctrl Pts',(49.1641648646498,55.8999046605082,3.27997305007157));
#8869=CARTESIAN_POINT('Ctrl Pts',(49.6454131681334,55.8999994382787,3.25071940660767));
#8870=CARTESIAN_POINT('Ctrl Pts',(49.6513301135399,55.9,3.25035971225621));
#8871=CARTESIAN_POINT('Ctrl Pts',(49.6572474820843,55.9,3.25));
#8872=CARTESIAN_POINT('Ctrl Pts',(36.5774264701159,54.3694500915231,3.53741884388352));
#8873=CARTESIAN_POINT('Ctrl Pts',(37.2892403378442,54.4555172943035,3.70295189760268));
#8874=CARTESIAN_POINT('Ctrl Pts',(38.4562614181495,54.6615850663443,3.88413717907679));
#8875=CARTESIAN_POINT('Ctrl Pts',(40.1277284503883,54.9634342407226,3.98297235151386));
#8876=CARTESIAN_POINT('Ctrl Pts',(41.418625972044,55.1856748960877,3.99452489201299));
#8877=CARTESIAN_POINT('Ctrl Pts',(42.7481026064914,55.3911296921729,3.95186071595345));
#8878=CARTESIAN_POINT('Ctrl Pts',(44.105150687053,55.5699126541192,3.864107827511));
#8879=CARTESIAN_POINT('Ctrl Pts',(45.4816594460347,55.7147829498125,3.74071091516199));
#8880=CARTESIAN_POINT('Ctrl Pts',(46.8690117172099,55.8208851798791,3.59120144810924));
#8881=CARTESIAN_POINT('Ctrl Pts',(48.2563831556837,55.8852394318643,3.42544817722473));
#8882=CARTESIAN_POINT('Ctrl Pts',(49.1783543605269,55.899812318131,3.30997217643977));
#8883=CARTESIAN_POINT('Ctrl Pts',(49.6457535899557,55.8999989625868,3.25143917496431));
#8884=CARTESIAN_POINT('Ctrl Pts',(49.6515003477854,55.9,3.25071963905686));
#8885=CARTESIAN_POINT('Ctrl Pts',(49.6572474820843,55.9,3.25));
#8886=CARTESIAN_POINT('Ctrl Pts',(37.8744699066861,52.6993755753905,4.66430139769426));
#8887=CARTESIAN_POINT('Ctrl Pts',(38.4426919872627,52.9724407447941,4.89943469642689));
#8888=CARTESIAN_POINT('Ctrl Pts',(39.4278889772447,53.467263049923,5.11096719913557));
#8889=CARTESIAN_POINT('Ctrl Pts',(40.8984700635501,54.1082078833847,5.13889046412141));
#8890=CARTESIAN_POINT('Ctrl Pts',(42.0556217997523,54.5554453825617,5.0545841281436));
#8891=CARTESIAN_POINT('Ctrl Pts',(43.2629890470764,54.9543624932252,4.88125445533645));
#8892=CARTESIAN_POINT('Ctrl Pts',(44.5070678106518,55.2925634078499,4.63608345191867));
#8893=CARTESIAN_POINT('Ctrl Pts',(45.7773563230839,55.5616418560637,4.335309559313));
#8894=CARTESIAN_POINT('Ctrl Pts',(47.0634691984591,55.7562018143807,3.99467911273224));
#8895=CARTESIAN_POINT('Ctrl Pts',(48.3532080498768,55.8732729300883,3.6300302527316));
#8896=CARTESIAN_POINT('Ctrl Pts',(49.211453029799,55.8996622599919,3.37994070309778));
#8897=CARTESIAN_POINT('Ctrl Pts',(49.6465479910415,55.899998095337,3.25311887768774));
#8898=CARTESIAN_POINT('Ctrl Pts',(49.651897561025,55.9,3.25155946825839));
#8899=CARTESIAN_POINT('Ctrl Pts',(49.6572474820843,55.9,3.25));
#8900=CARTESIAN_POINT('Ctrl Pts',(38.4556411846848,51.9510588162683,6.94090552070116));
#8901=CARTESIAN_POINT('Ctrl Pts',(39.0546372941693,52.4191323047279,7.02928165076315));
#8902=CARTESIAN_POINT('Ctrl Pts',(40.0450584281577,53.1032368908885,6.98353400288452));
#8903=CARTESIAN_POINT('Ctrl Pts',(41.4683339657106,53.8989537230824,6.67886167300987));
#8904=CARTESIAN_POINT('Ctrl Pts',(42.5717957196895,54.4238371345869,6.35223356123397));
#8905=CARTESIAN_POINT('Ctrl Pts',(43.7108993610364,54.8757052446128,5.94530707722643));
#8906=CARTESIAN_POINT('Ctrl Pts',(44.8761707224341,55.248602887099,5.47489824422056));
#8907=CARTESIAN_POINT('Ctrl Pts',(46.0599465870702,55.5399964896875,4.95671756873553));
#8908=CARTESIAN_POINT('Ctrl Pts',(47.2544563685532,55.747924361464,4.40510536470497));
#8909=CARTESIAN_POINT('Ctrl Pts',(48.4497985845503,55.8720483962669,3.83491593890066));
#8910=CARTESIAN_POINT('Ctrl Pts',(49.2445277871313,55.8996785432825,3.44993889245832));
#8911=CARTESIAN_POINT('Ctrl Pts',(49.6473425882974,55.8999976814328,3.25479833765661));
#8912=CARTESIAN_POINT('Ctrl Pts',(49.6522947742645,55.9,3.25239929745991));
#8913=CARTESIAN_POINT('Ctrl Pts',(49.6572474820843,55.9,3.25));
#8914=CARTESIAN_POINT('Ctrl Pts',(38.4556411846845,51.9510588162681,8.25));
#8915=CARTESIAN_POINT('Ctrl Pts',(39.1406810638261,52.4830868607938,8.25));
#8916=CARTESIAN_POINT('Ctrl Pts',(40.2121610366716,53.2081371269976,8.05577628980364));
#8917=CARTESIAN_POINT('Ctrl Pts',(41.6845107926044,54.0055081183656,7.55855810454346));
#8918=CARTESIAN_POINT('Ctrl Pts',(42.7987603004034,54.5172317453596,7.09303613992326));
#8919=CARTESIAN_POINT('Ctrl Pts',(43.9287200519072,54.9484365606259,6.55241472680983));
#8920=CARTESIAN_POINT('Ctrl Pts',(45.0685134993523,55.2986629452294,5.95344370419447));
#8921=CARTESIAN_POINT('Ctrl Pts',(46.2144843581453,55.5691055490052,5.31120661941616));
#8922=CARTESIAN_POINT('Ctrl Pts',(47.3622086811185,55.7605431520614,4.63926823288765));
#8923=CARTESIAN_POINT('Ctrl Pts',(48.5053092494639,55.874247577235,3.95179570148221));
#8924=CARTESIAN_POINT('Ctrl Pts',(49.2634615970008,55.8996784156083,3.48991701715937));
#8925=CARTESIAN_POINT('Ctrl Pts',(49.6477963640974,55.899998117559,3.255758200574));
#8926=CARTESIAN_POINT('Ctrl Pts',(49.6525217532586,55.9,3.25287919986078));
#8927=CARTESIAN_POINT('Ctrl Pts',(49.6572474820843,55.9,3.25));
#8928=CARTESIAN_POINT('Origin',(69.8072474820843,9.10000000000002,3.25));
#8929=CARTESIAN_POINT('Origin',(69.8072474820843,9.10000000000002,3.25));
#8930=CARTESIAN_POINT('',(49.6572474820843,12.1,3.25000000000066));
#8931=CARTESIAN_POINT('Origin',(49.6572474820843,32.5,3.25000000000066));
#8932=CARTESIAN_POINT('Origin',(69.8072474820843,9.10000000000002,3.25));
#8933=CARTESIAN_POINT('Origin',(69.8072474820843,13.0557827329042,1.25));
#8934=CARTESIAN_POINT('',(69.8072474820843,13.0557827329042,1.25));
#8935=CARTESIAN_POINT('',(69.8072474820843,13.0557827329042,1.25));
#8936=CARTESIAN_POINT('',(69.8072474820843,13.0557827329042,1.25));
#8937=CARTESIAN_POINT('Origin',(69.8072474820843,12.5427525179157,-0.159538931178862));
#8938=CARTESIAN_POINT('',(69.8072474820843,12.5427525179157,-0.159538931178862));
#8939=CARTESIAN_POINT('',(69.8072474820843,12.5427525179157,-0.159538931178862));
#8940=CARTESIAN_POINT('',(69.8072474820843,12.5427525179157,-0.159538931178862));
#8941=CARTESIAN_POINT('Origin',(69.8072474820843,22.5427525179157,-0.159538931177538));
#8942=CARTESIAN_POINT('',(69.8072474820843,22.5427525179157,-0.159538931177538));
#8943=CARTESIAN_POINT('',(69.8072474820843,22.5427525179157,-0.159538931177538));
#8944=CARTESIAN_POINT('',(69.8072474820843,22.5427525179157,-0.159538931177538));
#8945=CARTESIAN_POINT('Origin',(69.8072474820843,22.0297223029272,1.25000000000132));
#8946=CARTESIAN_POINT('',(69.8072474820843,22.0297223029272,1.25000000000132));
#8947=CARTESIAN_POINT('',(69.8072474820843,22.0297223029272,1.25000000000132));
#8948=CARTESIAN_POINT('',(69.8072474820843,22.0297223029272,1.25000000000132));
#8949=CARTESIAN_POINT('Origin',(69.8072474820843,42.9702776970728,1.25));
#8950=CARTESIAN_POINT('',(69.8072474820843,42.9702776970728,1.25));
#8951=CARTESIAN_POINT('',(69.8072474820843,42.9702776970728,1.25));
#8952=CARTESIAN_POINT('',(69.8072474820843,42.9702776970728,1.25));
#8953=CARTESIAN_POINT('Origin',(69.8072474820843,42.5427525179157,0.0753842240176162));
#8954=CARTESIAN_POINT('',(69.8072474820843,42.5427525179157,0.0753842240176162));
#8955=CARTESIAN_POINT('',(69.8072474820843,42.5427525179157,0.0753842240176162));
#8956=CARTESIAN_POINT('',(69.8072474820843,42.5427525179157,0.0753842240176162));
#8957=CARTESIAN_POINT('Origin',(69.8072474820843,52.5427525179157,0.0753842240176144));
#8958=CARTESIAN_POINT('',(69.8072474820843,52.5427525179157,0.0753842240176144));
#8959=CARTESIAN_POINT('',(69.8072474820843,52.5427525179157,0.0753842240176144));
#8960=CARTESIAN_POINT('',(69.8072474820843,52.5427525179157,0.0753842240176144));
#8961=CARTESIAN_POINT('Origin',(69.8072474820843,52.1152273387586,1.25));
#8962=CARTESIAN_POINT('',(69.8072474820843,52.1152273387586,1.25));
#8963=CARTESIAN_POINT('',(69.8072474820843,52.1152273387586,1.25));
#8964=CARTESIAN_POINT('',(69.8072474820843,52.1152273387586,1.25));
#8965=CARTESIAN_POINT('Origin',(69.8072474820843,55.9,1.25));
#8966=CARTESIAN_POINT('',(69.8072474820843,55.9,1.25));
#8967=CARTESIAN_POINT('',(69.8072474820843,65.0427525179158,1.25));
#8968=CARTESIAN_POINT('',(69.8072474820843,55.9,1.25));
#8969=CARTESIAN_POINT('Origin',(69.8072474820843,55.9,3.25));
#8970=CARTESIAN_POINT('',(69.8072474820843,55.9,3.25));
#8971=CARTESIAN_POINT('Origin',(69.8072474820843,32.5,1.54523053441057));
#8972=CARTESIAN_POINT('Ctrl Pts',(49.6572474820843,12.1,3.25000000000066));
#8973=CARTESIAN_POINT('Ctrl Pts',(66.8072474820843,12.1,3.25000000000066));
#8974=CARTESIAN_POINT('Ctrl Pts',(66.8072474820843,32.5,3.25000000000066));
#8975=CARTESIAN_POINT('Ctrl Pts',(66.8072474820843,52.9,3.25000000000066));
#8976=CARTESIAN_POINT('Ctrl Pts',(49.6572474820843,52.9,3.25000000000066));
#8977=CARTESIAN_POINT('Ctrl Pts',(32.5072474820843,52.9,3.25000000000066));
#8978=CARTESIAN_POINT('Ctrl Pts',(32.5072474820843,32.5,3.25000000000066));
#8979=CARTESIAN_POINT('Ctrl Pts',(32.5072474820843,12.1,3.25000000000066));
#8980=CARTESIAN_POINT('Ctrl Pts',(49.6572474820843,12.1,3.25000000000066));
#8981=CARTESIAN_POINT('Ctrl Pts',(49.6572474820843,12.1,38.2500000000007));
#8982=CARTESIAN_POINT('Ctrl Pts',(66.8072474820843,12.1,38.2500000000007));
#8983=CARTESIAN_POINT('Ctrl Pts',(66.8072474820843,32.5,38.2500000000007));
#8984=CARTESIAN_POINT('Ctrl Pts',(66.8072474820843,52.9,38.2500000000007));
#8985=CARTESIAN_POINT('Ctrl Pts',(49.6572474820843,52.9,38.2500000000007));
#8986=CARTESIAN_POINT('Ctrl Pts',(32.5072474820843,52.9,38.2500000000007));
#8987=CARTESIAN_POINT('Ctrl Pts',(32.5072474820843,32.5,38.2500000000007));
#8988=CARTESIAN_POINT('Ctrl Pts',(32.5072474820843,12.1,38.2500000000007));
#8989=CARTESIAN_POINT('Ctrl Pts',(49.6572474820843,12.1,38.2500000000007));
#8990=CARTESIAN_POINT('',(49.6572474820843,12.1,3.25000000000066));
#8991=CARTESIAN_POINT('Ctrl Pts',(33.1039509445732,61.077744525281,1.25000000000066));
#8992=CARTESIAN_POINT('Ctrl Pts',(33.1039509445732,61.077744525281,1.65000000000066));
#8993=CARTESIAN_POINT('Ctrl Pts',(33.1039509445732,60.4989899810229,1.25000000000066));
#8994=CARTESIAN_POINT('Ctrl Pts',(33.1039509445732,60.4989899810229,1.65000000000066));
#8995=CARTESIAN_POINT('Ctrl Pts',(31.9610938698357,60.3854371722613,1.25000000000066));
#8996=CARTESIAN_POINT('Ctrl Pts',(31.9610938698357,60.3854371722613,1.65000000000066));
#8997=CARTESIAN_POINT('',(31.9610938698357,60.3854371722613,1.25000000000066));
#8998=CARTESIAN_POINT('',(33.1039509445732,61.077744525281,1.25000000000066));
#8999=CARTESIAN_POINT('Ctrl Pts',(31.9610938698357,60.3854371722613,1.25000000000066));
#9000=CARTESIAN_POINT('Ctrl Pts',(33.1039509445732,60.4989899810229,1.25000000000066));
#9001=CARTESIAN_POINT('Ctrl Pts',(33.1039509445732,61.077744525281,1.25000000000066));
#9002=CARTESIAN_POINT('',(31.9610938698357,60.3854371722613,1.65000000000066));
#9003=CARTESIAN_POINT('',(31.9610938698357,60.3854371722613,1.25000000000066));
#9004=CARTESIAN_POINT('',(33.1039509445732,61.077744525281,1.65000000000066));
#9005=CARTESIAN_POINT('Ctrl Pts',(33.1039509445732,61.077744525281,1.65000000000066));
#9006=CARTESIAN_POINT('Ctrl Pts',(33.1039509445732,60.4989899810229,1.65000000000066));
#9007=CARTESIAN_POINT('Ctrl Pts',(31.9610938698357,60.3854371722613,1.65000000000066));
#9008=CARTESIAN_POINT('',(33.1039509445732,61.077744525281,1.25000000000066));
#9009=CARTESIAN_POINT('Ctrl Pts',(32.9834446579521,61.4129097875033,1.25000000000066));
#9010=CARTESIAN_POINT('Ctrl Pts',(32.9834446579521,61.4129097875033,1.65000000000066));
#9011=CARTESIAN_POINT('Ctrl Pts',(33.1039509445732,61.2718840058718,1.25000000000066));
#9012=CARTESIAN_POINT('Ctrl Pts',(33.1039509445732,61.2718840058718,1.65000000000066));
#9013=CARTESIAN_POINT('Ctrl Pts',(33.1039509445732,61.077744525281,1.25000000000066));
#9014=CARTESIAN_POINT('Ctrl Pts',(33.1039509445732,61.077744525281,1.65000000000066));
#9015=CARTESIAN_POINT('',(32.9834446579521,61.4129097875033,1.25000000000066));
#9016=CARTESIAN_POINT('Ctrl Pts',(33.1039509445732,61.077744525281,1.25000000000066));
#9017=CARTESIAN_POINT('Ctrl Pts',(33.1039509445732,61.2718840058718,1.25000000000066));
#9018=CARTESIAN_POINT('Ctrl Pts',(32.9834446579521,61.4129097875033,1.25000000000066));
#9019=CARTESIAN_POINT('',(32.9834446579521,61.4129097875033,1.65000000000066));
#9020=CARTESIAN_POINT('Ctrl Pts',(32.9834446579521,61.4129097875033,1.65000000000066));
#9021=CARTESIAN_POINT('Ctrl Pts',(33.1039509445732,61.2718840058718,1.65000000000066));
#9022=CARTESIAN_POINT('Ctrl Pts',(33.1039509445732,61.077744525281,1.65000000000066));
#9023=CARTESIAN_POINT('',(32.9834446579521,61.4129097875033,1.25000000000066));
#9024=CARTESIAN_POINT('Ctrl Pts',(32.6402387291497,61.5539349730883,1.25000000000066));
#9025=CARTESIAN_POINT('Ctrl Pts',(32.6402387291497,61.5539349730883,1.65000000000066));
#9026=CARTESIAN_POINT('Ctrl Pts',(32.8629383713311,61.5539349730883,1.25000000000066));
#9027=CARTESIAN_POINT('Ctrl Pts',(32.8629383713311,61.5539349730883,1.65000000000066));
#9028=CARTESIAN_POINT('Ctrl Pts',(32.9834446579521,61.4129097875033,1.25000000000066));
#9029=CARTESIAN_POINT('Ctrl Pts',(32.9834446579521,61.4129097875033,1.65000000000066));
#9030=CARTESIAN_POINT('',(32.6402387291497,61.5539349730883,1.25000000000066));
#9031=CARTESIAN_POINT('Ctrl Pts',(32.9834446579521,61.4129097875033,1.25000000000066));
#9032=CARTESIAN_POINT('Ctrl Pts',(32.8629383713311,61.5539349730883,1.25000000000066));
#9033=CARTESIAN_POINT('Ctrl Pts',(32.6402387291497,61.5539349730883,1.25000000000066));
#9034=CARTESIAN_POINT('',(32.6402387291497,61.5539349730883,1.65000000000066));
#9035=CARTESIAN_POINT('Ctrl Pts',(32.6402387291497,61.5539349730883,1.65000000000066));
#9036=CARTESIAN_POINT('Ctrl Pts',(32.8629383713311,61.5539349730883,1.65000000000066));
#9037=CARTESIAN_POINT('Ctrl Pts',(32.9834446579521,61.4129097875033,1.65000000000066));
#9038=CARTESIAN_POINT('',(32.6402387291497,61.5539349730883,1.25000000000066));
#9039=CARTESIAN_POINT('Ctrl Pts',(32.1564349800652,61.3140083964739,1.25000000000066));
#9040=CARTESIAN_POINT('Ctrl Pts',(32.1564349800652,61.3140083964739,1.65000000000066));
#9041=CARTESIAN_POINT('Ctrl Pts',(32.3517760902947,61.5539349730883,1.25000000000066));
#9042=CARTESIAN_POINT('Ctrl Pts',(32.3517760902947,61.5539349730883,1.65000000000066));
#9043=CARTESIAN_POINT('Ctrl Pts',(32.6402387291497,61.5539349730883,1.25000000000066));
#9044=CARTESIAN_POINT('Ctrl Pts',(32.6402387291497,61.5539349730883,1.65000000000066));
#9045=CARTESIAN_POINT('',(32.1564349800652,61.3140083964739,1.25000000000066));
#9046=CARTESIAN_POINT('Ctrl Pts',(32.6402387291497,61.5539349730883,1.25000000000066));
#9047=CARTESIAN_POINT('Ctrl Pts',(32.3517760902947,61.5539349730883,1.25000000000066));
#9048=CARTESIAN_POINT('Ctrl Pts',(32.1564349800652,61.3140083964739,1.25000000000066));
#9049=CARTESIAN_POINT('',(32.1564349800652,61.3140083964739,1.65000000000066));
#9050=CARTESIAN_POINT('Ctrl Pts',(32.1564349800652,61.3140083964739,1.65000000000066));
#9051=CARTESIAN_POINT('Ctrl Pts',(32.3517760902947,61.5539349730883,1.65000000000066));
#9052=CARTESIAN_POINT('Ctrl Pts',(32.6402387291497,61.5539349730883,1.65000000000066));
#9053=CARTESIAN_POINT('',(32.1564349800652,61.3140083964739,1.25000000000066));
#9054=CARTESIAN_POINT('Ctrl Pts',(31.9610938698357,60.722433489171,1.25000000000066));
#9055=CARTESIAN_POINT('Ctrl Pts',(31.9610938698357,60.722433489171,1.65000000000066));
#9056=CARTESIAN_POINT('Ctrl Pts',(31.9610938698357,61.0740818198595,1.25000000000066));
#9057=CARTESIAN_POINT('Ctrl Pts',(31.9610938698357,61.0740818198595,1.65000000000066));
#9058=CARTESIAN_POINT('Ctrl Pts',(32.1564349800652,61.3140083964739,1.25000000000066));
#9059=CARTESIAN_POINT('Ctrl Pts',(32.1564349800652,61.3140083964739,1.65000000000066));
#9060=CARTESIAN_POINT('',(31.9610938698357,60.722433489171,1.25000000000066));
#9061=CARTESIAN_POINT('Ctrl Pts',(32.1564349800652,61.3140083964739,1.25000000000066));
#9062=CARTESIAN_POINT('Ctrl Pts',(31.9610938698357,61.0740818198595,1.25000000000066));
#9063=CARTESIAN_POINT('Ctrl Pts',(31.9610938698357,60.722433489171,1.25000000000066));
#9064=CARTESIAN_POINT('',(31.9610938698357,60.722433489171,1.65000000000066));
#9065=CARTESIAN_POINT('Ctrl Pts',(31.9610938698357,60.722433489171,1.65000000000066));
#9066=CARTESIAN_POINT('Ctrl Pts',(31.9610938698357,61.0740818198595,1.65000000000066));
#9067=CARTESIAN_POINT('Ctrl Pts',(32.1564349800652,61.3140083964739,1.65000000000066));
#9068=CARTESIAN_POINT('',(31.9610938698357,60.722433489171,1.25000000000066));
#9069=CARTESIAN_POINT('Origin',(31.9610938698357,60.3854371722613,1.25000000000066));
#9070=CARTESIAN_POINT('',(31.9610938698357,60.722433489171,1.25000000000066));
#9071=CARTESIAN_POINT('',(31.9610938698357,60.722433489171,1.65000000000066));
#9072=CARTESIAN_POINT('Origin',(31.8621930748528,62.1583308394823,1.25000000000066));
#9073=CARTESIAN_POINT('',(30.8035859734124,62.1583308394823,1.25000000000066));
#9074=CARTESIAN_POINT('',(31.8621930748528,62.1583308394823,1.25000000000066));
#9075=CARTESIAN_POINT('',(30.8035859734124,62.1583308394823,1.25000000000066));
#9076=CARTESIAN_POINT('',(30.8035859734124,62.1583308394823,1.65000000000066));
#9077=CARTESIAN_POINT('',(30.8035859734124,62.1583308394823,1.25000000000066));
#9078=CARTESIAN_POINT('',(31.8621930748528,62.1583308394823,1.65000000000066));
#9079=CARTESIAN_POINT('',(30.8035859734124,62.1583308394823,1.65000000000066));
#9080=CARTESIAN_POINT('',(31.8621930748528,62.1583308394823,1.25000000000066));
#9081=CARTESIAN_POINT('Ctrl Pts',(31.9134745270317,61.5795762952242,1.25000000000066));
#9082=CARTESIAN_POINT('Ctrl Pts',(31.9134745270317,61.5795762952242,1.65000000000066));
#9083=CARTESIAN_POINT('Ctrl Pts',(31.9134745270317,61.938550632802,1.25000000000066));
#9084=CARTESIAN_POINT('Ctrl Pts',(31.9134745270317,61.938550632802,1.65000000000066));
#9085=CARTESIAN_POINT('Ctrl Pts',(31.8621930748528,62.1583308394823,1.25000000000066));
#9086=CARTESIAN_POINT('Ctrl Pts',(31.8621930748528,62.1583308394823,1.65000000000066));
#9087=CARTESIAN_POINT('',(31.9134745270317,61.5795762952242,1.25000000000066));
#9088=CARTESIAN_POINT('Ctrl Pts',(31.8621930748528,62.1583308394823,1.25000000000066));
#9089=CARTESIAN_POINT('Ctrl Pts',(31.9134745270317,61.938550632802,1.25000000000066));
#9090=CARTESIAN_POINT('Ctrl Pts',(31.9134745270317,61.5795762952242,1.25000000000066));
#9091=CARTESIAN_POINT('',(31.9134745270317,61.5795762952242,1.65000000000066));
#9092=CARTESIAN_POINT('Ctrl Pts',(31.9134745270317,61.5795762952242,1.65000000000066));
#9093=CARTESIAN_POINT('Ctrl Pts',(31.9134745270317,61.938550632802,1.65000000000066));
#9094=CARTESIAN_POINT('Ctrl Pts',(31.8621930748528,62.1583308394823,1.65000000000066));
#9095=CARTESIAN_POINT('',(31.9134745270317,61.5795762952242,1.25000000000066));
#9096=CARTESIAN_POINT('Ctrl Pts',(32.4675330788201,62.105217140523,1.25000000000066));
#9097=CARTESIAN_POINT('Ctrl Pts',(32.4675330788201,62.105217140523,1.65000000000066));
#9098=CARTESIAN_POINT('Ctrl Pts',(32.1914062172478,61.9751806672487,1.25000000000066));
#9099=CARTESIAN_POINT('Ctrl Pts',(32.1914062172478,61.9751806672487,1.65000000000066));
#9100=CARTESIAN_POINT('Ctrl Pts',(31.9134745270317,61.5795762952242,1.25000000000066));
#9101=CARTESIAN_POINT('Ctrl Pts',(31.9134745270317,61.5795762952242,1.65000000000066));
#9102=CARTESIAN_POINT('',(32.4675330788201,62.105217140523,1.25000000000066));
#9103=CARTESIAN_POINT('Ctrl Pts',(31.9134745270317,61.5795762952242,1.25000000000066));
#9104=CARTESIAN_POINT('Ctrl Pts',(32.1914062172478,61.9751806672487,1.25000000000066));
#9105=CARTESIAN_POINT('Ctrl Pts',(32.4675330788201,62.105217140523,1.25000000000066));
#9106=CARTESIAN_POINT('',(32.4675330788201,62.105217140523,1.65000000000066));
#9107=CARTESIAN_POINT('Ctrl Pts',(32.4675330788201,62.105217140523,1.65000000000066));
#9108=CARTESIAN_POINT('Ctrl Pts',(32.1914062172478,61.9751806672487,1.65000000000066));
#9109=CARTESIAN_POINT('Ctrl Pts',(31.9134745270317,61.5795762952242,1.65000000000066));
#9110=CARTESIAN_POINT('',(32.4675330788201,62.105217140523,1.25000000000066));
#9111=CARTESIAN_POINT('Ctrl Pts',(33.09479328695,62.2352542098437,1.25000000000066));
#9112=CARTESIAN_POINT('Ctrl Pts',(33.09479328695,62.2352542098437,1.65000000000066));
#9113=CARTESIAN_POINT('Ctrl Pts',(32.7436623245781,62.2352542098437,1.25000000000066));
#9114=CARTESIAN_POINT('Ctrl Pts',(32.7436623245781,62.2352542098437,1.65000000000066));
#9115=CARTESIAN_POINT('Ctrl Pts',(32.4675330788201,62.105217140523,1.25000000000066));
#9116=CARTESIAN_POINT('Ctrl Pts',(32.4675330788201,62.105217140523,1.65000000000066));
#9117=CARTESIAN_POINT('',(33.09479328695,62.2352542098437,1.25000000000066));
#9118=CARTESIAN_POINT('Ctrl Pts',(32.4675330788201,62.105217140523,1.25000000000066));
#9119=CARTESIAN_POINT('Ctrl Pts',(32.7436623245781,62.2352542098437,1.25000000000066));
#9120=CARTESIAN_POINT('Ctrl Pts',(33.09479328695,62.2352542098437,1.25000000000066));
#9121=CARTESIAN_POINT('',(33.09479328695,62.2352542098437,1.65000000000066));
#9122=CARTESIAN_POINT('Ctrl Pts',(33.09479328695,62.2352542098437,1.65000000000066));
#9123=CARTESIAN_POINT('Ctrl Pts',(32.7436623245781,62.2352542098437,1.65000000000066));
#9124=CARTESIAN_POINT('Ctrl Pts',(32.4675330788201,62.105217140523,1.65000000000066));
#9125=CARTESIAN_POINT('',(33.09479328695,62.2352542098437,1.25000000000066));
#9126=CARTESIAN_POINT('Ctrl Pts',(33.9341363579338,61.9532026465807,1.25000000000066));
#9127=CARTESIAN_POINT('Ctrl Pts',(33.9341363579338,61.9532026465807,1.65000000000066));
#9128=CARTESIAN_POINT('Ctrl Pts',(33.6141380936211,62.2352542098437,1.25000000000066));
#9129=CARTESIAN_POINT('Ctrl Pts',(33.6141380936211,62.2352542098437,1.65000000000066));
#9130=CARTESIAN_POINT('Ctrl Pts',(33.09479328695,62.2352542098437,1.25000000000066));
#9131=CARTESIAN_POINT('Ctrl Pts',(33.09479328695,62.2352542098437,1.65000000000066));
#9132=CARTESIAN_POINT('',(33.9341363579338,61.9532026465807,1.25000000000066));
#9133=CARTESIAN_POINT('Ctrl Pts',(33.09479328695,62.2352542098437,1.25000000000066));
#9134=CARTESIAN_POINT('Ctrl Pts',(33.6141380936211,62.2352542098437,1.25000000000066));
#9135=CARTESIAN_POINT('Ctrl Pts',(33.9341363579338,61.9532026465807,1.25000000000066));
#9136=CARTESIAN_POINT('',(33.9341363579338,61.9532026465807,1.65000000000066));
#9137=CARTESIAN_POINT('Ctrl Pts',(33.9341363579338,61.9532026465807,1.65000000000066));
#9138=CARTESIAN_POINT('Ctrl Pts',(33.6141380936211,62.2352542098437,1.65000000000066));
#9139=CARTESIAN_POINT('Ctrl Pts',(33.09479328695,62.2352542098437,1.65000000000066));
#9140=CARTESIAN_POINT('',(33.9341363579338,61.9532026465807,1.25000000000066));
#9141=CARTESIAN_POINT('Ctrl Pts',(34.2541346222466,61.1949606355105,1.25000000000066));
#9142=CARTESIAN_POINT('Ctrl Pts',(34.2541346222466,61.1949606355105,1.65000000000066));
#9143=CARTESIAN_POINT('Ctrl Pts',(34.2541346222466,61.6711510833178,1.25000000000066));
#9144=CARTESIAN_POINT('Ctrl Pts',(34.2541346222466,61.6711510833178,1.65000000000066));
#9145=CARTESIAN_POINT('Ctrl Pts',(33.9341363579338,61.9532026465807,1.25000000000066));
#9146=CARTESIAN_POINT('Ctrl Pts',(33.9341363579338,61.9532026465807,1.65000000000066));
#9147=CARTESIAN_POINT('',(34.2541346222466,61.1949606355105,1.25000000000066));
#9148=CARTESIAN_POINT('Ctrl Pts',(33.9341363579338,61.9532026465807,1.25000000000066));
#9149=CARTESIAN_POINT('Ctrl Pts',(34.2541346222466,61.6711510833178,1.25000000000066));
#9150=CARTESIAN_POINT('Ctrl Pts',(34.2541346222466,61.1949606355105,1.25000000000066));
#9151=CARTESIAN_POINT('',(34.2541346222466,61.1949606355105,1.65000000000066));
#9152=CARTESIAN_POINT('Ctrl Pts',(34.2541346222466,61.1949606355105,1.65000000000066));
#9153=CARTESIAN_POINT('Ctrl Pts',(34.2541346222466,61.6711510833178,1.65000000000066));
#9154=CARTESIAN_POINT('Ctrl Pts',(33.9341363579338,61.9532026465807,1.65000000000066));
#9155=CARTESIAN_POINT('',(34.2541346222466,61.1949606355105,1.25000000000066));
#9156=CARTESIAN_POINT('Ctrl Pts',(34.0676078468865,60.5539353307162,1.25000000000066));
#9157=CARTESIAN_POINT('Ctrl Pts',(34.0676078468865,60.5539353307162,1.65000000000066));
#9158=CARTESIAN_POINT('Ctrl Pts',(34.2541346222466,60.8469756062899,1.25000000000066));
#9159=CARTESIAN_POINT('Ctrl Pts',(34.2541346222466,60.8469756062899,1.65000000000066));
#9160=CARTESIAN_POINT('Ctrl Pts',(34.2541346222466,61.1949606355105,1.25000000000066));
#9161=CARTESIAN_POINT('Ctrl Pts',(34.2541346222466,61.1949606355105,1.65000000000066));
#9162=CARTESIAN_POINT('',(34.0676078468865,60.5539353307162,1.25000000000066));
#9163=CARTESIAN_POINT('Ctrl Pts',(34.2541346222466,61.1949606355105,1.25000000000066));
#9164=CARTESIAN_POINT('Ctrl Pts',(34.2541346222466,60.8469756062899,1.25000000000066));
#9165=CARTESIAN_POINT('Ctrl Pts',(34.0676078468865,60.5539353307162,1.25000000000066));
#9166=CARTESIAN_POINT('',(34.0676078468865,60.5539353307162,1.65000000000066));
#9167=CARTESIAN_POINT('Ctrl Pts',(34.0676078468865,60.5539353307162,1.65000000000066));
#9168=CARTESIAN_POINT('Ctrl Pts',(34.2541346222466,60.8469756062899,1.65000000000066));
#9169=CARTESIAN_POINT('Ctrl Pts',(34.2541346222466,61.1949606355105,1.65000000000066));
#9170=CARTESIAN_POINT('',(34.0676078468865,60.5539353307162,1.25000000000066));
#9171=CARTESIAN_POINT('Ctrl Pts',(33.4678206116265,60.094227951375,1.25000000000066));
#9172=CARTESIAN_POINT('Ctrl Pts',(33.4678206116265,60.094227951375,1.65000000000066));
#9173=CARTESIAN_POINT('Ctrl Pts',(33.8810810715264,60.2608950551424,1.25000000000066));
#9174=CARTESIAN_POINT('Ctrl Pts',(33.8810810715264,60.2608950551424,1.65000000000066));
#9175=CARTESIAN_POINT('Ctrl Pts',(34.0676078468865,60.5539353307162,1.25000000000066));
#9176=CARTESIAN_POINT('Ctrl Pts',(34.0676078468865,60.5539353307162,1.65000000000066));
#9177=CARTESIAN_POINT('',(33.4678206116265,60.094227951375,1.25000000000066));
#9178=CARTESIAN_POINT('Ctrl Pts',(34.0676078468865,60.5539353307162,1.25000000000066));
#9179=CARTESIAN_POINT('Ctrl Pts',(33.8810810715264,60.2608950551424,1.25000000000066));
#9180=CARTESIAN_POINT('Ctrl Pts',(33.4678206116265,60.094227951375,1.25000000000066));
#9181=CARTESIAN_POINT('',(33.4678206116265,60.094227951375,1.65000000000066));
#9182=CARTESIAN_POINT('Ctrl Pts',(33.4678206116265,60.094227951375,1.65000000000066));
#9183=CARTESIAN_POINT('Ctrl Pts',(33.8810810715264,60.2608950551424,1.65000000000066));
#9184=CARTESIAN_POINT('Ctrl Pts',(34.0676078468865,60.5539353307162,1.65000000000066));
#9185=CARTESIAN_POINT('',(33.4678206116265,60.094227951375,1.25000000000066));
#9186=CARTESIAN_POINT('Ctrl Pts',(31.9610938698357,59.8469753678713,1.25000000000066));
#9187=CARTESIAN_POINT('Ctrl Pts',(31.9610938698357,59.8469753678713,1.65000000000066));
#9188=CARTESIAN_POINT('Ctrl Pts',(33.0545577675408,59.9275614436541,1.25000000000066));
#9189=CARTESIAN_POINT('Ctrl Pts',(33.0545577675408,59.9275614436541,1.65000000000066));
#9190=CARTESIAN_POINT('Ctrl Pts',(33.4678206116265,60.094227951375,1.25000000000066));
#9191=CARTESIAN_POINT('Ctrl Pts',(33.4678206116265,60.094227951375,1.65000000000066));
#9192=CARTESIAN_POINT('',(31.9610938698357,59.8469753678713,1.25000000000066));
#9193=CARTESIAN_POINT('Ctrl Pts',(33.4678206116265,60.094227951375,1.25000000000066));
#9194=CARTESIAN_POINT('Ctrl Pts',(33.0545577675408,59.9275614436541,1.25000000000066));
#9195=CARTESIAN_POINT('Ctrl Pts',(31.9610938698357,59.8469753678713,1.25000000000066));
#9196=CARTESIAN_POINT('',(31.9610938698357,59.8469753678713,1.65000000000066));
#9197=CARTESIAN_POINT('Ctrl Pts',(31.9610938698357,59.8469753678713,1.65000000000066));
#9198=CARTESIAN_POINT('Ctrl Pts',(33.0545577675408,59.9275614436541,1.65000000000066));
#9199=CARTESIAN_POINT('Ctrl Pts',(33.4678206116265,60.094227951375,1.65000000000066));
#9200=CARTESIAN_POINT('',(31.9610938698357,59.8469753678713,1.25000000000066));
#9201=CARTESIAN_POINT('Origin',(31.9610938698357,59.6345211680803,1.25000000000066));
#9202=CARTESIAN_POINT('',(31.9610938698357,59.6345211680803,1.25000000000066));
#9203=CARTESIAN_POINT('',(31.9610938698357,59.8469753678713,1.25000000000066));
#9204=CARTESIAN_POINT('',(31.9610938698357,59.6345211680803,1.65000000000066));
#9205=CARTESIAN_POINT('',(31.9610938698357,59.8469753678713,1.65000000000066));
#9206=CARTESIAN_POINT('',(31.9610938698357,59.6345211680803,1.25000000000066));
#9207=CARTESIAN_POINT('Ctrl Pts',(32.4978956848687,59.0960599597368,1.25000000000066));
#9208=CARTESIAN_POINT('Ctrl Pts',(32.4978956848687,59.0960599597368,1.65000000000066));
#9209=CARTESIAN_POINT('Ctrl Pts',(31.9610938698357,59.0960599597368,1.25000000000066));
#9210=CARTESIAN_POINT('Ctrl Pts',(31.9610938698357,59.0960599597368,1.65000000000066));
#9211=CARTESIAN_POINT('Ctrl Pts',(31.9610938698357,59.6345211680803,1.25000000000066));
#9212=CARTESIAN_POINT('Ctrl Pts',(31.9610938698357,59.6345211680803,1.65000000000066));
#9213=CARTESIAN_POINT('',(32.4978956848687,59.0960599597368,1.25000000000066));
#9214=CARTESIAN_POINT('Ctrl Pts',(31.9610938698357,59.6345211680803,1.25000000000066));
#9215=CARTESIAN_POINT('Ctrl Pts',(31.9610938698357,59.0960599597368,1.25000000000066));
#9216=CARTESIAN_POINT('Ctrl Pts',(32.4978956848687,59.0960599597368,1.25000000000066));
#9217=CARTESIAN_POINT('',(32.4978956848687,59.0960599597368,1.65000000000066));
#9218=CARTESIAN_POINT('Ctrl Pts',(32.4978956848687,59.0960599597368,1.65000000000066));
#9219=CARTESIAN_POINT('Ctrl Pts',(31.9610938698357,59.0960599597368,1.65000000000066));
#9220=CARTESIAN_POINT('Ctrl Pts',(31.9610938698357,59.6345211680803,1.65000000000066));
#9221=CARTESIAN_POINT('',(32.4978956848687,59.0960599597368,1.25000000000066));
#9222=CARTESIAN_POINT('Ctrl Pts',(33.1369194656914,59.6345211680803,1.25000000000066));
#9223=CARTESIAN_POINT('Ctrl Pts',(33.1369194656914,59.6345211680803,1.65000000000066));
#9224=CARTESIAN_POINT('Ctrl Pts',(33.0712136894768,59.0960599597368,1.25000000000066));
#9225=CARTESIAN_POINT('Ctrl Pts',(33.0712136894768,59.0960599597368,1.65000000000066));
#9226=CARTESIAN_POINT('Ctrl Pts',(32.4978956848687,59.0960599597368,1.25000000000066));
#9227=CARTESIAN_POINT('Ctrl Pts',(32.4978956848687,59.0960599597368,1.65000000000066));
#9228=CARTESIAN_POINT('',(33.1369194656914,59.6345211680803,1.25000000000066));
#9229=CARTESIAN_POINT('Ctrl Pts',(32.4978956848687,59.0960599597368,1.25000000000066));
#9230=CARTESIAN_POINT('Ctrl Pts',(33.0712136894768,59.0960599597368,1.25000000000066));
#9231=CARTESIAN_POINT('Ctrl Pts',(33.1369194656914,59.6345211680803,1.25000000000066));
#9232=CARTESIAN_POINT('',(33.1369194656914,59.6345211680803,1.65000000000066));
#9233=CARTESIAN_POINT('Ctrl Pts',(33.1369194656914,59.6345211680803,1.65000000000066));
#9234=CARTESIAN_POINT('Ctrl Pts',(33.0712136894768,59.0960599597368,1.65000000000066));
#9235=CARTESIAN_POINT('Ctrl Pts',(32.4978956848687,59.0960599597368,1.65000000000066));
#9236=CARTESIAN_POINT('',(33.1369194656914,59.6345211680803,1.25000000000066));
#9237=CARTESIAN_POINT('Origin',(34.1442451149529,59.5392830785189,1.25000000000066));
#9238=CARTESIAN_POINT('',(34.1442451149529,59.5392830785189,1.25000000000066));
#9239=CARTESIAN_POINT('',(33.1369194656914,59.6345211680803,1.25000000000066));
#9240=CARTESIAN_POINT('',(34.1442451149529,59.5392830785189,1.65000000000066));
#9241=CARTESIAN_POINT('',(33.1369194656914,59.6345211680803,1.65000000000066));
#9242=CARTESIAN_POINT('',(34.1442451149529,59.5392830785189,1.25000000000066));
#9243=CARTESIAN_POINT('Ctrl Pts',(33.5471758514946,58.645510238019,1.25000000000066));
#9244=CARTESIAN_POINT('Ctrl Pts',(33.5471758514946,58.645510238019,1.65000000000066));
#9245=CARTESIAN_POINT('Ctrl Pts',(34.04534431997,58.9092464860354,1.25000000000066));
#9246=CARTESIAN_POINT('Ctrl Pts',(34.04534431997,58.9092464860354,1.65000000000066));
#9247=CARTESIAN_POINT('Ctrl Pts',(34.1442451149529,59.5392830785189,1.25000000000066));
#9248=CARTESIAN_POINT('Ctrl Pts',(34.1442451149529,59.5392830785189,1.65000000000066));
#9249=CARTESIAN_POINT('',(33.5471758514946,58.645510238019,1.25000000000066));
#9250=CARTESIAN_POINT('Ctrl Pts',(34.1442451149529,59.5392830785189,1.25000000000066));
#9251=CARTESIAN_POINT('Ctrl Pts',(34.04534431997,58.9092464860354,1.25000000000066));
#9252=CARTESIAN_POINT('Ctrl Pts',(33.5471758514946,58.645510238019,1.25000000000066));
#9253=CARTESIAN_POINT('',(33.5471758514946,58.645510238019,1.65000000000066));
#9254=CARTESIAN_POINT('Ctrl Pts',(33.5471758514946,58.645510238019,1.65000000000066));
#9255=CARTESIAN_POINT('Ctrl Pts',(34.04534431997,58.9092464860354,1.65000000000066));
#9256=CARTESIAN_POINT('Ctrl Pts',(34.1442451149529,59.5392830785189,1.65000000000066));
#9257=CARTESIAN_POINT('',(33.5471758514946,58.645510238019,1.25000000000066));
#9258=CARTESIAN_POINT('Ctrl Pts',(32.4189695984429,58.3817739900026,1.25000000000066));
#9259=CARTESIAN_POINT('Ctrl Pts',(32.4189695984429,58.3817739900026,1.65000000000066));
#9260=CARTESIAN_POINT('Ctrl Pts',(33.0490073830193,58.3817739900026,1.25000000000066));
#9261=CARTESIAN_POINT('Ctrl Pts',(33.0490073830193,58.3817739900026,1.65000000000066));
#9262=CARTESIAN_POINT('Ctrl Pts',(33.5471758514946,58.645510238019,1.25000000000066));
#9263=CARTESIAN_POINT('Ctrl Pts',(33.5471758514946,58.645510238019,1.65000000000066));
#9264=CARTESIAN_POINT('',(32.4189695984429,58.3817739900026,1.25000000000066));
#9265=CARTESIAN_POINT('Ctrl Pts',(33.5471758514946,58.645510238019,1.25000000000066));
#9266=CARTESIAN_POINT('Ctrl Pts',(33.0490073830193,58.3817739900026,1.25000000000066));
#9267=CARTESIAN_POINT('Ctrl Pts',(32.4189695984429,58.3817739900026,1.25000000000066));
#9268=CARTESIAN_POINT('',(32.4189695984429,58.3817739900026,1.65000000000066));
#9269=CARTESIAN_POINT('Ctrl Pts',(32.4189695984429,58.3817739900026,1.65000000000066));
#9270=CARTESIAN_POINT('Ctrl Pts',(33.0490073830193,58.3817739900026,1.65000000000066));
#9271=CARTESIAN_POINT('Ctrl Pts',(33.5471758514946,58.645510238019,1.65000000000066));
#9272=CARTESIAN_POINT('',(32.4189695984429,58.3817739900026,1.25000000000066));
#9273=CARTESIAN_POINT('Ctrl Pts',(31.7083487183159,58.4696860726748,1.25000000000066));
#9274=CARTESIAN_POINT('Ctrl Pts',(31.7083487183159,58.4696860726748,1.65000000000066));
#9275=CARTESIAN_POINT('Ctrl Pts',(32.0416817337578,58.3817739900026,1.25000000000066));
#9276=CARTESIAN_POINT('Ctrl Pts',(32.0416817337578,58.3817739900026,1.65000000000066));
#9277=CARTESIAN_POINT('Ctrl Pts',(32.4189695984429,58.3817739900026,1.25000000000066));
#9278=CARTESIAN_POINT('Ctrl Pts',(32.4189695984429,58.3817739900026,1.65000000000066));
#9279=CARTESIAN_POINT('',(31.7083487183159,58.4696860726748,1.25000000000066));
#9280=CARTESIAN_POINT('Ctrl Pts',(32.4189695984429,58.3817739900026,1.25000000000066));
#9281=CARTESIAN_POINT('Ctrl Pts',(32.0416817337578,58.3817739900026,1.25000000000066));
#9282=CARTESIAN_POINT('Ctrl Pts',(31.7083487183159,58.4696860726748,1.25000000000066));
#9283=CARTESIAN_POINT('',(31.7083487183159,58.4696860726748,1.65000000000066));
#9284=CARTESIAN_POINT('Ctrl Pts',(31.7083487183159,58.4696860726748,1.65000000000066));
#9285=CARTESIAN_POINT('Ctrl Pts',(32.0416817337578,58.3817739900026,1.65000000000066));
#9286=CARTESIAN_POINT('Ctrl Pts',(32.4189695984429,58.3817739900026,1.65000000000066));
#9287=CARTESIAN_POINT('',(31.7083487183159,58.4696860726748,1.25000000000066));
#9288=CARTESIAN_POINT('Ctrl Pts',(31.1882004410332,58.7334223206911,1.25000000000066));
#9289=CARTESIAN_POINT('Ctrl Pts',(31.1882004410332,58.7334223206911,1.65000000000066));
#9290=CARTESIAN_POINT('Ctrl Pts',(31.3750133186882,58.5575981553469,1.25000000000066));
#9291=CARTESIAN_POINT('Ctrl Pts',(31.3750133186882,58.5575981553469,1.65000000000066));
#9292=CARTESIAN_POINT('Ctrl Pts',(31.7083487183159,58.4696860726748,1.25000000000066));
#9293=CARTESIAN_POINT('Ctrl Pts',(31.7083487183159,58.4696860726748,1.65000000000066));
#9294=CARTESIAN_POINT('',(31.1882004410332,58.7334223206911,1.25000000000066));
#9295=CARTESIAN_POINT('Ctrl Pts',(31.7083487183159,58.4696860726748,1.25000000000066));
#9296=CARTESIAN_POINT('Ctrl Pts',(31.3750133186882,58.5575981553469,1.25000000000066));
#9297=CARTESIAN_POINT('Ctrl Pts',(31.1882004410332,58.7334223206911,1.25000000000066));
#9298=CARTESIAN_POINT('',(31.1882004410332,58.7334223206911,1.65000000000066));
#9299=CARTESIAN_POINT('Ctrl Pts',(31.1882004410332,58.7334223206911,1.65000000000066));
#9300=CARTESIAN_POINT('Ctrl Pts',(31.3750133186882,58.5575981553469,1.65000000000066));
#9301=CARTESIAN_POINT('Ctrl Pts',(31.7083487183159,58.4696860726748,1.65000000000066));
#9302=CARTESIAN_POINT('',(31.1882004410332,58.7334223206911,1.25000000000066));
#9303=CARTESIAN_POINT('Ctrl Pts',(30.9354529053276,59.1052176173601,1.25000000000066));
#9304=CARTESIAN_POINT('Ctrl Pts',(30.9354529053276,59.1052176173601,1.65000000000066));
#9305=CARTESIAN_POINT('Ctrl Pts',(31.0013875633782,58.9092464860354,1.25000000000066));
#9306=CARTESIAN_POINT('Ctrl Pts',(31.0013875633782,58.9092464860354,1.65000000000066));
#9307=CARTESIAN_POINT('Ctrl Pts',(31.1882004410332,58.7334223206911,1.25000000000066));
#9308=CARTESIAN_POINT('Ctrl Pts',(31.1882004410332,58.7334223206911,1.65000000000066));
#9309=CARTESIAN_POINT('',(30.9354529053276,59.1052176173601,1.25000000000066));
#9310=CARTESIAN_POINT('Ctrl Pts',(31.1882004410332,58.7334223206911,1.25000000000066));
#9311=CARTESIAN_POINT('Ctrl Pts',(31.0013875633782,58.9092464860354,1.25000000000066));
#9312=CARTESIAN_POINT('Ctrl Pts',(30.9354529053276,59.1052176173601,1.25000000000066));
#9313=CARTESIAN_POINT('',(30.9354529053276,59.1052176173601,1.65000000000066));
#9314=CARTESIAN_POINT('Ctrl Pts',(30.9354529053276,59.1052176173601,1.65000000000066));
#9315=CARTESIAN_POINT('Ctrl Pts',(31.0013875633782,58.9092464860354,1.65000000000066));
#9316=CARTESIAN_POINT('Ctrl Pts',(31.1882004410332,58.7334223206911,1.65000000000066));
#9317=CARTESIAN_POINT('',(30.9354529053276,59.1052176173601,1.25000000000066));
#9318=CARTESIAN_POINT('Ctrl Pts',(30.8695206314629,59.7883673127566,1.25000000000066));
#9319=CARTESIAN_POINT('Ctrl Pts',(30.8695206314629,59.7883673127566,1.65000000000066));
#9320=CARTESIAN_POINT('Ctrl Pts',(30.8695206314629,59.3011881526385,1.25000000000066));
#9321=CARTESIAN_POINT('Ctrl Pts',(30.8695206314629,59.3011881526385,1.65000000000066));
#9322=CARTESIAN_POINT('Ctrl Pts',(30.9354529053276,59.1052176173601,1.25000000000066));
#9323=CARTESIAN_POINT('Ctrl Pts',(30.9354529053276,59.1052176173601,1.65000000000066));
#9324=CARTESIAN_POINT('',(30.8695206314629,59.7883673127566,1.25000000000066));
#9325=CARTESIAN_POINT('Ctrl Pts',(30.9354529053276,59.1052176173601,1.25000000000066));
#9326=CARTESIAN_POINT('Ctrl Pts',(30.8695206314629,59.3011881526385,1.25000000000066));
#9327=CARTESIAN_POINT('Ctrl Pts',(30.8695206314629,59.7883673127566,1.25000000000066));
#9328=CARTESIAN_POINT('',(30.8695206314629,59.7883673127566,1.65000000000066));
#9329=CARTESIAN_POINT('Ctrl Pts',(30.8695206314629,59.7883673127566,1.65000000000066));
#9330=CARTESIAN_POINT('Ctrl Pts',(30.8695206314629,59.3011881526385,1.65000000000066));
#9331=CARTESIAN_POINT('Ctrl Pts',(30.9354529053276,59.1052176173601,1.65000000000066));
#9332=CARTESIAN_POINT('',(30.8695206314629,59.7883673127566,1.25000000000066));
#9333=CARTESIAN_POINT('Origin',(30.8695206314629,61.4660228904162,1.25000000000066));
#9334=CARTESIAN_POINT('',(30.8695206314629,61.4660228904162,1.25000000000066));
#9335=CARTESIAN_POINT('',(30.8695206314629,59.7883673127566,1.25000000000066));
#9336=CARTESIAN_POINT('',(30.8695206314629,61.4660228904162,1.65000000000066));
#9337=CARTESIAN_POINT('',(30.8695206314629,59.7883673127566,1.65000000000066));
#9338=CARTESIAN_POINT('',(30.8695206314629,61.4660228904162,1.25000000000066));
#9339=CARTESIAN_POINT('Ctrl Pts',(30.8035859734124,62.1583308394823,1.25000000000066));
#9340=CARTESIAN_POINT('Ctrl Pts',(30.8035859734124,62.1583308394823,1.65000000000066));
#9341=CARTESIAN_POINT('Ctrl Pts',(30.8695206314629,61.9495393451128,1.25000000000066));
#9342=CARTESIAN_POINT('Ctrl Pts',(30.8695206314629,61.9495393451128,1.65000000000066));
#9343=CARTESIAN_POINT('Ctrl Pts',(30.8695206314629,61.4660228904162,1.25000000000066));
#9344=CARTESIAN_POINT('Ctrl Pts',(30.8695206314629,61.4660228904162,1.65000000000066));
#9345=CARTESIAN_POINT('Ctrl Pts',(30.8695206314629,61.4660228904162,1.25000000000066));
#9346=CARTESIAN_POINT('Ctrl Pts',(30.8695206314629,61.9495393451128,1.25000000000066));
#9347=CARTESIAN_POINT('Ctrl Pts',(30.8035859734124,62.1583308394823,1.25000000000066));
#9348=CARTESIAN_POINT('Ctrl Pts',(30.8035859734124,62.1583308394823,1.65000000000066));
#9349=CARTESIAN_POINT('Ctrl Pts',(30.8695206314629,61.9495393451128,1.65000000000066));
#9350=CARTESIAN_POINT('Ctrl Pts',(30.8695206314629,61.4660228904162,1.65000000000066));
#9351=CARTESIAN_POINT('Origin',(24.8072502285546,59.6583311375055,1.65000000000066));
#9352=CARTESIAN_POINT('Origin',(24.8072502285546,59.6583311375055,1.25000000000066));
#9353=CARTESIAN_POINT('Origin',(13.5545000702446,59.0960599597368,1.25000000000066));
#9354=CARTESIAN_POINT('',(12.3273977905815,59.0191365893755,1.25000000000066));
#9355=CARTESIAN_POINT('',(13.5545000702446,59.0960599597368,1.25000000000066));
#9356=CARTESIAN_POINT('',(12.3273977905815,59.0191365893755,1.25000000000066));
#9357=CARTESIAN_POINT('',(12.3273977905815,59.0191365893755,1.65000000000066));
#9358=CARTESIAN_POINT('',(12.3273977905815,59.0191365893755,1.25000000000066));
#9359=CARTESIAN_POINT('',(13.5545000702446,59.0960599597368,1.65000000000066));
#9360=CARTESIAN_POINT('',(12.3273977905815,59.0191365893755,1.65000000000066));
#9361=CARTESIAN_POINT('',(13.5545000702446,59.0960599597368,1.25000000000066));
#9362=CARTESIAN_POINT('Ctrl Pts',(14.3803915649956,58.0374516662035,1.25000000000066));
#9363=CARTESIAN_POINT('Ctrl Pts',(14.3803915649956,58.0374516662035,1.65000000000066));
#9364=CARTESIAN_POINT('Ctrl Pts',(13.5802015930718,58.0374516662035,1.25000000000066));
#9365=CARTESIAN_POINT('Ctrl Pts',(13.5802015930718,58.0374516662035,1.65000000000066));
#9366=CARTESIAN_POINT('Ctrl Pts',(13.5545000702446,59.0960599597368,1.25000000000066));
#9367=CARTESIAN_POINT('Ctrl Pts',(13.5545000702446,59.0960599597368,1.65000000000066));
#9368=CARTESIAN_POINT('',(14.3803915649956,58.0374516662035,1.25000000000066));
#9369=CARTESIAN_POINT('Ctrl Pts',(13.5545000702446,59.0960599597368,1.25000000000066));
#9370=CARTESIAN_POINT('Ctrl Pts',(13.5802015930718,58.0374516662035,1.25000000000066));
#9371=CARTESIAN_POINT('Ctrl Pts',(14.3803915649956,58.0374516662035,1.25000000000066));
#9372=CARTESIAN_POINT('',(14.3803915649956,58.0374516662035,1.65000000000066));
#9373=CARTESIAN_POINT('Ctrl Pts',(14.3803915649956,58.0374516662035,1.65000000000066));
#9374=CARTESIAN_POINT('Ctrl Pts',(13.5802015930718,58.0374516662035,1.65000000000066));
#9375=CARTESIAN_POINT('Ctrl Pts',(13.5545000702446,59.0960599597368,1.65000000000066));
#9376=CARTESIAN_POINT('',(14.3803915649956,58.0374516662035,1.25000000000066));
#9377=CARTESIAN_POINT('Ctrl Pts',(15.298093286187,59.6674884971056,1.25000000000066));
#9378=CARTESIAN_POINT('Ctrl Pts',(15.298093286187,59.6674884971056,1.65000000000066));
#9379=CARTESIAN_POINT('Ctrl Pts',(15.298093286187,58.0374516662035,1.25000000000066));
#9380=CARTESIAN_POINT('Ctrl Pts',(15.298093286187,58.0374516662035,1.65000000000066));
#9381=CARTESIAN_POINT('Ctrl Pts',(14.3803915649956,58.0374516662035,1.25000000000066));
#9382=CARTESIAN_POINT('Ctrl Pts',(14.3803915649956,58.0374516662035,1.65000000000066));
#9383=CARTESIAN_POINT('',(15.298093286187,59.6674884971056,1.25000000000066));
#9384=CARTESIAN_POINT('Ctrl Pts',(14.3803915649956,58.0374516662035,1.25000000000066));
#9385=CARTESIAN_POINT('Ctrl Pts',(15.298093286187,58.0374516662035,1.25000000000066));
#9386=CARTESIAN_POINT('Ctrl Pts',(15.298093286187,59.6674884971056,1.25000000000066));
#9387=CARTESIAN_POINT('',(15.298093286187,59.6674884971056,1.65000000000066));
#9388=CARTESIAN_POINT('Ctrl Pts',(15.298093286187,59.6674884971056,1.65000000000066));
#9389=CARTESIAN_POINT('Ctrl Pts',(15.298093286187,58.0374516662035,1.65000000000066));
#9390=CARTESIAN_POINT('Ctrl Pts',(14.3803915649956,58.0374516662035,1.65000000000066));
#9391=CARTESIAN_POINT('',(15.298093286187,59.6674884971056,1.25000000000066));
#9392=CARTESIAN_POINT('Ctrl Pts',(15.0485167175835,60.9440447505388,1.25000000000066));
#9393=CARTESIAN_POINT('Ctrl Pts',(15.0485167175835,60.9440447505388,1.65000000000066));
#9394=CARTESIAN_POINT('Ctrl Pts',(15.298093286187,60.608880084363,1.25000000000066));
#9395=CARTESIAN_POINT('Ctrl Pts',(15.298093286187,60.608880084363,1.65000000000066));
#9396=CARTESIAN_POINT('Ctrl Pts',(15.298093286187,59.6674884971056,1.25000000000066));
#9397=CARTESIAN_POINT('Ctrl Pts',(15.298093286187,59.6674884971056,1.65000000000066));
#9398=CARTESIAN_POINT('',(15.0485167175835,60.9440447505388,1.25000000000066));
#9399=CARTESIAN_POINT('Ctrl Pts',(15.298093286187,59.6674884971056,1.25000000000066));
#9400=CARTESIAN_POINT('Ctrl Pts',(15.298093286187,60.608880084363,1.25000000000066));
#9401=CARTESIAN_POINT('Ctrl Pts',(15.0485167175835,60.9440447505388,1.25000000000066));
#9402=CARTESIAN_POINT('',(15.0485167175835,60.9440447505388,1.65000000000066));
#9403=CARTESIAN_POINT('Ctrl Pts',(15.0485167175835,60.9440447505388,1.65000000000066));
#9404=CARTESIAN_POINT('Ctrl Pts',(15.298093286187,60.608880084363,1.65000000000066));
#9405=CARTESIAN_POINT('Ctrl Pts',(15.298093286187,59.6674884971056,1.65000000000066));
#9406=CARTESIAN_POINT('',(15.0485167175835,60.9440447505388,1.25000000000066));
#9407=CARTESIAN_POINT('Ctrl Pts',(14.351147142083,61.2792100127611,1.25000000000066));
#9408=CARTESIAN_POINT('Ctrl Pts',(14.351147142083,61.2792100127611,1.65000000000066));
#9409=CARTESIAN_POINT('Ctrl Pts',(14.7989496857231,61.2792100127611,1.25000000000066));
#9410=CARTESIAN_POINT('Ctrl Pts',(14.7989496857231,61.2792100127611,1.65000000000066));
#9411=CARTESIAN_POINT('Ctrl Pts',(15.0485167175835,60.9440447505388,1.25000000000066));
#9412=CARTESIAN_POINT('Ctrl Pts',(15.0485167175835,60.9440447505388,1.65000000000066));
#9413=CARTESIAN_POINT('',(14.351147142083,61.2792100127611,1.25000000000066));
#9414=CARTESIAN_POINT('Ctrl Pts',(15.0485167175835,60.9440447505388,1.25000000000066));
#9415=CARTESIAN_POINT('Ctrl Pts',(14.7989496857231,61.2792100127611,1.25000000000066));
#9416=CARTESIAN_POINT('Ctrl Pts',(14.351147142083,61.2792100127611,1.25000000000066));
#9417=CARTESIAN_POINT('',(14.351147142083,61.2792100127611,1.65000000000066));
#9418=CARTESIAN_POINT('Ctrl Pts',(14.351147142083,61.2792100127611,1.65000000000066));
#9419=CARTESIAN_POINT('Ctrl Pts',(14.7989496857231,61.2792100127611,1.65000000000066));
#9420=CARTESIAN_POINT('Ctrl Pts',(15.0485167175835,60.9440447505388,1.65000000000066));
#9421=CARTESIAN_POINT('',(14.351147142083,61.2792100127611,1.25000000000066));
#9422=CARTESIAN_POINT('Ctrl Pts',(13.4629282623833,60.3341551240359,1.25000000000066));
#9423=CARTESIAN_POINT('Ctrl Pts',(13.4629282623833,60.3341551240359,1.65000000000066));
#9424=CARTESIAN_POINT('Ctrl Pts',(13.6244425446099,61.2792100127611,1.25000000000066));
#9425=CARTESIAN_POINT('Ctrl Pts',(13.6244425446099,61.2792100127611,1.65000000000066));
#9426=CARTESIAN_POINT('Ctrl Pts',(14.351147142083,61.2792100127611,1.25000000000066));
#9427=CARTESIAN_POINT('Ctrl Pts',(14.351147142083,61.2792100127611,1.65000000000066));
#9428=CARTESIAN_POINT('',(13.4629282623833,60.3341551240359,1.25000000000066));
#9429=CARTESIAN_POINT('Ctrl Pts',(14.351147142083,61.2792100127611,1.25000000000066));
#9430=CARTESIAN_POINT('Ctrl Pts',(13.6244425446099,61.2792100127611,1.25000000000066));
#9431=CARTESIAN_POINT('Ctrl Pts',(13.4629282623833,60.3341551240359,1.25000000000066));
#9432=CARTESIAN_POINT('',(13.4629282623833,60.3341551240359,1.65000000000066));
#9433=CARTESIAN_POINT('Ctrl Pts',(13.4629282623833,60.3341551240359,1.65000000000066));
#9434=CARTESIAN_POINT('Ctrl Pts',(13.6244425446099,61.2792100127611,1.65000000000066));
#9435=CARTESIAN_POINT('Ctrl Pts',(14.351147142083,61.2792100127611,1.65000000000066));
#9436=CARTESIAN_POINT('',(13.4629282623833,60.3341551240359,1.25000000000066));
#9437=CARTESIAN_POINT('Origin',(12.3273977905815,60.4037518914614,1.25000000000066));
#9438=CARTESIAN_POINT('',(12.3273977905815,60.4037518914614,1.25000000000066));
#9439=CARTESIAN_POINT('',(13.4629282623833,60.3341551240359,1.25000000000066));
#9440=CARTESIAN_POINT('',(12.3273977905815,60.4037518914614,1.65000000000066));
#9441=CARTESIAN_POINT('',(13.4629282623833,60.3341551240359,1.65000000000066));
#9442=CARTESIAN_POINT('',(12.3273977905815,60.4037518914614,1.25000000000066));
#9443=CARTESIAN_POINT('Ctrl Pts',(12.9958948761528,61.7682208236132,1.25000000000066));
#9444=CARTESIAN_POINT('Ctrl Pts',(12.9958948761528,61.7682208236132,1.65000000000066));
#9445=CARTESIAN_POINT('Ctrl Pts',(12.4372849136895,61.3011880334292,1.25000000000066));
#9446=CARTESIAN_POINT('Ctrl Pts',(12.4372849136895,61.3011880334292,1.65000000000066));
#9447=CARTESIAN_POINT('Ctrl Pts',(12.3273977905815,60.4037518914614,1.25000000000066));
#9448=CARTESIAN_POINT('Ctrl Pts',(12.3273977905815,60.4037518914614,1.65000000000066));
#9449=CARTESIAN_POINT('',(12.9958948761528,61.7682208236132,1.25000000000066));
#9450=CARTESIAN_POINT('Ctrl Pts',(12.3273977905815,60.4037518914614,1.25000000000066));
#9451=CARTESIAN_POINT('Ctrl Pts',(12.4372849136895,61.3011880334292,1.25000000000066));
#9452=CARTESIAN_POINT('Ctrl Pts',(12.9958948761528,61.7682208236132,1.25000000000066));
#9453=CARTESIAN_POINT('',(12.9958948761528,61.7682208236132,1.65000000000066));
#9454=CARTESIAN_POINT('Ctrl Pts',(12.9958948761528,61.7682208236132,1.65000000000066));
#9455=CARTESIAN_POINT('Ctrl Pts',(12.4372849136895,61.3011880334292,1.65000000000066));
#9456=CARTESIAN_POINT('Ctrl Pts',(12.3273977905815,60.4037518914614,1.65000000000066));
#9457=CARTESIAN_POINT('',(12.9958948761528,61.7682208236132,1.25000000000066));
#9458=CARTESIAN_POINT('Ctrl Pts',(14.3640265137261,62.2352542098437,1.25000000000066));
#9459=CARTESIAN_POINT('Ctrl Pts',(14.3640265137261,62.2352542098437,1.65000000000066));
#9460=CARTESIAN_POINT('Ctrl Pts',(13.5545000702446,62.2352542098437,1.25000000000066));
#9461=CARTESIAN_POINT('Ctrl Pts',(13.5545000702446,62.2352542098437,1.65000000000066));
#9462=CARTESIAN_POINT('Ctrl Pts',(12.9958948761528,61.7682208236132,1.25000000000066));
#9463=CARTESIAN_POINT('Ctrl Pts',(12.9958948761528,61.7682208236132,1.65000000000066));
#9464=CARTESIAN_POINT('',(14.3640265137261,62.2352542098437,1.25000000000066));
#9465=CARTESIAN_POINT('Ctrl Pts',(12.9958948761528,61.7682208236132,1.25000000000066));
#9466=CARTESIAN_POINT('Ctrl Pts',(13.5545000702446,62.2352542098437,1.25000000000066));
#9467=CARTESIAN_POINT('Ctrl Pts',(14.3640265137261,62.2352542098437,1.25000000000066));
#9468=CARTESIAN_POINT('',(14.3640265137261,62.2352542098437,1.65000000000066));
#9469=CARTESIAN_POINT('Ctrl Pts',(14.3640265137261,62.2352542098437,1.65000000000066));
#9470=CARTESIAN_POINT('Ctrl Pts',(13.5545000702446,62.2352542098437,1.65000000000066));
#9471=CARTESIAN_POINT('Ctrl Pts',(12.9958948761528,61.7682208236132,1.65000000000066));
#9472=CARTESIAN_POINT('',(14.3640265137261,62.2352542098437,1.25000000000066));
#9473=CARTESIAN_POINT('Ctrl Pts',(15.9775766998833,61.5502722676668,1.25000000000066));
#9474=CARTESIAN_POINT('Ctrl Pts',(15.9775766998833,61.5502722676668,1.65000000000066));
#9475=CARTESIAN_POINT('Ctrl Pts',(15.3566965729302,62.2352542098437,1.25000000000066));
#9476=CARTESIAN_POINT('Ctrl Pts',(15.3566965729302,62.2352542098437,1.65000000000066));
#9477=CARTESIAN_POINT('Ctrl Pts',(14.3640265137261,62.2352542098437,1.25000000000066));
#9478=CARTESIAN_POINT('Ctrl Pts',(14.3640265137261,62.2352542098437,1.65000000000066));
#9479=CARTESIAN_POINT('',(15.9775766998833,61.5502722676668,1.25000000000066));
#9480=CARTESIAN_POINT('Ctrl Pts',(14.3640265137261,62.2352542098437,1.25000000000066));
#9481=CARTESIAN_POINT('Ctrl Pts',(15.3566965729302,62.2352542098437,1.25000000000066));
#9482=CARTESIAN_POINT('Ctrl Pts',(15.9775766998833,61.5502722676668,1.25000000000066));
#9483=CARTESIAN_POINT('',(15.9775766998833,61.5502722676668,1.65000000000066));
#9484=CARTESIAN_POINT('Ctrl Pts',(15.9775766998833,61.5502722676668,1.65000000000066));
#9485=CARTESIAN_POINT('Ctrl Pts',(15.3566965729302,62.2352542098437,1.65000000000066));
#9486=CARTESIAN_POINT('Ctrl Pts',(14.3640265137261,62.2352542098437,1.65000000000066));
#9487=CARTESIAN_POINT('',(15.9775766998833,61.5502722676668,1.25000000000066));
#9488=CARTESIAN_POINT('Ctrl Pts',(16.5984568268364,59.6564991887484,1.25000000000066));
#9489=CARTESIAN_POINT('Ctrl Pts',(16.5984568268364,59.6564991887484,1.65000000000066));
#9490=CARTESIAN_POINT('Ctrl Pts',(16.5984568268364,60.86529032549,1.25000000000066));
#9491=CARTESIAN_POINT('Ctrl Pts',(16.5984568268364,60.86529032549,1.65000000000066));
#9492=CARTESIAN_POINT('Ctrl Pts',(15.9775766998833,61.5502722676668,1.25000000000066));
#9493=CARTESIAN_POINT('Ctrl Pts',(15.9775766998833,61.5502722676668,1.65000000000066));
#9494=CARTESIAN_POINT('',(16.5984568268364,59.6564991887484,1.25000000000066));
#9495=CARTESIAN_POINT('Ctrl Pts',(15.9775766998833,61.5502722676668,1.25000000000066));
#9496=CARTESIAN_POINT('Ctrl Pts',(16.5984568268364,60.86529032549,1.25000000000066));
#9497=CARTESIAN_POINT('Ctrl Pts',(16.5984568268364,59.6564991887484,1.25000000000066));
#9498=CARTESIAN_POINT('',(16.5984568268364,59.6564991887484,1.65000000000066));
#9499=CARTESIAN_POINT('Ctrl Pts',(16.5984568268364,59.6564991887484,1.65000000000066));
#9500=CARTESIAN_POINT('Ctrl Pts',(16.5984568268364,60.86529032549,1.65000000000066));
#9501=CARTESIAN_POINT('Ctrl Pts',(15.9775766998833,61.5502722676668,1.65000000000066));
#9502=CARTESIAN_POINT('',(16.5984568268364,59.6564991887484,1.25000000000066));
#9503=CARTESIAN_POINT('Ctrl Pts',(15.9977230698174,57.8030194457445,1.25000000000066));
#9504=CARTESIAN_POINT('Ctrl Pts',(15.9977230698174,57.8030194457445,1.65000000000066));
#9505=CARTESIAN_POINT('Ctrl Pts',(16.5984568268364,58.5246311243448,1.25000000000066));
#9506=CARTESIAN_POINT('Ctrl Pts',(16.5984568268364,58.5246311243448,1.65000000000066));
#9507=CARTESIAN_POINT('Ctrl Pts',(16.5984568268364,59.6564991887484,1.25000000000066));
#9508=CARTESIAN_POINT('Ctrl Pts',(16.5984568268364,59.6564991887484,1.65000000000066));
#9509=CARTESIAN_POINT('',(15.9977230698174,57.8030194457445,1.25000000000066));
#9510=CARTESIAN_POINT('Ctrl Pts',(16.5984568268364,59.6564991887484,1.25000000000066));
#9511=CARTESIAN_POINT('Ctrl Pts',(16.5984568268364,58.5246311243448,1.25000000000066));
#9512=CARTESIAN_POINT('Ctrl Pts',(15.9977230698174,57.8030194457445,1.25000000000066));
#9513=CARTESIAN_POINT('',(15.9977230698174,57.8030194457445,1.65000000000066));
#9514=CARTESIAN_POINT('Ctrl Pts',(15.9977230698174,57.8030194457445,1.65000000000066));
#9515=CARTESIAN_POINT('Ctrl Pts',(16.5984568268364,58.5246311243448,1.65000000000066));
#9516=CARTESIAN_POINT('Ctrl Pts',(16.5984568268364,59.6564991887484,1.65000000000066));
#9517=CARTESIAN_POINT('',(15.9977230698174,57.8030194457445,1.25000000000066));
#9518=CARTESIAN_POINT('Ctrl Pts',(14.3566975266045,57.0814080651674,1.25000000000066));
#9519=CARTESIAN_POINT('Ctrl Pts',(14.3566975266045,57.0814080651674,1.65000000000066));
#9520=CARTESIAN_POINT('Ctrl Pts',(15.3969893127983,57.0814080651674,1.25000000000066));
#9521=CARTESIAN_POINT('Ctrl Pts',(15.3969893127983,57.0814080651674,1.65000000000066));
#9522=CARTESIAN_POINT('Ctrl Pts',(15.9977230698174,57.8030194457445,1.25000000000066));
#9523=CARTESIAN_POINT('Ctrl Pts',(15.9977230698174,57.8030194457445,1.65000000000066));
#9524=CARTESIAN_POINT('',(14.3566975266045,57.0814080651674,1.25000000000066));
#9525=CARTESIAN_POINT('Ctrl Pts',(15.9977230698174,57.8030194457445,1.25000000000066));
#9526=CARTESIAN_POINT('Ctrl Pts',(15.3969893127983,57.0814080651674,1.25000000000066));
#9527=CARTESIAN_POINT('Ctrl Pts',(14.3566975266045,57.0814080651674,1.25000000000066));
#9528=CARTESIAN_POINT('',(14.3566975266045,57.0814080651674,1.65000000000066));
#9529=CARTESIAN_POINT('Ctrl Pts',(14.3566975266045,57.0814080651674,1.65000000000066));
#9530=CARTESIAN_POINT('Ctrl Pts',(15.3969893127983,57.0814080651674,1.65000000000066));
#9531=CARTESIAN_POINT('Ctrl Pts',(15.9977230698174,57.8030194457445,1.65000000000066));
#9532=CARTESIAN_POINT('',(14.3566975266045,57.0814080651674,1.25000000000066));
#9533=CARTESIAN_POINT('Ctrl Pts',(12.3273977905815,59.0191365893755,1.25000000000066));
#9534=CARTESIAN_POINT('Ctrl Pts',(12.3273977905815,59.0191365893755,1.65000000000066));
#9535=CARTESIAN_POINT('Ctrl Pts',(12.5545010239189,57.0814080651674,1.25000000000066));
#9536=CARTESIAN_POINT('Ctrl Pts',(12.5545010239189,57.0814080651674,1.65000000000066));
#9537=CARTESIAN_POINT('Ctrl Pts',(14.3566975266045,57.0814080651674,1.25000000000066));
#9538=CARTESIAN_POINT('Ctrl Pts',(14.3566975266045,57.0814080651674,1.65000000000066));
#9539=CARTESIAN_POINT('Ctrl Pts',(14.3566975266045,57.0814080651674,1.25000000000066));
#9540=CARTESIAN_POINT('Ctrl Pts',(12.5545010239189,57.0814080651674,1.25000000000066));
#9541=CARTESIAN_POINT('Ctrl Pts',(12.3273977905815,59.0191365893755,1.25000000000066));
#9542=CARTESIAN_POINT('Ctrl Pts',(12.3273977905815,59.0191365893755,1.65000000000066));
#9543=CARTESIAN_POINT('Ctrl Pts',(12.5545010239189,57.0814080651674,1.65000000000066));
#9544=CARTESIAN_POINT('Ctrl Pts',(14.3566975266045,57.0814080651674,1.65000000000066));
#9545=CARTESIAN_POINT('Origin',(24.8072502285546,59.6583311375055,1.65000000000066));
#9546=CARTESIAN_POINT('Origin',(24.8072502285546,59.6583311375055,1.25000000000066));
#9547=CARTESIAN_POINT('Origin',(20.2797779709404,62.1583308394823,1.25000000000066));
#9548=CARTESIAN_POINT('',(19.1882023483818,62.1583308394823,1.25000000000066));
#9549=CARTESIAN_POINT('',(20.2797779709404,62.1583308394823,1.25000000000066));
#9550=CARTESIAN_POINT('',(19.1882023483818,62.1583308394823,1.25000000000066));
#9551=CARTESIAN_POINT('',(19.1882023483818,62.1583308394823,1.65000000000066));
#9552=CARTESIAN_POINT('',(19.1882023483818,62.1583308394823,1.25000000000066));
#9553=CARTESIAN_POINT('',(20.2797779709404,62.1583308394823,1.65000000000066));
#9554=CARTESIAN_POINT('',(19.1882023483818,62.1583308394823,1.65000000000066));
#9555=CARTESIAN_POINT('',(20.2797779709404,62.1583308394823,1.25000000000066));
#9556=CARTESIAN_POINT('Origin',(20.2797779709404,60.0814075883303,1.25000000000066));
#9557=CARTESIAN_POINT('',(20.2797779709404,60.0814075883303,1.25000000000066));
#9558=CARTESIAN_POINT('',(20.2797779709404,62.1583308394823,1.25000000000066));
#9559=CARTESIAN_POINT('',(20.2797779709404,60.0814075883303,1.65000000000066));
#9560=CARTESIAN_POINT('',(20.2797779709404,62.1583308394823,1.65000000000066));
#9561=CARTESIAN_POINT('',(20.2797779709404,60.0814075883303,1.25000000000066));
#9562=CARTESIAN_POINT('Ctrl Pts',(20.309079614312,59.5649244006548,1.25000000000066));
#9563=CARTESIAN_POINT('Ctrl Pts',(20.309079614312,59.5649244006548,1.65000000000066));
#9564=CARTESIAN_POINT('Ctrl Pts',(20.2797779709404,59.7041185315523,1.25000000000066));
#9565=CARTESIAN_POINT('Ctrl Pts',(20.2797779709404,59.7041185315523,1.65000000000066));
#9566=CARTESIAN_POINT('Ctrl Pts',(20.2797779709404,60.0814075883303,1.25000000000066));
#9567=CARTESIAN_POINT('Ctrl Pts',(20.2797779709404,60.0814075883303,1.65000000000066));
#9568=CARTESIAN_POINT('',(20.309079614312,59.5649244006548,1.25000000000066));
#9569=CARTESIAN_POINT('Ctrl Pts',(20.2797779709404,60.0814075883303,1.25000000000066));
#9570=CARTESIAN_POINT('Ctrl Pts',(20.2797779709404,59.7041185315523,1.25000000000066));
#9571=CARTESIAN_POINT('Ctrl Pts',(20.309079614312,59.5649244006548,1.25000000000066));
#9572=CARTESIAN_POINT('',(20.309079614312,59.5649244006548,1.65000000000066));
#9573=CARTESIAN_POINT('Ctrl Pts',(20.309079614312,59.5649244006548,1.65000000000066));
#9574=CARTESIAN_POINT('Ctrl Pts',(20.2797779709404,59.7041185315523,1.65000000000066));
#9575=CARTESIAN_POINT('Ctrl Pts',(20.2797779709404,60.0814075883303,1.65000000000066));
#9576=CARTESIAN_POINT('',(20.309079614312,59.5649244006548,1.25000000000066));
#9577=CARTESIAN_POINT('Ctrl Pts',(20.4519400269097,59.3286605294619,1.25000000000066));
#9578=CARTESIAN_POINT('Ctrl Pts',(20.4519400269097,59.3286605294619,1.65000000000066));
#9579=CARTESIAN_POINT('Ctrl Pts',(20.3383860260552,59.4257296737108,1.25000000000066));
#9580=CARTESIAN_POINT('Ctrl Pts',(20.3383860260552,59.4257296737108,1.65000000000066));
#9581=CARTESIAN_POINT('Ctrl Pts',(20.309079614312,59.5649244006548,1.25000000000066));
#9582=CARTESIAN_POINT('Ctrl Pts',(20.309079614312,59.5649244006548,1.65000000000066));
#9583=CARTESIAN_POINT('',(20.4519400269097,59.3286605294619,1.25000000000066));
#9584=CARTESIAN_POINT('Ctrl Pts',(20.309079614312,59.5649244006548,1.25000000000066));
#9585=CARTESIAN_POINT('Ctrl Pts',(20.3383860260552,59.4257296737108,1.25000000000066));
#9586=CARTESIAN_POINT('Ctrl Pts',(20.4519400269097,59.3286605294619,1.25000000000066));
#9587=CARTESIAN_POINT('',(20.4519400269097,59.3286605294619,1.65000000000066));
#9588=CARTESIAN_POINT('Ctrl Pts',(20.4519400269097,59.3286605294619,1.65000000000066));
#9589=CARTESIAN_POINT('Ctrl Pts',(20.3383860260552,59.4257296737108,1.65000000000066));
#9590=CARTESIAN_POINT('Ctrl Pts',(20.309079614312,59.5649244006548,1.65000000000066));
#9591=CARTESIAN_POINT('',(20.4519400269097,59.3286605294619,1.25000000000066));
#9592=CARTESIAN_POINT('Ctrl Pts',(20.7376513153618,59.2315907891665,1.25000000000066));
#9593=CARTESIAN_POINT('Ctrl Pts',(20.7376513153618,59.2315907891665,1.65000000000066));
#9594=CARTESIAN_POINT('Ctrl Pts',(20.5654892593926,59.2315907891665,1.25000000000066));
#9595=CARTESIAN_POINT('Ctrl Pts',(20.5654892593926,59.2315907891665,1.65000000000066));
#9596=CARTESIAN_POINT('Ctrl Pts',(20.4519400269097,59.3286605294619,1.25000000000066));
#9597=CARTESIAN_POINT('Ctrl Pts',(20.4519400269097,59.3286605294619,1.65000000000066));
#9598=CARTESIAN_POINT('',(20.7376513153618,59.2315907891665,1.25000000000066));
#9599=CARTESIAN_POINT('Ctrl Pts',(20.4519400269097,59.3286605294619,1.25000000000066));
#9600=CARTESIAN_POINT('Ctrl Pts',(20.5654892593926,59.2315907891665,1.25000000000066));
#9601=CARTESIAN_POINT('Ctrl Pts',(20.7376513153618,59.2315907891665,1.25000000000066));
#9602=CARTESIAN_POINT('',(20.7376513153618,59.2315907891665,1.65000000000066));
#9603=CARTESIAN_POINT('Ctrl Pts',(20.7376513153618,59.2315907891665,1.65000000000066));
#9604=CARTESIAN_POINT('Ctrl Pts',(20.5654892593926,59.2315907891665,1.65000000000066));
#9605=CARTESIAN_POINT('Ctrl Pts',(20.4519400269097,59.3286605294619,1.65000000000066));
#9606=CARTESIAN_POINT('',(20.7376513153618,59.2315907891665,1.25000000000066));
#9607=CARTESIAN_POINT('Ctrl Pts',(21.3127455383843,60.0814075883303,1.25000000000066));
#9608=CARTESIAN_POINT('Ctrl Pts',(21.3127455383843,60.0814075883303,1.65000000000066));
#9609=CARTESIAN_POINT('Ctrl Pts',(21.3127455383843,59.2315907891665,1.25000000000066));
#9610=CARTESIAN_POINT('Ctrl Pts',(21.3127455383843,59.2315907891665,1.65000000000066));
#9611=CARTESIAN_POINT('Ctrl Pts',(20.7376513153618,59.2315907891665,1.25000000000066));
#9612=CARTESIAN_POINT('Ctrl Pts',(20.7376513153618,59.2315907891665,1.65000000000066));
#9613=CARTESIAN_POINT('',(21.3127455383843,60.0814075883303,1.25000000000066));
#9614=CARTESIAN_POINT('Ctrl Pts',(20.7376513153618,59.2315907891665,1.25000000000066));
#9615=CARTESIAN_POINT('Ctrl Pts',(21.3127455383843,59.2315907891665,1.25000000000066));
#9616=CARTESIAN_POINT('Ctrl Pts',(21.3127455383843,60.0814075883303,1.25000000000066));
#9617=CARTESIAN_POINT('',(21.3127455383843,60.0814075883303,1.65000000000066));
#9618=CARTESIAN_POINT('Ctrl Pts',(21.3127455383843,60.0814075883303,1.65000000000066));
#9619=CARTESIAN_POINT('Ctrl Pts',(21.3127455383843,59.2315907891665,1.65000000000066));
#9620=CARTESIAN_POINT('Ctrl Pts',(20.7376513153618,59.2315907891665,1.65000000000066));
#9621=CARTESIAN_POINT('',(21.3127455383843,60.0814075883303,1.25000000000066));
#9622=CARTESIAN_POINT('Origin',(21.3127455383843,62.1583308394823,1.25000000000066));
#9623=CARTESIAN_POINT('',(21.3127455383843,62.1583308394823,1.25000000000066));
#9624=CARTESIAN_POINT('',(21.3127455383843,60.0814075883303,1.25000000000066));
#9625=CARTESIAN_POINT('',(21.3127455383843,62.1583308394823,1.65000000000066));
#9626=CARTESIAN_POINT('',(21.3127455383843,60.0814075883303,1.65000000000066));
#9627=CARTESIAN_POINT('',(21.3127455383843,62.1583308394823,1.25000000000066));
#9628=CARTESIAN_POINT('Origin',(22.4043211609429,62.1583308394823,1.25000000000066));
#9629=CARTESIAN_POINT('',(22.4043211609429,62.1583308394823,1.25000000000066));
#9630=CARTESIAN_POINT('',(21.3127455383843,62.1583308394823,1.25000000000066));
#9631=CARTESIAN_POINT('',(22.4043211609429,62.1583308394823,1.65000000000066));
#9632=CARTESIAN_POINT('',(21.3127455383843,62.1583308394823,1.65000000000066));
#9633=CARTESIAN_POINT('',(22.4043211609429,62.1583308394823,1.25000000000066));
#9634=CARTESIAN_POINT('Origin',(22.4043211609429,58.4586970623408,1.25000000000066));
#9635=CARTESIAN_POINT('',(22.4043211609429,58.4586970623408,1.25000000000066));
#9636=CARTESIAN_POINT('',(22.4043211609429,62.1583308394823,1.25000000000066));
#9637=CARTESIAN_POINT('',(22.4043211609429,58.4586970623408,1.65000000000066));
#9638=CARTESIAN_POINT('',(22.4043211609429,62.1583308394823,1.65000000000066));
#9639=CARTESIAN_POINT('',(22.4043211609429,58.4586970623408,1.25000000000066));
#9640=CARTESIAN_POINT('Origin',(21.3896689087456,58.4586970623408,1.25000000000066));
#9641=CARTESIAN_POINT('',(21.3896689087456,58.4586970623408,1.25000000000066));
#9642=CARTESIAN_POINT('',(22.4043211609429,58.4586970623408,1.25000000000066));
#9643=CARTESIAN_POINT('',(21.3896689087456,58.4586970623408,1.65000000000066));
#9644=CARTESIAN_POINT('',(22.4043211609429,58.4586970623408,1.65000000000066));
#9645=CARTESIAN_POINT('',(21.3896689087456,58.4586970623408,1.25000000000066));
#9646=CARTESIAN_POINT('Origin',(21.3896689087456,59.0850706513796,1.25000000000066));
#9647=CARTESIAN_POINT('',(21.3896689087456,59.0850706513796,1.25000000000066));
#9648=CARTESIAN_POINT('',(21.3896689087456,58.4586970623408,1.25000000000066));
#9649=CARTESIAN_POINT('',(21.3896689087456,59.0850706513796,1.65000000000066));
#9650=CARTESIAN_POINT('',(21.3896689087456,58.4586970623408,1.65000000000066));
#9651=CARTESIAN_POINT('',(21.3896689087456,59.0850706513796,1.25000000000066));
#9652=CARTESIAN_POINT('Ctrl Pts',(20.8914980560845,58.5099791105662,1.25000000000066));
#9653=CARTESIAN_POINT('Ctrl Pts',(20.8914980560845,58.5099791105662,1.65000000000066));
#9654=CARTESIAN_POINT('Ctrl Pts',(21.1369166046685,58.6381842311297,1.25000000000066));
#9655=CARTESIAN_POINT('Ctrl Pts',(21.1369166046685,58.6381842311297,1.65000000000066));
#9656=CARTESIAN_POINT('Ctrl Pts',(21.3896689087456,59.0850706513796,1.25000000000066));
#9657=CARTESIAN_POINT('Ctrl Pts',(21.3896689087456,59.0850706513796,1.65000000000066));
#9658=CARTESIAN_POINT('',(20.8914980560845,58.5099791105662,1.25000000000066));
#9659=CARTESIAN_POINT('Ctrl Pts',(21.3896689087456,59.0850706513796,1.25000000000066));
#9660=CARTESIAN_POINT('Ctrl Pts',(21.1369166046685,58.6381842311297,1.25000000000066));
#9661=CARTESIAN_POINT('Ctrl Pts',(20.8914980560845,58.5099791105662,1.25000000000066));
#9662=CARTESIAN_POINT('',(20.8914980560845,58.5099791105662,1.65000000000066));
#9663=CARTESIAN_POINT('Ctrl Pts',(20.8914980560845,58.5099791105662,1.65000000000066));
#9664=CARTESIAN_POINT('Ctrl Pts',(21.1369166046685,58.6381842311297,1.65000000000066));
#9665=CARTESIAN_POINT('Ctrl Pts',(21.3896689087456,59.0850706513796,1.65000000000066));
#9666=CARTESIAN_POINT('',(20.8914980560845,58.5099791105662,1.25000000000066));
#9667=CARTESIAN_POINT('Ctrl Pts',(20.3603634506768,58.3817739900026,1.25000000000066));
#9668=CARTESIAN_POINT('Ctrl Pts',(20.3603634506768,58.3817739900026,1.65000000000066));
#9669=CARTESIAN_POINT('Ctrl Pts',(20.6460795075005,58.3817739900026,1.25000000000066));
#9670=CARTESIAN_POINT('Ctrl Pts',(20.6460795075005,58.3817739900026,1.65000000000066));
#9671=CARTESIAN_POINT('Ctrl Pts',(20.8914980560845,58.5099791105662,1.25000000000066));
#9672=CARTESIAN_POINT('Ctrl Pts',(20.8914980560845,58.5099791105662,1.65000000000066));
#9673=CARTESIAN_POINT('',(20.3603634506768,58.3817739900026,1.25000000000066));
#9674=CARTESIAN_POINT('Ctrl Pts',(20.8914980560845,58.5099791105662,1.25000000000066));
#9675=CARTESIAN_POINT('Ctrl Pts',(20.6460795075005,58.3817739900026,1.25000000000066));
#9676=CARTESIAN_POINT('Ctrl Pts',(20.3603634506768,58.3817739900026,1.25000000000066));
#9677=CARTESIAN_POINT('',(20.3603634506768,58.3817739900026,1.65000000000066));
#9678=CARTESIAN_POINT('Ctrl Pts',(20.3603634506768,58.3817739900026,1.65000000000066));
#9679=CARTESIAN_POINT('Ctrl Pts',(20.6460795075005,58.3817739900026,1.65000000000066));
#9680=CARTESIAN_POINT('Ctrl Pts',(20.8914980560845,58.5099791105662,1.65000000000066));
#9681=CARTESIAN_POINT('',(20.3603634506768,58.3817739900026,1.25000000000066));
#9682=CARTESIAN_POINT('Ctrl Pts',(19.5105442673271,58.6656569059763,1.25000000000066));
#9683=CARTESIAN_POINT('Ctrl Pts',(19.5105442673271,58.6656569059763,1.65000000000066));
#9684=CARTESIAN_POINT('Ctrl Pts',(19.832890954644,58.3817739900026,1.25000000000066));
#9685=CARTESIAN_POINT('Ctrl Pts',(19.832890954644,58.3817739900026,1.65000000000066));
#9686=CARTESIAN_POINT('Ctrl Pts',(20.3603634506768,58.3817739900026,1.25000000000066));
#9687=CARTESIAN_POINT('Ctrl Pts',(20.3603634506768,58.3817739900026,1.65000000000066));
#9688=CARTESIAN_POINT('',(19.5105442673271,58.6656569059763,1.25000000000066));
#9689=CARTESIAN_POINT('Ctrl Pts',(20.3603634506768,58.3817739900026,1.25000000000066));
#9690=CARTESIAN_POINT('Ctrl Pts',(19.832890954644,58.3817739900026,1.25000000000066));
#9691=CARTESIAN_POINT('Ctrl Pts',(19.5105442673271,58.6656569059763,1.25000000000066));
#9692=CARTESIAN_POINT('',(19.5105442673271,58.6656569059763,1.65000000000066));
#9693=CARTESIAN_POINT('Ctrl Pts',(19.5105442673271,58.6656569059763,1.65000000000066));
#9694=CARTESIAN_POINT('Ctrl Pts',(19.832890954644,58.3817739900026,1.65000000000066));
#9695=CARTESIAN_POINT('Ctrl Pts',(20.3603634506768,58.3817739900026,1.65000000000066));
#9696=CARTESIAN_POINT('',(19.5105442673271,58.6656569059763,1.25000000000066));
#9697=CARTESIAN_POINT('Ctrl Pts',(19.1882023483818,59.7810413058672,1.25000000000066));
#9698=CARTESIAN_POINT('Ctrl Pts',(19.1882023483818,59.7810413058672,1.65000000000066));
#9699=CARTESIAN_POINT('Ctrl Pts',(19.1882023483818,58.94953982195,1.25000000000066));
#9700=CARTESIAN_POINT('Ctrl Pts',(19.1882023483818,58.94953982195,1.65000000000066));
#9701=CARTESIAN_POINT('Ctrl Pts',(19.5105442673271,58.6656569059763,1.25000000000066));
#9702=CARTESIAN_POINT('Ctrl Pts',(19.5105442673271,58.6656569059763,1.65000000000066));
#9703=CARTESIAN_POINT('',(19.1882023483818,59.7810413058672,1.25000000000066));
#9704=CARTESIAN_POINT('Ctrl Pts',(19.5105442673271,58.6656569059763,1.25000000000066));
#9705=CARTESIAN_POINT('Ctrl Pts',(19.1882023483818,58.94953982195,1.25000000000066));
#9706=CARTESIAN_POINT('Ctrl Pts',(19.1882023483818,59.7810413058672,1.25000000000066));
#9707=CARTESIAN_POINT('',(19.1882023483818,59.7810413058672,1.65000000000066));
#9708=CARTESIAN_POINT('Ctrl Pts',(19.1882023483818,59.7810413058672,1.65000000000066));
#9709=CARTESIAN_POINT('Ctrl Pts',(19.1882023483818,58.94953982195,1.65000000000066));
#9710=CARTESIAN_POINT('Ctrl Pts',(19.5105442673271,58.6656569059763,1.65000000000066));
#9711=CARTESIAN_POINT('',(19.1882023483818,59.7810413058672,1.25000000000066));
#9712=CARTESIAN_POINT('Origin',(19.1882023483818,62.1583308394823,1.25000000000066));
#9713=CARTESIAN_POINT('',(19.1882023483818,59.7810413058672,1.25000000000066));
#9714=CARTESIAN_POINT('',(19.1882023483818,59.7810413058672,1.65000000000066));
#9715=CARTESIAN_POINT('Origin',(24.8072502285546,59.6583311375055,1.65000000000066));
#9716=CARTESIAN_POINT('Origin',(24.8072502285546,59.6583311375055,1.25000000000066));
#9717=CARTESIAN_POINT('Ctrl Pts',(25.3241905838555,59.3359865363512,1.25000000000066));
#9718=CARTESIAN_POINT('Ctrl Pts',(25.3241905838555,59.3359865363512,1.65000000000066));
#9719=CARTESIAN_POINT('Ctrl Pts',(25.1671394974297,59.0960599597368,1.25000000000066));
#9720=CARTESIAN_POINT('Ctrl Pts',(25.1671394974297,59.0960599597368,1.65000000000066));
#9721=CARTESIAN_POINT('Ctrl Pts',(24.8566994339531,59.0960599597368,1.25000000000066));
#9722=CARTESIAN_POINT('Ctrl Pts',(24.8566994339531,59.0960599597368,1.65000000000066));
#9723=CARTESIAN_POINT('',(24.8566994339531,59.0960599597368,1.25000000000066));
#9724=CARTESIAN_POINT('',(25.3241905838555,59.3359865363512,1.25000000000066));
#9725=CARTESIAN_POINT('Ctrl Pts',(24.8566994339531,59.0960599597368,1.25000000000066));
#9726=CARTESIAN_POINT('Ctrl Pts',(25.1671394974297,59.0960599597368,1.25000000000066));
#9727=CARTESIAN_POINT('Ctrl Pts',(25.3241905838555,59.3359865363512,1.25000000000066));
#9728=CARTESIAN_POINT('',(24.8566994339531,59.0960599597368,1.65000000000066));
#9729=CARTESIAN_POINT('',(24.8566994339531,59.0960599597368,1.25000000000066));
#9730=CARTESIAN_POINT('',(25.3241905838555,59.3359865363512,1.65000000000066));
#9731=CARTESIAN_POINT('Ctrl Pts',(25.3241905838555,59.3359865363512,1.65000000000066));
#9732=CARTESIAN_POINT('Ctrl Pts',(25.1671394974297,59.0960599597368,1.65000000000066));
#9733=CARTESIAN_POINT('Ctrl Pts',(24.8566994339531,59.0960599597368,1.65000000000066));
#9734=CARTESIAN_POINT('',(25.3241905838555,59.3359865363512,1.25000000000066));
#9735=CARTESIAN_POINT('Ctrl Pts',(25.4812416702812,60.2901990826998,1.25000000000066));
#9736=CARTESIAN_POINT('Ctrl Pts',(25.4812416702812,60.2901990826998,1.65000000000066));
#9737=CARTESIAN_POINT('Ctrl Pts',(25.4812416702812,59.5759131129656,1.25000000000066));
#9738=CARTESIAN_POINT('Ctrl Pts',(25.4812416702812,59.5759131129656,1.65000000000066));
#9739=CARTESIAN_POINT('Ctrl Pts',(25.3241905838555,59.3359865363512,1.25000000000066));
#9740=CARTESIAN_POINT('Ctrl Pts',(25.3241905838555,59.3359865363512,1.65000000000066));
#9741=CARTESIAN_POINT('',(25.4812416702812,60.2901990826998,1.25000000000066));
#9742=CARTESIAN_POINT('Ctrl Pts',(25.3241905838555,59.3359865363512,1.25000000000066));
#9743=CARTESIAN_POINT('Ctrl Pts',(25.4812416702812,59.5759131129656,1.25000000000066));
#9744=CARTESIAN_POINT('Ctrl Pts',(25.4812416702812,60.2901990826998,1.25000000000066));
#9745=CARTESIAN_POINT('',(25.4812416702812,60.2901990826998,1.65000000000066));
#9746=CARTESIAN_POINT('Ctrl Pts',(25.4812416702812,60.2901990826998,1.65000000000066));
#9747=CARTESIAN_POINT('Ctrl Pts',(25.4812416702812,59.5759131129656,1.65000000000066));
#9748=CARTESIAN_POINT('Ctrl Pts',(25.3241905838555,59.3359865363512,1.65000000000066));
#9749=CARTESIAN_POINT('',(25.4812416702812,60.2901990826998,1.25000000000066));
#9750=CARTESIAN_POINT('Ctrl Pts',(25.331486192376,61.2315906699572,1.25000000000066));
#9751=CARTESIAN_POINT('Ctrl Pts',(25.331486192376,61.2315906699572,1.65000000000066));
#9752=CARTESIAN_POINT('Ctrl Pts',(25.4812416702812,60.9458764012728,1.25000000000066));
#9753=CARTESIAN_POINT('Ctrl Pts',(25.4812416702812,60.9458764012728,1.65000000000066));
#9754=CARTESIAN_POINT('Ctrl Pts',(25.4812416702812,60.2901990826998,1.25000000000066));
#9755=CARTESIAN_POINT('Ctrl Pts',(25.4812416702812,60.2901990826998,1.65000000000066));
#9756=CARTESIAN_POINT('',(25.331486192376,61.2315906699572,1.25000000000066));
#9757=CARTESIAN_POINT('Ctrl Pts',(25.4812416702812,60.2901990826998,1.25000000000066));
#9758=CARTESIAN_POINT('Ctrl Pts',(25.4812416702812,60.9458764012728,1.25000000000066));
#9759=CARTESIAN_POINT('Ctrl Pts',(25.331486192376,61.2315906699572,1.25000000000066));
#9760=CARTESIAN_POINT('',(25.331486192376,61.2315906699572,1.65000000000066));
#9761=CARTESIAN_POINT('Ctrl Pts',(25.331486192376,61.2315906699572,1.65000000000066));
#9762=CARTESIAN_POINT('Ctrl Pts',(25.4812416702812,60.9458764012728,1.65000000000066));
#9763=CARTESIAN_POINT('Ctrl Pts',(25.4812416702812,60.2901990826998,1.65000000000066));
#9764=CARTESIAN_POINT('',(25.331486192376,61.2315906699572,1.25000000000066));
#9765=CARTESIAN_POINT('Ctrl Pts',(24.8640236527031,61.5173049386416,1.25000000000066));
#9766=CARTESIAN_POINT('Ctrl Pts',(24.8640236527031,61.5173049386416,1.65000000000066));
#9767=CARTESIAN_POINT('Ctrl Pts',(25.1817354828423,61.5173049386416,1.25000000000066));
#9768=CARTESIAN_POINT('Ctrl Pts',(25.1817354828423,61.5173049386416,1.65000000000066));
#9769=CARTESIAN_POINT('Ctrl Pts',(25.331486192376,61.2315906699572,1.25000000000066));
#9770=CARTESIAN_POINT('Ctrl Pts',(25.331486192376,61.2315906699572,1.65000000000066));
#9771=CARTESIAN_POINT('',(24.8640236527031,61.5173049386416,1.25000000000066));
#9772=CARTESIAN_POINT('Ctrl Pts',(25.331486192376,61.2315906699572,1.25000000000066));
#9773=CARTESIAN_POINT('Ctrl Pts',(25.1817354828423,61.5173049386416,1.25000000000066));
#9774=CARTESIAN_POINT('Ctrl Pts',(24.8640236527031,61.5173049386416,1.25000000000066));
#9775=CARTESIAN_POINT('',(24.8640236527031,61.5173049386416,1.65000000000066));
#9776=CARTESIAN_POINT('Ctrl Pts',(24.8640236527031,61.5173049386416,1.65000000000066));
#9777=CARTESIAN_POINT('Ctrl Pts',(25.1817354828423,61.5173049386416,1.65000000000066));
#9778=CARTESIAN_POINT('Ctrl Pts',(25.331486192376,61.2315906699572,1.65000000000066));
#9779=CARTESIAN_POINT('',(24.8640236527031,61.5173049386416,1.25000000000066));
#9780=CARTESIAN_POINT('Ctrl Pts',(24.4147905975884,61.2737156566057,1.25000000000066));
#9781=CARTESIAN_POINT('Ctrl Pts',(24.4147905975884,61.2737156566057,1.65000000000066));
#9782=CARTESIAN_POINT('Ctrl Pts',(24.5864376694268,61.5173049386416,1.25000000000066));
#9783=CARTESIAN_POINT('Ctrl Pts',(24.5864376694268,61.5173049386416,1.65000000000066));
#9784=CARTESIAN_POINT('Ctrl Pts',(24.8640236527031,61.5173049386416,1.25000000000066));
#9785=CARTESIAN_POINT('Ctrl Pts',(24.8640236527031,61.5173049386416,1.65000000000066));
#9786=CARTESIAN_POINT('',(24.4147905975884,61.2737156566057,1.25000000000066));
#9787=CARTESIAN_POINT('Ctrl Pts',(24.8640236527031,61.5173049386416,1.25000000000066));
#9788=CARTESIAN_POINT('Ctrl Pts',(24.5864376694268,61.5173049386416,1.25000000000066));
#9789=CARTESIAN_POINT('Ctrl Pts',(24.4147905975884,61.2737156566057,1.25000000000066));
#9790=CARTESIAN_POINT('',(24.4147905975884,61.2737156566057,1.65000000000066));
#9791=CARTESIAN_POINT('Ctrl Pts',(24.4147905975884,61.2737156566057,1.65000000000066));
#9792=CARTESIAN_POINT('Ctrl Pts',(24.5864376694268,61.5173049386416,1.65000000000066));
#9793=CARTESIAN_POINT('Ctrl Pts',(24.8640236527031,61.5173049386416,1.65000000000066));
#9794=CARTESIAN_POINT('',(24.4147905975884,61.2737156566057,1.25000000000066));
#9795=CARTESIAN_POINT('Ctrl Pts',(24.2431482941216,60.3451438363466,1.25000000000066));
#9796=CARTESIAN_POINT('Ctrl Pts',(24.2431482941216,60.3451438363466,1.65000000000066));
#9797=CARTESIAN_POINT('Ctrl Pts',(24.2431482941216,61.0301257785235,1.25000000000066));
#9798=CARTESIAN_POINT('Ctrl Pts',(24.2431482941216,61.0301257785235,1.65000000000066));
#9799=CARTESIAN_POINT('Ctrl Pts',(24.4147905975884,61.2737156566057,1.25000000000066));
#9800=CARTESIAN_POINT('Ctrl Pts',(24.4147905975884,61.2737156566057,1.65000000000066));
#9801=CARTESIAN_POINT('',(24.2431482941216,60.3451438363466,1.25000000000066));
#9802=CARTESIAN_POINT('Ctrl Pts',(24.4147905975884,61.2737156566057,1.25000000000066));
#9803=CARTESIAN_POINT('Ctrl Pts',(24.2431482941216,61.0301257785235,1.25000000000066));
#9804=CARTESIAN_POINT('Ctrl Pts',(24.2431482941216,60.3451438363466,1.25000000000066));
#9805=CARTESIAN_POINT('',(24.2431482941216,60.3451438363466,1.65000000000066));
#9806=CARTESIAN_POINT('Ctrl Pts',(24.2431482941216,60.3451438363466,1.65000000000066));
#9807=CARTESIAN_POINT('Ctrl Pts',(24.2431482941216,61.0301257785235,1.65000000000066));
#9808=CARTESIAN_POINT('Ctrl Pts',(24.4147905975884,61.2737156566057,1.65000000000066));
#9809=CARTESIAN_POINT('',(24.2431482941216,60.3451438363466,1.25000000000066));
#9810=CARTESIAN_POINT('Ctrl Pts',(24.3947014481133,59.3561329062853,1.25000000000066));
#9811=CARTESIAN_POINT('Ctrl Pts',(24.3947014481133,59.3561329062853,1.65000000000066));
#9812=CARTESIAN_POINT('Ctrl Pts',(24.2431482941216,59.6162058528338,1.25000000000066));
#9813=CARTESIAN_POINT('Ctrl Pts',(24.2431482941216,59.6162058528338,1.65000000000066));
#9814=CARTESIAN_POINT('Ctrl Pts',(24.2431482941216,60.3451438363466,1.25000000000066));
#9815=CARTESIAN_POINT('Ctrl Pts',(24.2431482941216,60.3451438363466,1.65000000000066));
#9816=CARTESIAN_POINT('',(24.3947014481133,59.3561329062853,1.25000000000066));
#9817=CARTESIAN_POINT('Ctrl Pts',(24.2431482941216,60.3451438363466,1.25000000000066));
#9818=CARTESIAN_POINT('Ctrl Pts',(24.2431482941216,59.6162058528338,1.25000000000066));
#9819=CARTESIAN_POINT('Ctrl Pts',(24.3947014481133,59.3561329062853,1.25000000000066));
#9820=CARTESIAN_POINT('',(24.3947014481133,59.3561329062853,1.65000000000066));
#9821=CARTESIAN_POINT('Ctrl Pts',(24.3947014481133,59.3561329062853,1.65000000000066));
#9822=CARTESIAN_POINT('Ctrl Pts',(24.2431482941216,59.6162058528338,1.65000000000066));
#9823=CARTESIAN_POINT('Ctrl Pts',(24.2431482941216,60.3451438363466,1.65000000000066));
#9824=CARTESIAN_POINT('',(24.3947014481133,59.3561329062853,1.25000000000066));
#9825=CARTESIAN_POINT('Ctrl Pts',(24.8566994339531,59.0960599597368,1.25000000000066));
#9826=CARTESIAN_POINT('Ctrl Pts',(24.8566994339531,59.0960599597368,1.65000000000066));
#9827=CARTESIAN_POINT('Ctrl Pts',(24.5462593704766,59.0960599597368,1.25000000000066));
#9828=CARTESIAN_POINT('Ctrl Pts',(24.5462593704766,59.0960599597368,1.65000000000066));
#9829=CARTESIAN_POINT('Ctrl Pts',(24.3947014481133,59.3561329062853,1.25000000000066));
#9830=CARTESIAN_POINT('Ctrl Pts',(24.3947014481133,59.3561329062853,1.65000000000066));
#9831=CARTESIAN_POINT('Ctrl Pts',(24.3947014481133,59.3561329062853,1.25000000000066));
#9832=CARTESIAN_POINT('Ctrl Pts',(24.5462593704766,59.0960599597368,1.25000000000066));
#9833=CARTESIAN_POINT('Ctrl Pts',(24.8566994339531,59.0960599597368,1.25000000000066));
#9834=CARTESIAN_POINT('Ctrl Pts',(24.8566994339531,59.0960599597368,1.65000000000066));
#9835=CARTESIAN_POINT('Ctrl Pts',(24.5462593704766,59.0960599597368,1.65000000000066));
#9836=CARTESIAN_POINT('Ctrl Pts',(24.3947014481133,59.3561329062853,1.65000000000066));
#9837=CARTESIAN_POINT('Ctrl Pts',(23.5668358475273,58.9348878081713,1.25000000000066));
#9838=CARTESIAN_POINT('Ctrl Pts',(23.5668358475273,58.9348878081713,1.65000000000066));
#9839=CARTESIAN_POINT('Ctrl Pts',(24.0407070786064,58.3817739900026,1.25000000000066));
#9840=CARTESIAN_POINT('Ctrl Pts',(24.0407070786064,58.3817739900026,1.65000000000066));
#9841=CARTESIAN_POINT('Ctrl Pts',(24.8860010773247,58.3817739900026,1.25000000000066));
#9842=CARTESIAN_POINT('Ctrl Pts',(24.8860010773247,58.3817739900026,1.65000000000066));
#9843=CARTESIAN_POINT('',(24.8860010773247,58.3817739900026,1.25000000000066));
#9844=CARTESIAN_POINT('',(23.5668358475273,58.9348878081713,1.25000000000066));
#9845=CARTESIAN_POINT('Ctrl Pts',(24.8860010773247,58.3817739900026,1.25000000000066));
#9846=CARTESIAN_POINT('Ctrl Pts',(24.0407070786064,58.3817739900026,1.25000000000066));
#9847=CARTESIAN_POINT('Ctrl Pts',(23.5668358475273,58.9348878081713,1.25000000000066));
#9848=CARTESIAN_POINT('',(24.8860010773247,58.3817739900026,1.65000000000066));
#9849=CARTESIAN_POINT('',(24.8860010773247,58.3817739900026,1.25000000000066));
#9850=CARTESIAN_POINT('',(23.5668358475273,58.9348878081713,1.65000000000066));
#9851=CARTESIAN_POINT('Ctrl Pts',(23.5668358475273,58.9348878081713,1.65000000000066));
#9852=CARTESIAN_POINT('Ctrl Pts',(24.0407070786064,58.3817739900026,1.65000000000066));
#9853=CARTESIAN_POINT('Ctrl Pts',(24.8860010773247,58.3817739900026,1.65000000000066));
#9854=CARTESIAN_POINT('',(23.5668358475273,58.9348878081713,1.25000000000066));
#9855=CARTESIAN_POINT('Ctrl Pts',(23.0929598480767,60.3195031102572,1.25000000000066));
#9856=CARTESIAN_POINT('Ctrl Pts',(23.0929598480767,60.3195031102572,1.65000000000066));
#9857=CARTESIAN_POINT('Ctrl Pts',(23.0929598480767,59.4880010302935,1.25000000000066));
#9858=CARTESIAN_POINT('Ctrl Pts',(23.0929598480767,59.4880010302935,1.65000000000066));
#9859=CARTESIAN_POINT('Ctrl Pts',(23.5668358475273,58.9348878081713,1.25000000000066));
#9860=CARTESIAN_POINT('Ctrl Pts',(23.5668358475273,58.9348878081713,1.65000000000066));
#9861=CARTESIAN_POINT('',(23.0929598480767,60.3195031102572,1.25000000000066));
#9862=CARTESIAN_POINT('Ctrl Pts',(23.5668358475273,58.9348878081713,1.25000000000066));
#9863=CARTESIAN_POINT('Ctrl Pts',(23.0929598480767,59.4880010302935,1.25000000000066));
#9864=CARTESIAN_POINT('Ctrl Pts',(23.0929598480767,60.3195031102572,1.25000000000066));
#9865=CARTESIAN_POINT('',(23.0929598480767,60.3195031102572,1.65000000000066));
#9866=CARTESIAN_POINT('Ctrl Pts',(23.0929598480767,60.3195031102572,1.65000000000066));
#9867=CARTESIAN_POINT('Ctrl Pts',(23.0929598480767,59.4880010302935,1.65000000000066));
#9868=CARTESIAN_POINT('Ctrl Pts',(23.5668358475273,58.9348878081713,1.65000000000066));
#9869=CARTESIAN_POINT('',(23.0929598480767,60.3195031102572,1.25000000000066));
#9870=CARTESIAN_POINT('Ctrl Pts',(23.5851225525444,61.6876347478304,1.25000000000066));
#9871=CARTESIAN_POINT('Ctrl Pts',(23.5851225525444,61.6876347478304,1.65000000000066));
#9872=CARTESIAN_POINT('Ctrl Pts',(23.0929598480767,61.1400158818636,1.25000000000066));
#9873=CARTESIAN_POINT('Ctrl Pts',(23.0929598480767,61.1400158818636,1.65000000000066));
#9874=CARTESIAN_POINT('Ctrl Pts',(23.0929598480767,60.3195031102572,1.25000000000066));
#9875=CARTESIAN_POINT('Ctrl Pts',(23.0929598480767,60.3195031102572,1.65000000000066));
#9876=CARTESIAN_POINT('',(23.5851225525444,61.6876347478304,1.25000000000066));
#9877=CARTESIAN_POINT('Ctrl Pts',(23.0929598480767,60.3195031102572,1.25000000000066));
#9878=CARTESIAN_POINT('Ctrl Pts',(23.0929598480767,61.1400158818636,1.25000000000066));
#9879=CARTESIAN_POINT('Ctrl Pts',(23.5851225525444,61.6876347478304,1.25000000000066));
#9880=CARTESIAN_POINT('',(23.5851225525444,61.6876347478304,1.65000000000066));
#9881=CARTESIAN_POINT('Ctrl Pts',(23.5851225525444,61.6876347478304,1.65000000000066));
#9882=CARTESIAN_POINT('Ctrl Pts',(23.0929598480767,61.1400158818636,1.65000000000066));
#9883=CARTESIAN_POINT('Ctrl Pts',(23.0929598480767,60.3195031102572,1.65000000000066));
#9884=CARTESIAN_POINT('',(23.5851225525444,61.6876347478304,1.25000000000066));
#9885=CARTESIAN_POINT('Ctrl Pts',(24.8932728439873,62.2352542098437,1.25000000000066));
#9886=CARTESIAN_POINT('Ctrl Pts',(24.8932728439873,62.2352542098437,1.65000000000066));
#9887=CARTESIAN_POINT('Ctrl Pts',(24.0772804886406,62.2352542098437,1.25000000000066));
#9888=CARTESIAN_POINT('Ctrl Pts',(24.0772804886406,62.2352542098437,1.65000000000066));
#9889=CARTESIAN_POINT('Ctrl Pts',(23.5851225525444,61.6876347478304,1.25000000000066));
#9890=CARTESIAN_POINT('Ctrl Pts',(23.5851225525444,61.6876347478304,1.65000000000066));
#9891=CARTESIAN_POINT('',(24.8932728439873,62.2352542098437,1.25000000000066));
#9892=CARTESIAN_POINT('Ctrl Pts',(23.5851225525444,61.6876347478304,1.25000000000066));
#9893=CARTESIAN_POINT('Ctrl Pts',(24.0772804886406,62.2352542098437,1.25000000000066));
#9894=CARTESIAN_POINT('Ctrl Pts',(24.8932728439873,62.2352542098437,1.25000000000066));
#9895=CARTESIAN_POINT('',(24.8932728439873,62.2352542098437,1.65000000000066));
#9896=CARTESIAN_POINT('Ctrl Pts',(24.8932728439873,62.2352542098437,1.65000000000066));
#9897=CARTESIAN_POINT('Ctrl Pts',(24.0772804886406,62.2352542098437,1.65000000000066));
#9898=CARTESIAN_POINT('Ctrl Pts',(23.5851225525444,61.6876347478304,1.65000000000066));
#9899=CARTESIAN_POINT('',(24.8932728439873,62.2352542098437,1.25000000000066));
#9900=CARTESIAN_POINT('Ctrl Pts',(26.1575541168755,61.6931291039858,1.25000000000066));
#9901=CARTESIAN_POINT('Ctrl Pts',(26.1575541168755,61.6931291039858,1.65000000000066));
#9902=CARTESIAN_POINT('Ctrl Pts',(25.6836781174248,62.2352542098437,1.25000000000066));
#9903=CARTESIAN_POINT('Ctrl Pts',(25.6836781174248,62.2352542098437,1.65000000000066));
#9904=CARTESIAN_POINT('Ctrl Pts',(24.8932728439873,62.2352542098437,1.25000000000066));
#9905=CARTESIAN_POINT('Ctrl Pts',(24.8932728439873,62.2352542098437,1.65000000000066));
#9906=CARTESIAN_POINT('',(26.1575541168755,61.6931291039858,1.25000000000066));
#9907=CARTESIAN_POINT('Ctrl Pts',(24.8932728439873,62.2352542098437,1.25000000000066));
#9908=CARTESIAN_POINT('Ctrl Pts',(25.6836781174248,62.2352542098437,1.25000000000066));
#9909=CARTESIAN_POINT('Ctrl Pts',(26.1575541168755,61.6931291039858,1.25000000000066));
#9910=CARTESIAN_POINT('',(26.1575541168755,61.6931291039858,1.65000000000066));
#9911=CARTESIAN_POINT('Ctrl Pts',(26.1575541168755,61.6931291039858,1.65000000000066));
#9912=CARTESIAN_POINT('Ctrl Pts',(25.6836781174248,62.2352542098437,1.65000000000066));
#9913=CARTESIAN_POINT('Ctrl Pts',(24.8932728439873,62.2352542098437,1.65000000000066));
#9914=CARTESIAN_POINT('',(26.1575541168755,61.6931291039858,1.25000000000066));
#9915=CARTESIAN_POINT('Ctrl Pts',(26.6314253479546,60.3011877950106,1.25000000000066));
#9916=CARTESIAN_POINT('Ctrl Pts',(26.6314253479546,60.3011877950106,1.65000000000066));
#9917=CARTESIAN_POINT('Ctrl Pts',(26.6314253479546,61.1510045941744,1.25000000000066));
#9918=CARTESIAN_POINT('Ctrl Pts',(26.6314253479546,61.1510045941744,1.65000000000066));
#9919=CARTESIAN_POINT('Ctrl Pts',(26.1575541168755,61.6931291039858,1.25000000000066));
#9920=CARTESIAN_POINT('Ctrl Pts',(26.1575541168755,61.6931291039858,1.65000000000066));
#9921=CARTESIAN_POINT('',(26.6314253479546,60.3011877950106,1.25000000000066));
#9922=CARTESIAN_POINT('Ctrl Pts',(26.1575541168755,61.6931291039858,1.25000000000066));
#9923=CARTESIAN_POINT('Ctrl Pts',(26.6314253479546,61.1510045941744,1.25000000000066));
#9924=CARTESIAN_POINT('Ctrl Pts',(26.6314253479546,60.3011877950106,1.25000000000066));
#9925=CARTESIAN_POINT('',(26.6314253479546,60.3011877950106,1.65000000000066));
#9926=CARTESIAN_POINT('Ctrl Pts',(26.6314253479546,60.3011877950106,1.65000000000066));
#9927=CARTESIAN_POINT('Ctrl Pts',(26.6314253479546,61.1510045941744,1.65000000000066));
#9928=CARTESIAN_POINT('Ctrl Pts',(26.1575541168755,61.6931291039858,1.65000000000066));
#9929=CARTESIAN_POINT('',(26.6314253479546,60.3011877950106,1.25000000000066));
#9930=CARTESIAN_POINT('Ctrl Pts',(26.4173683792656,59.2993565019045,1.25000000000066));
#9931=CARTESIAN_POINT('Ctrl Pts',(26.4173683792656,59.2993565019045,1.65000000000066));
#9932=CARTESIAN_POINT('Ctrl Pts',(26.6314253479546,59.7114445384417,1.25000000000066));
#9933=CARTESIAN_POINT('Ctrl Pts',(26.6314253479546,59.7114445384417,1.65000000000066));
#9934=CARTESIAN_POINT('Ctrl Pts',(26.6314253479546,60.3011877950106,1.25000000000066));
#9935=CARTESIAN_POINT('Ctrl Pts',(26.6314253479546,60.3011877950106,1.65000000000066));
#9936=CARTESIAN_POINT('',(26.4173683792656,59.2993565019045,1.25000000000066));
#9937=CARTESIAN_POINT('Ctrl Pts',(26.6314253479546,60.3011877950106,1.25000000000066));
#9938=CARTESIAN_POINT('Ctrl Pts',(26.6314253479546,59.7114445384417,1.25000000000066));
#9939=CARTESIAN_POINT('Ctrl Pts',(26.4173683792656,59.2993565019045,1.25000000000066));
#9940=CARTESIAN_POINT('',(26.4173683792656,59.2993565019045,1.65000000000066));
#9941=CARTESIAN_POINT('Ctrl Pts',(26.4173683792656,59.2993565019045,1.65000000000066));
#9942=CARTESIAN_POINT('Ctrl Pts',(26.6314253479546,59.7114445384417,1.65000000000066));
#9943=CARTESIAN_POINT('Ctrl Pts',(26.6314253479546,60.3011877950106,1.65000000000066));
#9944=CARTESIAN_POINT('',(26.4173683792656,59.2993565019045,1.25000000000066));
#9945=CARTESIAN_POINT('Ctrl Pts',(25.83005758825,58.634521227685,1.25000000000066));
#9946=CARTESIAN_POINT('Ctrl Pts',(25.83005758825,58.634521227685,1.65000000000066));
#9947=CARTESIAN_POINT('Ctrl Pts',(26.2033114105767,58.8872684653673,1.25000000000066));
#9948=CARTESIAN_POINT('Ctrl Pts',(26.2033114105767,58.8872684653673,1.65000000000066));
#9949=CARTESIAN_POINT('Ctrl Pts',(26.4173683792656,59.2993565019045,1.25000000000066));
#9950=CARTESIAN_POINT('Ctrl Pts',(26.4173683792656,59.2993565019045,1.65000000000066));
#9951=CARTESIAN_POINT('',(25.83005758825,58.634521227685,1.25000000000066));
#9952=CARTESIAN_POINT('Ctrl Pts',(26.4173683792656,59.2993565019045,1.25000000000066));
#9953=CARTESIAN_POINT('Ctrl Pts',(26.2033114105767,58.8872684653673,1.25000000000066));
#9954=CARTESIAN_POINT('Ctrl Pts',(25.83005758825,58.634521227685,1.25000000000066));
#9955=CARTESIAN_POINT('',(25.83005758825,58.634521227685,1.65000000000066));
#9956=CARTESIAN_POINT('Ctrl Pts',(25.83005758825,58.634521227685,1.65000000000066));
#9957=CARTESIAN_POINT('Ctrl Pts',(26.2033114105767,58.8872684653673,1.65000000000066));
#9958=CARTESIAN_POINT('Ctrl Pts',(26.4173683792656,59.2993565019045,1.65000000000066));
#9959=CARTESIAN_POINT('',(25.83005758825,58.634521227685,1.25000000000066));
#9960=CARTESIAN_POINT('Ctrl Pts',(24.8860010773247,58.3817739900026,1.25000000000066));
#9961=CARTESIAN_POINT('Ctrl Pts',(24.8860010773247,58.3817739900026,1.65000000000066));
#9962=CARTESIAN_POINT('Ctrl Pts',(25.4568037659233,58.3817739900026,1.25000000000066));
#9963=CARTESIAN_POINT('Ctrl Pts',(25.4568037659233,58.3817739900026,1.65000000000066));
#9964=CARTESIAN_POINT('Ctrl Pts',(25.83005758825,58.634521227685,1.25000000000066));
#9965=CARTESIAN_POINT('Ctrl Pts',(25.83005758825,58.634521227685,1.65000000000066));
#9966=CARTESIAN_POINT('Ctrl Pts',(25.83005758825,58.634521227685,1.25000000000066));
#9967=CARTESIAN_POINT('Ctrl Pts',(25.4568037659233,58.3817739900026,1.25000000000066));
#9968=CARTESIAN_POINT('Ctrl Pts',(24.8860010773247,58.3817739900026,1.25000000000066));
#9969=CARTESIAN_POINT('Ctrl Pts',(24.8860010773247,58.3817739900026,1.65000000000066));
#9970=CARTESIAN_POINT('Ctrl Pts',(25.4568037659233,58.3817739900026,1.65000000000066));
#9971=CARTESIAN_POINT('Ctrl Pts',(25.83005758825,58.634521227685,1.65000000000066));
#9972=CARTESIAN_POINT('Origin',(24.8072502285546,59.6583311375055,1.65000000000066));
#9973=CARTESIAN_POINT('Origin',(24.8072502285546,59.6583311375055,1.25000000000066));
#9974=CARTESIAN_POINT('Origin',(27.9940638214653,59.5649244006548,1.25000000000066));
#9975=CARTESIAN_POINT('',(27.1991905838555,59.3524696048174,1.25000000000066));
#9976=CARTESIAN_POINT('',(27.9940638214653,59.5649244006548,1.25000000000066));
#9977=CARTESIAN_POINT('',(27.1991905838555,59.3524696048174,1.25000000000066));
#9978=CARTESIAN_POINT('',(27.1991905838555,59.3524696048174,1.65000000000066));
#9979=CARTESIAN_POINT('',(27.1991905838555,59.3524696048174,1.25000000000066));
#9980=CARTESIAN_POINT('',(27.9940638214653,59.5649244006548,1.65000000000066));
#9981=CARTESIAN_POINT('',(27.1991905838555,59.3524696048174,1.65000000000066));
#9982=CARTESIAN_POINT('',(27.9940638214653,59.5649244006548,1.25000000000066));
#9983=CARTESIAN_POINT('Ctrl Pts',(28.7156734139031,59.0630926307116,1.25000000000066));
#9984=CARTESIAN_POINT('Ctrl Pts',(28.7156734139031,59.0630926307116,1.65000000000066));
#9985=CARTESIAN_POINT('Ctrl Pts',(28.1332573563164,59.0630926307116,1.25000000000066));
#9986=CARTESIAN_POINT('Ctrl Pts',(28.1332573563164,59.0630926307116,1.65000000000066));
#9987=CARTESIAN_POINT('Ctrl Pts',(27.9940638214653,59.5649244006548,1.25000000000066));
#9988=CARTESIAN_POINT('Ctrl Pts',(27.9940638214653,59.5649244006548,1.65000000000066));
#9989=CARTESIAN_POINT('',(28.7156734139031,59.0630926307116,1.25000000000066));
#9990=CARTESIAN_POINT('Ctrl Pts',(27.9940638214653,59.5649244006548,1.25000000000066));
#9991=CARTESIAN_POINT('Ctrl Pts',(28.1332573563164,59.0630926307116,1.25000000000066));
#9992=CARTESIAN_POINT('Ctrl Pts',(28.7156734139031,59.0630926307116,1.25000000000066));
#9993=CARTESIAN_POINT('',(28.7156734139031,59.0630926307116,1.65000000000066));
#9994=CARTESIAN_POINT('Ctrl Pts',(28.7156734139031,59.0630926307116,1.65000000000066));
#9995=CARTESIAN_POINT('Ctrl Pts',(28.1332573563164,59.0630926307116,1.65000000000066));
#9996=CARTESIAN_POINT('Ctrl Pts',(27.9940638214653,59.5649244006548,1.65000000000066));
#9997=CARTESIAN_POINT('',(28.7156734139031,59.0630926307116,1.25000000000066));
#9998=CARTESIAN_POINT('Ctrl Pts',(29.2651233345574,59.3970556672487,1.25000000000066));
#9999=CARTESIAN_POINT('Ctrl Pts',(29.2651233345574,59.3970556672487,1.65000000000066));
#10000=CARTESIAN_POINT('Ctrl Pts',(29.2651233345574,59.0630926307116,1.25000000000066));
#10001=CARTESIAN_POINT('Ctrl Pts',(29.2651233345574,59.0630926307116,1.65000000000066));
#10002=CARTESIAN_POINT('Ctrl Pts',(28.7156734139031,59.0630926307116,1.25000000000066));
#10003=CARTESIAN_POINT('Ctrl Pts',(28.7156734139031,59.0630926307116,1.65000000000066));
#10004=CARTESIAN_POINT('',(29.2651233345574,59.3970556672487,1.25000000000066));
#10005=CARTESIAN_POINT('Ctrl Pts',(28.7156734139031,59.0630926307116,1.25000000000066));
#10006=CARTESIAN_POINT('Ctrl Pts',(29.2651233345574,59.0630926307116,1.25000000000066));
#10007=CARTESIAN_POINT('Ctrl Pts',(29.2651233345574,59.3970556672487,1.25000000000066));
#10008=CARTESIAN_POINT('',(29.2651233345574,59.3970556672487,1.65000000000066));
#10009=CARTESIAN_POINT('Ctrl Pts',(29.2651233345574,59.3970556672487,1.65000000000066));
#10010=CARTESIAN_POINT('Ctrl Pts',(29.2651233345574,59.0630926307116,1.65000000000066));
#10011=CARTESIAN_POINT('Ctrl Pts',(28.7156734139031,59.0630926307116,1.65000000000066));
#10012=CARTESIAN_POINT('',(29.2651233345574,59.3970556672487,1.25000000000066));
#10013=CARTESIAN_POINT('Ctrl Pts',(29.1644487053459,59.6080507453356,1.25000000000066));
#10014=CARTESIAN_POINT('Ctrl Pts',(29.1644487053459,59.6080507453356,1.65000000000066));
#10015=CARTESIAN_POINT('Ctrl Pts',(29.2651233345574,59.5291526730929,1.25000000000066));
#10016=CARTESIAN_POINT('Ctrl Pts',(29.2651233345574,59.5291526730929,1.65000000000066));
#10017=CARTESIAN_POINT('Ctrl Pts',(29.2651233345574,59.3970556672487,1.25000000000066));
#10018=CARTESIAN_POINT('Ctrl Pts',(29.2651233345574,59.3970556672487,1.65000000000066));
#10019=CARTESIAN_POINT('',(29.1644487053459,59.6080507453356,1.25000000000066));
#10020=CARTESIAN_POINT('Ctrl Pts',(29.2651233345574,59.3970556672487,1.25000000000066));
#10021=CARTESIAN_POINT('Ctrl Pts',(29.2651233345574,59.5291526730929,1.25000000000066));
#10022=CARTESIAN_POINT('Ctrl Pts',(29.1644487053459,59.6080507453356,1.25000000000066));
#10023=CARTESIAN_POINT('',(29.1644487053459,59.6080507453356,1.65000000000066));
#10024=CARTESIAN_POINT('Ctrl Pts',(29.1644487053459,59.6080507453356,1.65000000000066));
#10025=CARTESIAN_POINT('Ctrl Pts',(29.2651233345574,59.5291526730929,1.65000000000066));
#10026=CARTESIAN_POINT('Ctrl Pts',(29.2651233345574,59.3970556672487,1.65000000000066));
#10027=CARTESIAN_POINT('',(29.1644487053459,59.6080507453356,1.25000000000066));
#10028=CARTESIAN_POINT('Ctrl Pts',(28.6388072640007,59.7414352115069,1.25000000000066));
#10029=CARTESIAN_POINT('Ctrl Pts',(28.6388072640007,59.7414352115069,1.65000000000066));
#10030=CARTESIAN_POINT('Ctrl Pts',(29.0637716919487,59.6869482215319,1.25000000000066));
#10031=CARTESIAN_POINT('Ctrl Pts',(29.0637716919487,59.6869482215319,1.65000000000066));
#10032=CARTESIAN_POINT('Ctrl Pts',(29.1644487053459,59.6080507453356,1.25000000000066));
#10033=CARTESIAN_POINT('Ctrl Pts',(29.1644487053459,59.6080507453356,1.65000000000066));
#10034=CARTESIAN_POINT('',(28.6388072640007,59.7414352115069,1.25000000000066));
#10035=CARTESIAN_POINT('Ctrl Pts',(29.1644487053459,59.6080507453356,1.25000000000066));
#10036=CARTESIAN_POINT('Ctrl Pts',(29.0637716919487,59.6869482215319,1.25000000000066));
#10037=CARTESIAN_POINT('Ctrl Pts',(28.6388072640007,59.7414352115069,1.25000000000066));
#10038=CARTESIAN_POINT('',(28.6388072640007,59.7414352115069,1.65000000000066));
#10039=CARTESIAN_POINT('Ctrl Pts',(28.6388072640007,59.7414352115069,1.65000000000066));
#10040=CARTESIAN_POINT('Ctrl Pts',(29.0637716919487,59.6869482215319,1.65000000000066));
#10041=CARTESIAN_POINT('Ctrl Pts',(29.1644487053459,59.6080507453356,1.65000000000066));
#10042=CARTESIAN_POINT('',(28.6388072640007,59.7414352115069,1.25000000000066));
#10043=CARTESIAN_POINT('Ctrl Pts',(27.70101877752,59.9348874505434,1.25000000000066));
#10044=CARTESIAN_POINT('Ctrl Pts',(27.70101877752,59.9348874505434,1.65000000000066));
#10045=CARTESIAN_POINT('Ctrl Pts',(28.0050501495903,59.8249973472033,1.25000000000066));
#10046=CARTESIAN_POINT('Ctrl Pts',(28.0050501495903,59.8249973472033,1.65000000000066));
#10047=CARTESIAN_POINT('Ctrl Pts',(28.6388072640007,59.7414352115069,1.25000000000066));
#10048=CARTESIAN_POINT('Ctrl Pts',(28.6388072640007,59.7414352115069,1.65000000000066));
#10049=CARTESIAN_POINT('',(27.70101877752,59.9348874505434,1.25000000000066));
#10050=CARTESIAN_POINT('Ctrl Pts',(28.6388072640007,59.7414352115069,1.25000000000066));
#10051=CARTESIAN_POINT('Ctrl Pts',(28.0050501495903,59.8249973472033,1.25000000000066));
#10052=CARTESIAN_POINT('Ctrl Pts',(27.70101877752,59.9348874505434,1.25000000000066));
#10053=CARTESIAN_POINT('',(27.70101877752,59.9348874505434,1.65000000000066));
#10054=CARTESIAN_POINT('Ctrl Pts',(27.70101877752,59.9348874505434,1.65000000000066));
#10055=CARTESIAN_POINT('Ctrl Pts',(28.0050501495903,59.8249973472033,1.65000000000066));
#10056=CARTESIAN_POINT('Ctrl Pts',(28.6388072640007,59.7414352115069,1.65000000000066));
#10057=CARTESIAN_POINT('',(27.70101877752,59.9348874505434,1.25000000000066));
#10058=CARTESIAN_POINT('Ctrl Pts',(27.2193369537896,60.3048510964785,1.25000000000066));
#10059=CARTESIAN_POINT('Ctrl Pts',(27.2193369537896,60.3048510964785,1.65000000000066));
#10060=CARTESIAN_POINT('Ctrl Pts',(27.3969921738213,60.0447775538836,1.25000000000066));
#10061=CARTESIAN_POINT('Ctrl Pts',(27.3969921738213,60.0447775538836,1.65000000000066));
#10062=CARTESIAN_POINT('Ctrl Pts',(27.70101877752,59.9348874505434,1.25000000000066));
#10063=CARTESIAN_POINT('Ctrl Pts',(27.70101877752,59.9348874505434,1.65000000000066));
#10064=CARTESIAN_POINT('',(27.2193369537896,60.3048510964785,1.25000000000066));
#10065=CARTESIAN_POINT('Ctrl Pts',(27.70101877752,59.9348874505434,1.25000000000066));
#10066=CARTESIAN_POINT('Ctrl Pts',(27.3969921738213,60.0447775538836,1.25000000000066));
#10067=CARTESIAN_POINT('Ctrl Pts',(27.2193369537896,60.3048510964785,1.25000000000066));
#10068=CARTESIAN_POINT('',(27.2193369537896,60.3048510964785,1.65000000000066));
#10069=CARTESIAN_POINT('Ctrl Pts',(27.2193369537896,60.3048510964785,1.65000000000066));
#10070=CARTESIAN_POINT('Ctrl Pts',(27.3969921738213,60.0447775538836,1.65000000000066));
#10071=CARTESIAN_POINT('Ctrl Pts',(27.70101877752,59.9348874505434,1.65000000000066));
#10072=CARTESIAN_POINT('',(27.2193369537896,60.3048510964785,1.25000000000066));
#10073=CARTESIAN_POINT('Ctrl Pts',(27.0416817337578,60.9458764012728,1.25000000000066));
#10074=CARTESIAN_POINT('Ctrl Pts',(27.0416817337578,60.9458764012728,1.65000000000066));
#10075=CARTESIAN_POINT('Ctrl Pts',(27.0416817337578,60.5649240430269,1.25000000000066));
#10076=CARTESIAN_POINT('Ctrl Pts',(27.0416817337578,60.5649240430269,1.65000000000066));
#10077=CARTESIAN_POINT('Ctrl Pts',(27.2193369537896,60.3048510964785,1.25000000000066));
#10078=CARTESIAN_POINT('Ctrl Pts',(27.2193369537896,60.3048510964785,1.65000000000066));
#10079=CARTESIAN_POINT('',(27.0416817337578,60.9458764012728,1.25000000000066));
#10080=CARTESIAN_POINT('Ctrl Pts',(27.2193369537896,60.3048510964785,1.25000000000066));
#10081=CARTESIAN_POINT('Ctrl Pts',(27.0416817337578,60.5649240430269,1.25000000000066));
#10082=CARTESIAN_POINT('Ctrl Pts',(27.0416817337578,60.9458764012728,1.25000000000066));
#10083=CARTESIAN_POINT('',(27.0416817337578,60.9458764012728,1.65000000000066));
#10084=CARTESIAN_POINT('Ctrl Pts',(27.0416817337578,60.9458764012728,1.65000000000066));
#10085=CARTESIAN_POINT('Ctrl Pts',(27.0416817337578,60.5649240430269,1.65000000000066));
#10086=CARTESIAN_POINT('Ctrl Pts',(27.2193369537896,60.3048510964785,1.65000000000066));
#10087=CARTESIAN_POINT('',(27.0416817337578,60.9458764012728,1.25000000000066));
#10088=CARTESIAN_POINT('Ctrl Pts',(27.4757465988701,61.8762792762194,1.25000000000066));
#10089=CARTESIAN_POINT('Ctrl Pts',(27.4757465988701,61.8762792762194,1.65000000000066));
#10090=CARTESIAN_POINT('Ctrl Pts',(27.0416817337578,61.5173049386416,1.25000000000066));
#10091=CARTESIAN_POINT('Ctrl Pts',(27.0416817337578,61.5173049386416,1.65000000000066));
#10092=CARTESIAN_POINT('Ctrl Pts',(27.0416817337578,60.9458764012728,1.25000000000066));
#10093=CARTESIAN_POINT('Ctrl Pts',(27.0416817337578,60.9458764012728,1.65000000000066));
#10094=CARTESIAN_POINT('',(27.4757465988701,61.8762792762194,1.25000000000066));
#10095=CARTESIAN_POINT('Ctrl Pts',(27.0416817337578,60.9458764012728,1.25000000000066));
#10096=CARTESIAN_POINT('Ctrl Pts',(27.0416817337578,61.5173049386416,1.25000000000066));
#10097=CARTESIAN_POINT('Ctrl Pts',(27.4757465988701,61.8762792762194,1.25000000000066));
#10098=CARTESIAN_POINT('',(27.4757465988701,61.8762792762194,1.65000000000066));
#10099=CARTESIAN_POINT('Ctrl Pts',(27.4757465988701,61.8762792762194,1.65000000000066));
#10100=CARTESIAN_POINT('Ctrl Pts',(27.0416817337578,61.5173049386416,1.65000000000066));
#10101=CARTESIAN_POINT('Ctrl Pts',(27.0416817337578,60.9458764012728,1.65000000000066));
#10102=CARTESIAN_POINT('',(27.4757465988701,61.8762792762194,1.25000000000066));
#10103=CARTESIAN_POINT('Ctrl Pts',(28.6900314957207,62.2352542098437,1.25000000000066));
#10104=CARTESIAN_POINT('Ctrl Pts',(28.6900314957207,62.2352542098437,1.65000000000066));
#10105=CARTESIAN_POINT('Ctrl Pts',(27.9098114639824,62.2352542098437,1.25000000000066));
#10106=CARTESIAN_POINT('Ctrl Pts',(27.9098114639824,62.2352542098437,1.65000000000066));
#10107=CARTESIAN_POINT('Ctrl Pts',(27.4757465988701,61.8762792762194,1.25000000000066));
#10108=CARTESIAN_POINT('Ctrl Pts',(27.4757465988701,61.8762792762194,1.65000000000066));
#10109=CARTESIAN_POINT('',(28.6900314957207,62.2352542098437,1.25000000000066));
#10110=CARTESIAN_POINT('Ctrl Pts',(27.4757465988701,61.8762792762194,1.25000000000066));
#10111=CARTESIAN_POINT('Ctrl Pts',(27.9098114639824,62.2352542098437,1.25000000000066));
#10112=CARTESIAN_POINT('Ctrl Pts',(28.6900314957207,62.2352542098437,1.25000000000066));
#10113=CARTESIAN_POINT('',(28.6900314957207,62.2352542098437,1.65000000000066));
#10114=CARTESIAN_POINT('Ctrl Pts',(28.6900314957207,62.2352542098437,1.65000000000066));
#10115=CARTESIAN_POINT('Ctrl Pts',(27.9098114639824,62.2352542098437,1.65000000000066));
#10116=CARTESIAN_POINT('Ctrl Pts',(27.4757465988701,61.8762792762194,1.65000000000066));
#10117=CARTESIAN_POINT('',(28.6900314957207,62.2352542098437,1.25000000000066));
#10118=CARTESIAN_POINT('Ctrl Pts',(30.3786763817375,61.1400158818636,1.25000000000066));
#10119=CARTESIAN_POINT('Ctrl Pts',(30.3786763817375,61.1400158818636,1.65000000000066));
#10120=CARTESIAN_POINT('Ctrl Pts',(30.1039514214104,62.2352542098437,1.25000000000066));
#10121=CARTESIAN_POINT('Ctrl Pts',(30.1039514214104,62.2352542098437,1.65000000000066));
#10122=CARTESIAN_POINT('Ctrl Pts',(28.6900314957207,62.2352542098437,1.25000000000066));
#10123=CARTESIAN_POINT('Ctrl Pts',(28.6900314957207,62.2352542098437,1.65000000000066));
#10124=CARTESIAN_POINT('',(30.3786763817375,61.1400158818636,1.25000000000066));
#10125=CARTESIAN_POINT('Ctrl Pts',(28.6900314957207,62.2352542098437,1.25000000000066));
#10126=CARTESIAN_POINT('Ctrl Pts',(30.1039514214104,62.2352542098437,1.25000000000066));
#10127=CARTESIAN_POINT('Ctrl Pts',(30.3786763817375,61.1400158818636,1.25000000000066));
#10128=CARTESIAN_POINT('',(30.3786763817375,61.1400158818636,1.65000000000066));
#10129=CARTESIAN_POINT('Ctrl Pts',(30.3786763817375,61.1400158818636,1.65000000000066));
#10130=CARTESIAN_POINT('Ctrl Pts',(30.1039514214104,62.2352542098437,1.65000000000066));
#10131=CARTESIAN_POINT('Ctrl Pts',(28.6900314957207,62.2352542098437,1.65000000000066));
#10132=CARTESIAN_POINT('',(30.3786763817375,61.1400158818636,1.25000000000066));
#10133=CARTESIAN_POINT('Origin',(29.4592628151482,61.0044844563875,1.25000000000066));
#10134=CARTESIAN_POINT('',(29.4592628151482,61.0044844563875,1.25000000000066));
#10135=CARTESIAN_POINT('',(30.3786763817375,61.1400158818636,1.25000000000066));
#10136=CARTESIAN_POINT('',(29.4592628151482,61.0044844563875,1.65000000000066));
#10137=CARTESIAN_POINT('',(30.3786763817375,61.1400158818636,1.65000000000066));
#10138=CARTESIAN_POINT('',(29.4592628151482,61.0044844563875,1.25000000000066));
#10139=CARTESIAN_POINT('Ctrl Pts',(28.6387500435417,61.5026529248629,1.25000000000066));
#10140=CARTESIAN_POINT('Ctrl Pts',(28.6387500435417,61.5026529248629,1.65000000000066));
#10141=CARTESIAN_POINT('Ctrl Pts',(29.3457111984795,61.5026529248629,1.25000000000066));
#10142=CARTESIAN_POINT('Ctrl Pts',(29.3457111984795,61.5026529248629,1.65000000000066));
#10143=CARTESIAN_POINT('Ctrl Pts',(29.4592628151482,61.0044844563875,1.25000000000066));
#10144=CARTESIAN_POINT('Ctrl Pts',(29.4592628151482,61.0044844563875,1.65000000000066));
#10145=CARTESIAN_POINT('',(28.6387500435417,61.5026529248629,1.25000000000066));
#10146=CARTESIAN_POINT('Ctrl Pts',(29.4592628151482,61.0044844563875,1.25000000000066));
#10147=CARTESIAN_POINT('Ctrl Pts',(29.3457111984795,61.5026529248629,1.25000000000066));
#10148=CARTESIAN_POINT('Ctrl Pts',(28.6387500435417,61.5026529248629,1.25000000000066));
#10149=CARTESIAN_POINT('',(28.6387500435417,61.5026529248629,1.65000000000066));
#10150=CARTESIAN_POINT('Ctrl Pts',(28.6387500435417,61.5026529248629,1.65000000000066));
#10151=CARTESIAN_POINT('Ctrl Pts',(29.3457111984795,61.5026529248629,1.65000000000066));
#10152=CARTESIAN_POINT('Ctrl Pts',(29.4592628151482,61.0044844563875,1.65000000000066));
#10153=CARTESIAN_POINT('',(28.6387500435417,61.5026529248629,1.25000000000066));
#10154=CARTESIAN_POINT('Ctrl Pts',(28.1808743149346,61.405354898778,1.25000000000066));
#10155=CARTESIAN_POINT('Ctrl Pts',(28.1808743149346,61.405354898778,1.65000000000066));
#10156=CARTESIAN_POINT('Ctrl Pts',(28.3676871925896,61.5026529248629,1.25000000000066));
#10157=CARTESIAN_POINT('Ctrl Pts',(28.3676871925896,61.5026529248629,1.65000000000066));
#10158=CARTESIAN_POINT('Ctrl Pts',(28.6387500435417,61.5026529248629,1.25000000000066));
#10159=CARTESIAN_POINT('Ctrl Pts',(28.6387500435417,61.5026529248629,1.65000000000066));
#10160=CARTESIAN_POINT('',(28.1808743149346,61.405354898778,1.25000000000066));
#10161=CARTESIAN_POINT('Ctrl Pts',(28.6387500435417,61.5026529248629,1.25000000000066));
#10162=CARTESIAN_POINT('Ctrl Pts',(28.3676871925896,61.5026529248629,1.25000000000066));
#10163=CARTESIAN_POINT('Ctrl Pts',(28.1808743149346,61.405354898778,1.25000000000066));
#10164=CARTESIAN_POINT('',(28.1808743149346,61.405354898778,1.65000000000066));
#10165=CARTESIAN_POINT('Ctrl Pts',(28.1808743149346,61.405354898778,1.65000000000066));
#10166=CARTESIAN_POINT('Ctrl Pts',(28.3676871925896,61.5026529248629,1.65000000000066));
#10167=CARTESIAN_POINT('Ctrl Pts',(28.6387500435417,61.5026529248629,1.65000000000066));
#10168=CARTESIAN_POINT('',(28.1808743149346,61.405354898778,1.25000000000066));
#10169=CARTESIAN_POINT('Ctrl Pts',(27.9940638214653,61.1428202804003,1.25000000000066));
#10170=CARTESIAN_POINT('Ctrl Pts',(27.9940638214653,61.1428202804003,1.65000000000066));
#10171=CARTESIAN_POINT('Ctrl Pts',(27.9940638214653,61.3080562766466,1.25000000000066));
#10172=CARTESIAN_POINT('Ctrl Pts',(27.9940638214653,61.3080562766466,1.65000000000066));
#10173=CARTESIAN_POINT('Ctrl Pts',(28.1808743149346,61.405354898778,1.25000000000066));
#10174=CARTESIAN_POINT('Ctrl Pts',(28.1808743149346,61.405354898778,1.65000000000066));
#10175=CARTESIAN_POINT('',(27.9940638214653,61.1428202804003,1.25000000000066));
#10176=CARTESIAN_POINT('Ctrl Pts',(28.1808743149346,61.405354898778,1.25000000000066));
#10177=CARTESIAN_POINT('Ctrl Pts',(27.9940638214653,61.3080562766466,1.25000000000066));
#10178=CARTESIAN_POINT('Ctrl Pts',(27.9940638214653,61.1428202804003,1.25000000000066));
#10179=CARTESIAN_POINT('',(27.9940638214653,61.1428202804003,1.65000000000066));
#10180=CARTESIAN_POINT('Ctrl Pts',(27.9940638214653,61.1428202804003,1.65000000000066));
#10181=CARTESIAN_POINT('Ctrl Pts',(27.9940638214653,61.3080562766466,1.65000000000066));
#10182=CARTESIAN_POINT('Ctrl Pts',(28.1808743149346,61.405354898778,1.65000000000066));
#10183=CARTESIAN_POINT('',(27.9940638214653,61.1428202804003,1.25000000000066));
#10184=CARTESIAN_POINT('Ctrl Pts',(28.4078678757256,60.8385618146334,1.25000000000066));
#10185=CARTESIAN_POINT('Ctrl Pts',(28.4078678757256,60.8385618146334,1.65000000000066));
#10186=CARTESIAN_POINT('Ctrl Pts',(27.9938921600884,60.8857806142245,1.25000000000066));
#10187=CARTESIAN_POINT('Ctrl Pts',(27.9938921600884,60.8857806142245,1.65000000000066));
#10188=CARTESIAN_POINT('Ctrl Pts',(27.9940638214653,61.1428202804003,1.25000000000066));
#10189=CARTESIAN_POINT('Ctrl Pts',(27.9940638214653,61.1428202804003,1.65000000000066));
#10190=CARTESIAN_POINT('',(28.4078678757256,60.8385618146334,1.25000000000066));
#10191=CARTESIAN_POINT('Ctrl Pts',(27.9940638214653,61.1428202804003,1.25000000000066));
#10192=CARTESIAN_POINT('Ctrl Pts',(27.9938921600884,60.8857806142245,1.25000000000066));
#10193=CARTESIAN_POINT('Ctrl Pts',(28.4078678757256,60.8385618146334,1.25000000000066));
#10194=CARTESIAN_POINT('',(28.4078678757256,60.8385618146334,1.65000000000066));
#10195=CARTESIAN_POINT('Ctrl Pts',(28.4078678757256,60.8385618146334,1.65000000000066));
#10196=CARTESIAN_POINT('Ctrl Pts',(27.9938921600884,60.8857806142245,1.65000000000066));
#10197=CARTESIAN_POINT('Ctrl Pts',(27.9940638214653,61.1428202804003,1.65000000000066));
#10198=CARTESIAN_POINT('',(28.4078678757256,60.8385618146334,1.25000000000066));
#10199=CARTESIAN_POINT('Ctrl Pts',(29.8823389679497,60.4092468436632,1.25000000000066));
#10200=CARTESIAN_POINT('Ctrl Pts',(29.8823389679497,60.4092468436632,1.65000000000066));
#10201=CARTESIAN_POINT('Ctrl Pts',(29.5288595825737,60.700455468503,1.25000000000066));
#10202=CARTESIAN_POINT('Ctrl Pts',(29.5288595825737,60.700455468503,1.65000000000066));
#10203=CARTESIAN_POINT('Ctrl Pts',(28.4078678757256,60.8385618146334,1.25000000000066));
#10204=CARTESIAN_POINT('Ctrl Pts',(28.4078678757256,60.8385618146334,1.65000000000066));
#10205=CARTESIAN_POINT('',(29.8823389679497,60.4092468436632,1.25000000000066));
#10206=CARTESIAN_POINT('Ctrl Pts',(28.4078678757256,60.8385618146334,1.25000000000066));
#10207=CARTESIAN_POINT('Ctrl Pts',(29.5288595825737,60.700455468503,1.25000000000066));
#10208=CARTESIAN_POINT('Ctrl Pts',(29.8823389679497,60.4092468436632,1.25000000000066));
#10209=CARTESIAN_POINT('',(29.8823389679497,60.4092468436632,1.65000000000066));
#10210=CARTESIAN_POINT('Ctrl Pts',(29.8823389679497,60.4092468436632,1.65000000000066));
#10211=CARTESIAN_POINT('Ctrl Pts',(29.5288595825737,60.700455468503,1.65000000000066));
#10212=CARTESIAN_POINT('Ctrl Pts',(28.4078678757256,60.8385618146334,1.65000000000066));
#10213=CARTESIAN_POINT('',(29.8823389679497,60.4092468436632,1.25000000000066));
#10214=CARTESIAN_POINT('Ctrl Pts',(30.2358183533257,59.5978911336336,1.25000000000066));
#10215=CARTESIAN_POINT('Ctrl Pts',(30.2358183533257,59.5978911336336,1.65000000000066));
#10216=CARTESIAN_POINT('Ctrl Pts',(30.2358183533257,60.118037622777,1.25000000000066));
#10217=CARTESIAN_POINT('Ctrl Pts',(30.2358183533257,60.118037622777,1.65000000000066));
#10218=CARTESIAN_POINT('Ctrl Pts',(29.8823389679497,60.4092468436632,1.25000000000066));
#10219=CARTESIAN_POINT('Ctrl Pts',(29.8823389679497,60.4092468436632,1.65000000000066));
#10220=CARTESIAN_POINT('',(30.2358183533257,59.5978911336336,1.25000000000066));
#10221=CARTESIAN_POINT('Ctrl Pts',(29.8823389679497,60.4092468436632,1.25000000000066));
#10222=CARTESIAN_POINT('Ctrl Pts',(30.2358183533257,60.118037622777,1.25000000000066));
#10223=CARTESIAN_POINT('Ctrl Pts',(30.2358183533257,59.5978911336336,1.25000000000066));
#10224=CARTESIAN_POINT('',(30.2358183533257,59.5978911336336,1.65000000000066));
#10225=CARTESIAN_POINT('Ctrl Pts',(30.2358183533257,59.5978911336336,1.65000000000066));
#10226=CARTESIAN_POINT('Ctrl Pts',(30.2358183533257,60.118037622777,1.65000000000066));
#10227=CARTESIAN_POINT('Ctrl Pts',(29.8823389679497,60.4092468436632,1.65000000000066));
#10228=CARTESIAN_POINT('',(30.2358183533257,59.5978911336336,1.25000000000066));
#10229=CARTESIAN_POINT('Ctrl Pts',(29.8255619675225,58.7260963138018,1.25000000000066));
#10230=CARTESIAN_POINT('Ctrl Pts',(29.8255619675225,58.7260963138018,1.65000000000066));
#10231=CARTESIAN_POINT('Ctrl Pts',(30.2358183533257,59.0704186376009,1.25000000000066));
#10232=CARTESIAN_POINT('Ctrl Pts',(30.2358183533257,59.0704186376009,1.65000000000066));
#10233=CARTESIAN_POINT('Ctrl Pts',(30.2358183533257,59.5978911336336,1.25000000000066));
#10234=CARTESIAN_POINT('Ctrl Pts',(30.2358183533257,59.5978911336336,1.65000000000066));
#10235=CARTESIAN_POINT('',(29.8255619675225,58.7260963138018,1.25000000000066));
#10236=CARTESIAN_POINT('Ctrl Pts',(30.2358183533257,59.5978911336336,1.25000000000066));
#10237=CARTESIAN_POINT('Ctrl Pts',(30.2358183533257,59.0704186376009,1.25000000000066));
#10238=CARTESIAN_POINT('Ctrl Pts',(29.8255619675225,58.7260963138018,1.25000000000066));
#10239=CARTESIAN_POINT('',(29.8255619675225,58.7260963138018,1.65000000000066));
#10240=CARTESIAN_POINT('Ctrl Pts',(29.8255619675225,58.7260963138018,1.65000000000066));
#10241=CARTESIAN_POINT('Ctrl Pts',(30.2358183533257,59.0704186376009,1.65000000000066));
#10242=CARTESIAN_POINT('Ctrl Pts',(30.2358183533257,59.5978911336336,1.65000000000066));
#10243=CARTESIAN_POINT('',(29.8255619675225,58.7260963138018,1.25000000000066));
#10244=CARTESIAN_POINT('Ctrl Pts',(28.6753806740349,58.3817739900026,1.25000000000066));
#10245=CARTESIAN_POINT('Ctrl Pts',(28.6753806740349,58.3817739900026,1.65000000000066));
#10246=CARTESIAN_POINT('Ctrl Pts',(29.4153055817192,58.3817739900026,1.25000000000066));
#10247=CARTESIAN_POINT('Ctrl Pts',(29.4153055817192,58.3817739900026,1.65000000000066));
#10248=CARTESIAN_POINT('Ctrl Pts',(29.8255619675225,58.7260963138018,1.25000000000066));
#10249=CARTESIAN_POINT('Ctrl Pts',(29.8255619675225,58.7260963138018,1.65000000000066));
#10250=CARTESIAN_POINT('',(28.6753806740349,58.3817739900026,1.25000000000066));
#10251=CARTESIAN_POINT('Ctrl Pts',(29.8255619675225,58.7260963138018,1.25000000000066));
#10252=CARTESIAN_POINT('Ctrl Pts',(29.4153055817192,58.3817739900026,1.25000000000066));
#10253=CARTESIAN_POINT('Ctrl Pts',(28.6753806740349,58.3817739900026,1.25000000000066));
#10254=CARTESIAN_POINT('',(28.6753806740349,58.3817739900026,1.65000000000066));
#10255=CARTESIAN_POINT('Ctrl Pts',(28.6753806740349,58.3817739900026,1.65000000000066));
#10256=CARTESIAN_POINT('Ctrl Pts',(29.4153055817192,58.3817739900026,1.65000000000066));
#10257=CARTESIAN_POINT('Ctrl Pts',(29.8255619675225,58.7260963138018,1.65000000000066));
#10258=CARTESIAN_POINT('',(28.6753806740349,58.3817739900026,1.25000000000066));
#10259=CARTESIAN_POINT('Ctrl Pts',(27.7376494080132,58.612543207017,1.25000000000066));
#10260=CARTESIAN_POINT('Ctrl Pts',(27.7376494080132,58.612543207017,1.65000000000066));
#10261=CARTESIAN_POINT('Ctrl Pts',(28.0892977387017,58.3817739900026,1.25000000000066));
#10262=CARTESIAN_POINT('Ctrl Pts',(28.0892977387017,58.3817739900026,1.65000000000066));
#10263=CARTESIAN_POINT('Ctrl Pts',(28.6753806740349,58.3817739900026,1.25000000000066));
#10264=CARTESIAN_POINT('Ctrl Pts',(28.6753806740349,58.3817739900026,1.65000000000066));
#10265=CARTESIAN_POINT('',(27.7376494080132,58.612543207017,1.25000000000066));
#10266=CARTESIAN_POINT('Ctrl Pts',(28.6753806740349,58.3817739900026,1.25000000000066));
#10267=CARTESIAN_POINT('Ctrl Pts',(28.0892977387017,58.3817739900026,1.25000000000066));
#10268=CARTESIAN_POINT('Ctrl Pts',(27.7376494080132,58.612543207017,1.25000000000066));
#10269=CARTESIAN_POINT('',(27.7376494080132,58.612543207017,1.65000000000066));
#10270=CARTESIAN_POINT('Ctrl Pts',(27.7376494080132,58.612543207017,1.65000000000066));
#10271=CARTESIAN_POINT('Ctrl Pts',(28.0892977387017,58.3817739900026,1.65000000000066));
#10272=CARTESIAN_POINT('Ctrl Pts',(28.6753806740349,58.3817739900026,1.65000000000066));
#10273=CARTESIAN_POINT('',(27.7376494080132,58.612543207017,1.25000000000066));
#10274=CARTESIAN_POINT('Ctrl Pts',(27.1991905838555,59.3524696048174,1.25000000000066));
#10275=CARTESIAN_POINT('Ctrl Pts',(27.1991905838555,59.3524696048174,1.65000000000066));
#10276=CARTESIAN_POINT('Ctrl Pts',(27.3860010773247,58.8433124240313,1.25000000000066));
#10277=CARTESIAN_POINT('Ctrl Pts',(27.3860010773247,58.8433124240313,1.65000000000066));
#10278=CARTESIAN_POINT('Ctrl Pts',(27.7376494080132,58.612543207017,1.25000000000066));
#10279=CARTESIAN_POINT('Ctrl Pts',(27.7376494080132,58.612543207017,1.65000000000066));
#10280=CARTESIAN_POINT('Ctrl Pts',(27.7376494080132,58.612543207017,1.25000000000066));
#10281=CARTESIAN_POINT('Ctrl Pts',(27.3860010773247,58.8433124240313,1.25000000000066));
#10282=CARTESIAN_POINT('Ctrl Pts',(27.1991905838555,59.3524696048174,1.25000000000066));
#10283=CARTESIAN_POINT('Ctrl Pts',(27.1991905838555,59.3524696048174,1.65000000000066));
#10284=CARTESIAN_POINT('Ctrl Pts',(27.3860010773247,58.8433124240313,1.65000000000066));
#10285=CARTESIAN_POINT('Ctrl Pts',(27.7376494080132,58.612543207017,1.65000000000066));
#10286=CARTESIAN_POINT('Origin',(24.8072502285546,59.6583311375055,1.65000000000066));
#10287=CARTESIAN_POINT('Origin',(24.8072502285546,59.6583311375055,1.25000000000066));
#10288=CARTESIAN_POINT('Origin',(34.931791749627,60.7260961945925,1.25000000000066));
#10289=CARTESIAN_POINT('',(34.931791749627,57.1583308394823,1.25000000000066));
#10290=CARTESIAN_POINT('',(34.931791749627,60.7260961945925,1.25000000000066));
#10291=CARTESIAN_POINT('',(34.931791749627,57.1583308394823,1.25000000000066));
#10292=CARTESIAN_POINT('',(34.931791749627,57.1583308394823,1.65000000000066));
#10293=CARTESIAN_POINT('',(34.931791749627,57.1583308394823,1.25000000000066));
#10294=CARTESIAN_POINT('',(34.931791749627,60.7260961945925,1.65000000000066));
#10295=CARTESIAN_POINT('',(34.931791749627,57.1583308394823,1.65000000000066));
#10296=CARTESIAN_POINT('',(34.931791749627,60.7260961945925,1.25000000000066));
#10297=CARTESIAN_POINT('Ctrl Pts',(35.2962598473137,61.8616272624407,1.25000000000066));
#10298=CARTESIAN_POINT('Ctrl Pts',(35.2962598473137,61.8616272624407,1.65000000000066));
#10299=CARTESIAN_POINT('Ctrl Pts',(34.931791749627,61.4880009110842,1.25000000000066));
#10300=CARTESIAN_POINT('Ctrl Pts',(34.931791749627,61.4880009110842,1.65000000000066));
#10301=CARTESIAN_POINT('Ctrl Pts',(34.931791749627,60.7260961945925,1.25000000000066));
#10302=CARTESIAN_POINT('Ctrl Pts',(34.931791749627,60.7260961945925,1.65000000000066));
#10303=CARTESIAN_POINT('',(35.2962598473137,61.8616272624407,1.25000000000066));
#10304=CARTESIAN_POINT('Ctrl Pts',(34.931791749627,60.7260961945925,1.25000000000066));
#10305=CARTESIAN_POINT('Ctrl Pts',(34.931791749627,61.4880009110842,1.25000000000066));
#10306=CARTESIAN_POINT('Ctrl Pts',(35.2962598473137,61.8616272624407,1.25000000000066));
#10307=CARTESIAN_POINT('',(35.2962598473137,61.8616272624407,1.65000000000066));
#10308=CARTESIAN_POINT('Ctrl Pts',(35.2962598473137,61.8616272624407,1.65000000000066));
#10309=CARTESIAN_POINT('Ctrl Pts',(34.931791749627,61.4880009110842,1.65000000000066));
#10310=CARTESIAN_POINT('Ctrl Pts',(34.931791749627,60.7260961945925,1.65000000000066));
#10311=CARTESIAN_POINT('',(35.2962598473137,61.8616272624407,1.25000000000066));
#10312=CARTESIAN_POINT('Ctrl Pts',(36.4958939224785,62.2352542098437,1.25000000000066));
#10313=CARTESIAN_POINT('Ctrl Pts',(36.4958939224785,62.2352542098437,1.65000000000066));
#10314=CARTESIAN_POINT('Ctrl Pts',(35.6607279450005,62.2352542098437,1.25000000000066));
#10315=CARTESIAN_POINT('Ctrl Pts',(35.6607279450005,62.2352542098437,1.65000000000066));
#10316=CARTESIAN_POINT('Ctrl Pts',(35.2962598473137,61.8616272624407,1.25000000000066));
#10317=CARTESIAN_POINT('Ctrl Pts',(35.2962598473137,61.8616272624407,1.65000000000066));
#10318=CARTESIAN_POINT('',(36.4958939224785,62.2352542098437,1.25000000000066));
#10319=CARTESIAN_POINT('Ctrl Pts',(35.2962598473137,61.8616272624407,1.25000000000066));
#10320=CARTESIAN_POINT('Ctrl Pts',(35.6607279450005,62.2352542098437,1.25000000000066));
#10321=CARTESIAN_POINT('Ctrl Pts',(36.4958939224785,62.2352542098437,1.25000000000066));
#10322=CARTESIAN_POINT('',(36.4958939224785,62.2352542098437,1.65000000000066));
#10323=CARTESIAN_POINT('Ctrl Pts',(36.4958939224785,62.2352542098437,1.65000000000066));
#10324=CARTESIAN_POINT('Ctrl Pts',(35.6607279450005,62.2352542098437,1.65000000000066));
#10325=CARTESIAN_POINT('Ctrl Pts',(35.2962598473137,61.8616272624407,1.65000000000066));
#10326=CARTESIAN_POINT('',(36.4958939224785,62.2352542098437,1.25000000000066));
#10327=CARTESIAN_POINT('Ctrl Pts',(37.2871026665276,62.1583308394823,1.25000000000066));
#10328=CARTESIAN_POINT('Ctrl Pts',(37.2871026665276,62.1583308394823,1.65000000000066));
#10329=CARTESIAN_POINT('Ctrl Pts',(36.8621930748528,62.2352542098437,1.25000000000066));
#10330=CARTESIAN_POINT('Ctrl Pts',(36.8621930748528,62.2352542098437,1.65000000000066));
#10331=CARTESIAN_POINT('Ctrl Pts',(36.4958939224785,62.2352542098437,1.25000000000066));
#10332=CARTESIAN_POINT('Ctrl Pts',(36.4958939224785,62.2352542098437,1.65000000000066));
#10333=CARTESIAN_POINT('',(37.2871026665276,62.1583308394823,1.25000000000066));
#10334=CARTESIAN_POINT('Ctrl Pts',(36.4958939224785,62.2352542098437,1.25000000000066));
#10335=CARTESIAN_POINT('Ctrl Pts',(36.8621930748528,62.2352542098437,1.25000000000066));
#10336=CARTESIAN_POINT('Ctrl Pts',(37.2871026665276,62.1583308394823,1.25000000000066));
#10337=CARTESIAN_POINT('',(37.2871026665276,62.1583308394823,1.65000000000066));
#10338=CARTESIAN_POINT('Ctrl Pts',(37.2871026665276,62.1583308394823,1.65000000000066));
#10339=CARTESIAN_POINT('Ctrl Pts',(36.8621930748528,62.2352542098437,1.65000000000066));
#10340=CARTESIAN_POINT('Ctrl Pts',(36.4958939224785,62.2352542098437,1.65000000000066));
#10341=CARTESIAN_POINT('',(37.2871026665276,62.1583308394823,1.25000000000066));
#10342=CARTESIAN_POINT('Origin',(37.2871026665276,61.1876346286211,1.25000000000066));
#10343=CARTESIAN_POINT('',(37.2871026665276,61.1876346286211,1.25000000000066));
#10344=CARTESIAN_POINT('',(37.2871026665276,62.1583308394823,1.25000000000066));
#10345=CARTESIAN_POINT('',(37.2871026665276,61.1876346286211,1.65000000000066));
#10346=CARTESIAN_POINT('',(37.2871026665276,62.1583308394823,1.65000000000066));
#10347=CARTESIAN_POINT('',(37.2871026665276,61.1876346286211,1.25000000000066));
#10348=CARTESIAN_POINT('Ctrl Pts',(36.6900334030693,61.2462426837359,1.25000000000066));
#10349=CARTESIAN_POINT('Ctrl Pts',(36.6900334030693,61.2462426837359,1.65000000000066));
#10350=CARTESIAN_POINT('Ctrl Pts',(36.9391164452141,61.2462426837359,1.25000000000066));
#10351=CARTESIAN_POINT('Ctrl Pts',(36.9391164452141,61.2462426837359,1.65000000000066));
#10352=CARTESIAN_POINT('Ctrl Pts',(37.2871026665276,61.1876346286211,1.25000000000066));
#10353=CARTESIAN_POINT('Ctrl Pts',(37.2871026665276,61.1876346286211,1.65000000000066));
#10354=CARTESIAN_POINT('',(36.6900334030693,61.2462426837359,1.25000000000066));
#10355=CARTESIAN_POINT('Ctrl Pts',(37.2871026665276,61.1876346286211,1.25000000000066));
#10356=CARTESIAN_POINT('Ctrl Pts',(36.9391164452141,61.2462426837359,1.25000000000066));
#10357=CARTESIAN_POINT('Ctrl Pts',(36.6900334030693,61.2462426837359,1.25000000000066));
#10358=CARTESIAN_POINT('',(36.6900334030693,61.2462426837359,1.65000000000066));
#10359=CARTESIAN_POINT('Ctrl Pts',(36.6900334030693,61.2462426837359,1.65000000000066));
#10360=CARTESIAN_POINT('Ctrl Pts',(36.9391164452141,61.2462426837359,1.65000000000066));
#10361=CARTESIAN_POINT('Ctrl Pts',(37.2871026665276,61.1876346286211,1.65000000000066));
#10362=CARTESIAN_POINT('',(36.6900334030693,61.2462426837359,1.25000000000066));
#10363=CARTESIAN_POINT('Ctrl Pts',(36.3438782364434,61.167488258687,1.25000000000066));
#10364=CARTESIAN_POINT('Ctrl Pts',(36.3438782364434,61.167488258687,1.65000000000066));
#10365=CARTESIAN_POINT('Ctrl Pts',(36.4702520042961,61.2462426837359,1.25000000000066));
#10366=CARTESIAN_POINT('Ctrl Pts',(36.4702520042961,61.2462426837359,1.65000000000066));
#10367=CARTESIAN_POINT('Ctrl Pts',(36.6900334030693,61.2462426837359,1.25000000000066));
#10368=CARTESIAN_POINT('Ctrl Pts',(36.6900334030693,61.2462426837359,1.65000000000066));
#10369=CARTESIAN_POINT('',(36.3438782364434,61.167488258687,1.25000000000066));
#10370=CARTESIAN_POINT('Ctrl Pts',(36.6900334030693,61.2462426837359,1.25000000000066));
#10371=CARTESIAN_POINT('Ctrl Pts',(36.4702520042961,61.2462426837359,1.25000000000066));
#10372=CARTESIAN_POINT('Ctrl Pts',(36.3438782364434,61.167488258687,1.25000000000066));
#10373=CARTESIAN_POINT('',(36.3438782364434,61.167488258687,1.65000000000066));
#10374=CARTESIAN_POINT('Ctrl Pts',(36.3438782364434,61.167488258687,1.65000000000066));
#10375=CARTESIAN_POINT('Ctrl Pts',(36.4702520042961,61.2462426837359,1.65000000000066));
#10376=CARTESIAN_POINT('Ctrl Pts',(36.6900334030693,61.2462426837359,1.65000000000066));
#10377=CARTESIAN_POINT('',(36.3438782364434,61.167488258687,1.25000000000066));
#10378=CARTESIAN_POINT('Ctrl Pts',(36.1588964134758,60.9751804288302,1.25000000000066));
#10379=CARTESIAN_POINT('Ctrl Pts',(36.1588964134758,60.9751804288302,1.65000000000066));
#10380=CARTESIAN_POINT('Ctrl Pts',(36.2175044685906,61.0887338336382,1.25000000000066));
#10381=CARTESIAN_POINT('Ctrl Pts',(36.2175044685906,61.0887338336382,1.65000000000066));
#10382=CARTESIAN_POINT('Ctrl Pts',(36.3438782364434,61.167488258687,1.25000000000066));
#10383=CARTESIAN_POINT('Ctrl Pts',(36.3438782364434,61.167488258687,1.65000000000066));
#10384=CARTESIAN_POINT('',(36.1588964134758,60.9751804288302,1.25000000000066));
#10385=CARTESIAN_POINT('Ctrl Pts',(36.3438782364434,61.167488258687,1.25000000000066));
#10386=CARTESIAN_POINT('Ctrl Pts',(36.2175044685906,61.0887338336382,1.25000000000066));
#10387=CARTESIAN_POINT('Ctrl Pts',(36.1588964134758,60.9751804288302,1.25000000000066));
#10388=CARTESIAN_POINT('',(36.1588964134758,60.9751804288302,1.65000000000066));
#10389=CARTESIAN_POINT('Ctrl Pts',(36.1588964134758,60.9751804288302,1.65000000000066));
#10390=CARTESIAN_POINT('Ctrl Pts',(36.2175044685906,61.0887338336382,1.65000000000066));
#10391=CARTESIAN_POINT('Ctrl Pts',(36.3438782364434,61.167488258687,1.65000000000066));
#10392=CARTESIAN_POINT('',(36.1588964134758,60.9751804288302,1.25000000000066));
#10393=CARTESIAN_POINT('Ctrl Pts',(36.1002883583611,60.5795760568056,1.25000000000066));
#10394=CARTESIAN_POINT('Ctrl Pts',(36.1002883583611,60.5795760568056,1.65000000000066));
#10395=CARTESIAN_POINT('Ctrl Pts',(36.1002883583611,60.8616276200686,1.25000000000066));
#10396=CARTESIAN_POINT('Ctrl Pts',(36.1002883583611,60.8616276200686,1.65000000000066));
#10397=CARTESIAN_POINT('Ctrl Pts',(36.1588964134758,60.9751804288302,1.25000000000066));
#10398=CARTESIAN_POINT('Ctrl Pts',(36.1588964134758,60.9751804288302,1.65000000000066));
#10399=CARTESIAN_POINT('',(36.1002883583611,60.5795760568056,1.25000000000066));
#10400=CARTESIAN_POINT('Ctrl Pts',(36.1588964134758,60.9751804288302,1.25000000000066));
#10401=CARTESIAN_POINT('Ctrl Pts',(36.1002883583611,60.8616276200686,1.25000000000066));
#10402=CARTESIAN_POINT('Ctrl Pts',(36.1002883583611,60.5795760568056,1.25000000000066));
#10403=CARTESIAN_POINT('',(36.1002883583611,60.5795760568056,1.65000000000066));
#10404=CARTESIAN_POINT('Ctrl Pts',(36.1002883583611,60.5795760568056,1.65000000000066));
#10405=CARTESIAN_POINT('Ctrl Pts',(36.1002883583611,60.8616276200686,1.65000000000066));
#10406=CARTESIAN_POINT('Ctrl Pts',(36.1588964134758,60.9751804288302,1.65000000000066));
#10407=CARTESIAN_POINT('',(36.1002883583611,60.5795760568056,1.25000000000066));
#10408=CARTESIAN_POINT('Origin',(36.1002883583611,57.1583308394823,1.25000000000066));
#10409=CARTESIAN_POINT('',(36.1002883583611,57.1583308394823,1.25000000000066));
#10410=CARTESIAN_POINT('',(36.1002883583611,60.5795760568056,1.25000000000066));
#10411=CARTESIAN_POINT('',(36.1002883583611,57.1583308394823,1.65000000000066));
#10412=CARTESIAN_POINT('',(36.1002883583611,60.5795760568056,1.65000000000066));
#10413=CARTESIAN_POINT('',(36.1002883583611,57.1583308394823,1.25000000000066));
#10414=CARTESIAN_POINT('Origin',(34.931791749627,57.1583308394823,1.25000000000066));
#10415=CARTESIAN_POINT('',(36.1002883583611,57.1583308394823,1.25000000000066));
#10416=CARTESIAN_POINT('',(36.1002883583611,57.1583308394823,1.65000000000066));
#10417=CARTESIAN_POINT('Origin',(24.8072502285546,59.6583311375055,1.65000000000066));
#10418=CARTESIAN_POINT('Origin',(24.8072502285546,59.6583311375055,1.25000000000066));
#10419=CARTESIAN_POINT('',(0.,0.,0.));
#10420=CARTESIAN_POINT('',(-37.35,2.26485497023532E-13,-0.200000000000659));
#10421=CARTESIAN_POINT('',(-37.35,2.26485497023532E-13,-0.200000000000659));
#10422=UNCERTAINTY_MEASURE_WITH_UNIT(LENGTH_MEASURE(0.01),#10432,
'DISTANCE_ACCURACY_VALUE',
'Maximum model space distance between geometric entities at asserted c
onnectivities');
#10423=UNCERTAINTY_MEASURE_WITH_UNIT(LENGTH_MEASURE(0.01),#10432,
'DISTANCE_ACCURACY_VALUE',
'Maximum model space distance between geometric entities at asserted c
onnectivities');
#10424=UNCERTAINTY_MEASURE_WITH_UNIT(LENGTH_MEASURE(0.01),#10432,
'DISTANCE_ACCURACY_VALUE',
'Maximum model space distance between geometric entities at asserted c
onnectivities');
#10425=UNCERTAINTY_MEASURE_WITH_UNIT(LENGTH_MEASURE(0.01),#10432,
'DISTANCE_ACCURACY_VALUE',
'Maximum model space distance between geometric entities at asserted c
onnectivities');
#10426=UNCERTAINTY_MEASURE_WITH_UNIT(LENGTH_MEASURE(0.01),#10432,
'DISTANCE_ACCURACY_VALUE',
'Maximum model space distance between geometric entities at asserted c
onnectivities');
#10427=(
GEOMETRIC_REPRESENTATION_CONTEXT(3)
GLOBAL_UNCERTAINTY_ASSIGNED_CONTEXT((#10422))
GLOBAL_UNIT_ASSIGNED_CONTEXT((#10432,#10434,#10435))
REPRESENTATION_CONTEXT('','3D')
);
#10428=(
GEOMETRIC_REPRESENTATION_CONTEXT(3)
GLOBAL_UNCERTAINTY_ASSIGNED_CONTEXT((#10423))
GLOBAL_UNIT_ASSIGNED_CONTEXT((#10432,#10434,#10435))
REPRESENTATION_CONTEXT('','3D')
);
#10429=(
GEOMETRIC_REPRESENTATION_CONTEXT(3)
GLOBAL_UNCERTAINTY_ASSIGNED_CONTEXT((#10424))
GLOBAL_UNIT_ASSIGNED_CONTEXT((#10432,#10434,#10435))
REPRESENTATION_CONTEXT('','3D')
);
#10430=(
GEOMETRIC_REPRESENTATION_CONTEXT(3)
GLOBAL_UNCERTAINTY_ASSIGNED_CONTEXT((#10425))
GLOBAL_UNIT_ASSIGNED_CONTEXT((#10432,#10434,#10435))
REPRESENTATION_CONTEXT('','3D')
);
#10431=(
GEOMETRIC_REPRESENTATION_CONTEXT(3)
GLOBAL_UNCERTAINTY_ASSIGNED_CONTEXT((#10426))
GLOBAL_UNIT_ASSIGNED_CONTEXT((#10432,#10434,#10435))
REPRESENTATION_CONTEXT('','3D')
);
#10432=(
LENGTH_UNIT()
NAMED_UNIT(*)
SI_UNIT(.MILLI.,.METRE.)
);
#10433=(
LENGTH_UNIT()
NAMED_UNIT(*)
SI_UNIT($,.METRE.)
);
#10434=(
NAMED_UNIT(*)
PLANE_ANGLE_UNIT()
SI_UNIT($,.RADIAN.)
);
#10435=(
NAMED_UNIT(*)
SI_UNIT($,.STERADIAN.)
SOLID_ANGLE_UNIT()
);
#10436=SHAPE_DEFINITION_REPRESENTATION(#10440,#10447);
#10437=SHAPE_DEFINITION_REPRESENTATION(#10441,#10448);
#10438=SHAPE_DEFINITION_REPRESENTATION(#10442,#10449);
#10439=SHAPE_DEFINITION_REPRESENTATION(#10443,#10450);
#10440=PRODUCT_DEFINITION_SHAPE('',$,#10452);
#10441=PRODUCT_DEFINITION_SHAPE('',$,#10453);
#10442=PRODUCT_DEFINITION_SHAPE('',$,#10454);
#10443=PRODUCT_DEFINITION_SHAPE('',$,#10455);
#10444=PRODUCT_DEFINITION_SHAPE($,$,#20);
#10445=PRODUCT_DEFINITION_SHAPE($,$,#21);
#10446=PRODUCT_DEFINITION_SHAPE($,$,#22);
#10447=SHAPE_REPRESENTATION('',(#4357,#4548,#4549,#4550),#10427);
#10448=SHAPE_REPRESENTATION('',(#4358),#10428);
#10449=SHAPE_REPRESENTATION('',(#4389),#10429);
#10450=SHAPE_REPRESENTATION('',(#4398),#10430);
#10451=PRODUCT_DEFINITION_CONTEXT('part definition',#10465,'design');
#10452=PRODUCT_DEFINITION('Modular Toothbrush Holder',
'Modular Toothbrush Holder v1',#10456,#10451);
#10453=PRODUCT_DEFINITION('Modular Base','Modular Base',#10457,#10451);
#10454=PRODUCT_DEFINITION('Tooth brush(bottom only)',
'Tooth brush(bottom only)',#10458,#10451);
#10455=PRODUCT_DEFINITION('Modular Holder','Modular Holder',#10459,#10451);
#10456=PRODUCT_DEFINITION_FORMATION('',$,#10467);
#10457=PRODUCT_DEFINITION_FORMATION('',$,#10468);
#10458=PRODUCT_DEFINITION_FORMATION('',$,#10469);
#10459=PRODUCT_DEFINITION_FORMATION('',$,#10470);
#10460=PRODUCT_RELATED_PRODUCT_CATEGORY('Modular Toothbrush Holder v1',
'Modular Toothbrush Holder v1',(#10467));
#10461=PRODUCT_RELATED_PRODUCT_CATEGORY('Modular Base','Modular Base',(#10468));
#10462=PRODUCT_RELATED_PRODUCT_CATEGORY('Tooth brush(bottom only)',
'Tooth brush(bottom only)',(#10469));
#10463=PRODUCT_RELATED_PRODUCT_CATEGORY('Modular Holder',
'Modular Holder',(#10470));
#10464=APPLICATION_PROTOCOL_DEFINITION('international standard',
'automotive_design',2009,#10465);
#10465=APPLICATION_CONTEXT(
'Core Data for Automotive Mechanical Design Process');
#10466=PRODUCT_CONTEXT('part definition',#10465,'mechanical');
#10467=PRODUCT('Modular Toothbrush Holder',
'Modular Toothbrush Holder v1',$,(#10466));
#10468=PRODUCT('Modular Base','Modular Base',$,(#10466));
#10469=PRODUCT('Tooth brush(bottom only)','Tooth brush(bottom only)',$,
(#10466));
#10470=PRODUCT('Modular Holder','Modular Holder',$,(#10466));
#10471=PRESENTATION_STYLE_ASSIGNMENT((#10472));
#10472=SURFACE_STYLE_USAGE(.BOTH.,#10473);
#10473=SURFACE_SIDE_STYLE('',(#10474));
#10474=SURFACE_STYLE_FILL_AREA(#10475);
#10475=FILL_AREA_STYLE('Steel - Satin',(#10476));
#10476=FILL_AREA_STYLE_COLOUR('Steel - Satin',#10477);
#10477=COLOUR_RGB('Steel - Satin',0.627450980392157,0.627450980392157,0.627450980392157);
ENDSEC;
END-ISO-10303-21;
