solid ASCII
  facet normal 3.920284e-03 9.987972e-01 4.887517e-02
    outer loop
      vertex   -5.753553e+01 6.503553e+01 -3.029743e-01
      vertex   -4.936093e+01 6.499164e+01 -6.177143e-02
      vertex   -5.754275e+01 6.504275e+01 -4.500000e-01
    endloop
  endfacet
  facet normal 0.000000e+00 9.914449e-01 1.305262e-01
    outer loop
      vertex   -5.754275e+01 6.504275e+01 -4.500000e-01
      vertex   -4.936093e+01 6.499164e+01 -6.177143e-02
      vertex   -4.117912e+01 6.499164e+01 -6.177143e-02
    endloop
  endfacet
  facet normal 0.000000e+00 9.914449e-01 1.305262e-01
    outer loop
      vertex   -5.754275e+01 6.504275e+01 -4.500000e-01
      vertex   -4.117912e+01 6.499164e+01 -6.177143e-02
      vertex   -3.299730e+01 6.499164e+01 -6.177143e-02
    endloop
  endfacet
  facet normal 0.000000e+00 9.238795e-01 3.826834e-01
    outer loop
      vertex   -3.299730e+01 6.499164e+01 -6.177143e-02
      vertex   -4.117912e+01 6.499164e+01 -6.177143e-02
      vertex   -3.299730e+01 6.484179e+01 3.000000e-01
    endloop
  endfacet
  facet normal -1.604869e-15 9.238795e-01 3.826834e-01
    outer loop
      vertex   -3.299730e+01 6.499164e+01 -6.177143e-02
      vertex   -3.299730e+01 6.484179e+01 3.000000e-01
      vertex   -2.481548e+01 6.484179e+01 3.000000e-01
    endloop
  endfacet
  facet normal -1.377961e-15 7.933533e-01 6.087614e-01
    outer loop
      vertex   -2.481548e+01 6.484179e+01 3.000000e-01
      vertex   -3.299730e+01 6.484179e+01 3.000000e-01
      vertex   -2.481548e+01 6.460341e+01 6.106602e-01
    endloop
  endfacet
  facet normal 0.000000e+00 7.933533e-01 6.087614e-01
    outer loop
      vertex   -2.481548e+01 6.484179e+01 3.000000e-01
      vertex   -2.481548e+01 6.460341e+01 6.106602e-01
      vertex   -1.663366e+01 6.460341e+01 6.106602e-01
    endloop
  endfacet
  facet normal 0.000000e+00 6.087614e-01 7.933533e-01
    outer loop
      vertex   -1.663366e+01 6.460341e+01 6.106602e-01
      vertex   -2.481548e+01 6.460341e+01 6.106602e-01
      vertex   -1.663366e+01 6.429275e+01 8.490381e-01
    endloop
  endfacet
  facet normal 0.000000e+00 6.087614e-01 7.933533e-01
    outer loop
      vertex   -1.663366e+01 6.460341e+01 6.106602e-01
      vertex   -1.663366e+01 6.429275e+01 8.490381e-01
      vertex   -8.451843e+00 6.429275e+01 8.490381e-01
    endloop
  endfacet
  facet normal 0.000000e+00 3.826834e-01 9.238795e-01
    outer loop
      vertex   -8.451843e+00 6.429275e+01 8.490381e-01
      vertex   -1.663366e+01 6.429275e+01 8.490381e-01
      vertex   -8.451843e+00 6.393098e+01 9.988887e-01
    endloop
  endfacet
  facet normal 0.000000e+00 3.826834e-01 9.238795e-01
    outer loop
      vertex   -8.451843e+00 6.429275e+01 8.490381e-01
      vertex   -8.451843e+00 6.393098e+01 9.988887e-01
      vertex   -2.700252e-01 6.393098e+01 9.988887e-01
    endloop
  endfacet
  facet normal 0.000000e+00 1.305262e-01 9.914449e-01
    outer loop
      vertex   -2.700252e-01 6.393098e+01 9.988887e-01
      vertex   -8.451843e+00 6.393098e+01 9.988887e-01
      vertex   3.095725e+01 6.354275e+01 1.050000e+00
    endloop
  endfacet
  facet normal -0.000000e+00 1.305262e-01 9.914449e-01
    outer loop
      vertex   -2.700252e-01 6.393098e+01 9.988887e-01
      vertex   3.095725e+01 6.354275e+01 1.050000e+00
      vertex   7.911793e+00 6.393098e+01 9.988887e-01
    endloop
  endfacet
  facet normal -1.133543e-16 1.305262e-01 9.914449e-01
    outer loop
      vertex   7.911793e+00 6.393098e+01 9.988887e-01
      vertex   3.095725e+01 6.354275e+01 1.050000e+00
      vertex   1.609361e+01 6.393098e+01 9.988887e-01
    endloop
  endfacet
  facet normal -3.323380e-16 3.826834e-01 9.238795e-01
    outer loop
      vertex   7.911793e+00 6.393098e+01 9.988887e-01
      vertex   1.609361e+01 6.393098e+01 9.988887e-01
      vertex   7.911793e+00 6.429275e+01 8.490381e-01
    endloop
  endfacet
  facet normal -0.000000e+00 3.826834e-01 9.238795e-01
    outer loop
      vertex   7.911793e+00 6.429275e+01 8.490381e-01
      vertex   1.609361e+01 6.393098e+01 9.988887e-01
      vertex   1.609361e+01 6.429275e+01 8.490381e-01
    endloop
  endfacet
  facet normal -0.000000e+00 6.087614e-01 7.933533e-01
    outer loop
      vertex   7.911793e+00 6.429275e+01 8.490381e-01
      vertex   1.609361e+01 6.429275e+01 8.490381e-01
      vertex   7.911793e+00 6.460341e+01 6.106602e-01
    endloop
  endfacet
  facet normal -1.076532e-17 6.087614e-01 7.933533e-01
    outer loop
      vertex   7.911793e+00 6.460341e+01 6.106602e-01
      vertex   1.609361e+01 6.429275e+01 8.490381e-01
      vertex   1.609361e+01 6.460341e+01 6.106602e-01
    endloop
  endfacet
  facet normal -8.260523e-18 7.933533e-01 6.087614e-01
    outer loop
      vertex   7.911793e+00 6.460341e+01 6.106602e-01
      vertex   1.609361e+01 6.460341e+01 6.106602e-01
      vertex   7.911793e+00 6.484179e+01 3.000000e-01
    endloop
  endfacet
  facet normal -0.000000e+00 7.933533e-01 6.087614e-01
    outer loop
      vertex   7.911793e+00 6.484179e+01 3.000000e-01
      vertex   1.609361e+01 6.460341e+01 6.106602e-01
      vertex   1.609361e+01 6.484179e+01 3.000000e-01
    endloop
  endfacet
  facet normal -0.000000e+00 9.238795e-01 3.826834e-01
    outer loop
      vertex   7.911793e+00 6.484179e+01 3.000000e-01
      vertex   1.609361e+01 6.484179e+01 3.000000e-01
      vertex   7.911793e+00 6.499164e+01 -6.177143e-02
    endloop
  endfacet
  facet normal -0.000000e+00 9.238795e-01 3.826834e-01
    outer loop
      vertex   7.911793e+00 6.499164e+01 -6.177143e-02
      vertex   1.609361e+01 6.484179e+01 3.000000e-01
      vertex   1.609361e+01 6.499164e+01 -6.177143e-02
    endloop
  endfacet
  facet normal -0.000000e+00 9.838460e-01 1.790169e-01
    outer loop
      vertex   7.911793e+00 6.499164e+01 -6.177143e-02
      vertex   1.609361e+01 6.499164e+01 -6.177143e-02
      vertex   3.245002e+01 6.503553e+01 -3.029743e-01
    endloop
  endfacet
  facet normal 0.000000e+00 9.838460e-01 1.790169e-01
    outer loop
      vertex   3.245002e+01 6.503553e+01 -3.029743e-01
      vertex   1.609361e+01 6.499164e+01 -6.177143e-02
      vertex   2.427543e+01 6.499164e+01 -6.177143e-02
    endloop
  endfacet
  facet normal -9.856082e-04 9.891972e-01 1.465873e-01
    outer loop
      vertex   3.245002e+01 6.503553e+01 -3.029743e-01
      vertex   2.427543e+01 6.499164e+01 -6.177143e-02
      vertex   3.242843e+01 6.501393e+01 -1.573645e-01
    endloop
  endfacet
  facet normal 7.901703e-04 9.568734e-01 2.905041e-01
    outer loop
      vertex   3.242843e+01 6.501393e+01 -1.573645e-01
      vertex   2.427543e+01 6.499164e+01 -6.177143e-02
      vertex   3.234307e+01 6.492857e+01 1.240251e-01
    endloop
  endfacet
  facet normal -1.590638e-03 9.238784e-01 3.826829e-01
    outer loop
      vertex   3.234307e+01 6.492857e+01 1.240251e-01
      vertex   2.427543e+01 6.499164e+01 -6.177143e-02
      vertex   2.427543e+01 6.484179e+01 3.000000e-01
    endloop
  endfacet
  facet normal 8.049695e-04 8.817420e-01 4.717312e-01
    outer loop
      vertex   3.234307e+01 6.492857e+01 1.240251e-01
      vertex   2.427543e+01 6.484179e+01 3.000000e-01
      vertex   3.220445e+01 6.478996e+01 3.833553e-01
    endloop
  endfacet
  facet normal -1.213401e-03 7.933528e-01 6.087610e-01
    outer loop
      vertex   3.220445e+01 6.478996e+01 3.833553e-01
      vertex   2.427543e+01 6.484179e+01 3.000000e-01
      vertex   2.427543e+01 6.460341e+01 6.106602e-01
    endloop
  endfacet
  facet normal 8.229069e-17 7.730105e-01 6.343933e-01
    outer loop
      vertex   3.220445e+01 6.478996e+01 3.833553e-01
      vertex   2.427543e+01 6.460341e+01 6.106602e-01
      vertex   3.201791e+01 6.460341e+01 6.106602e-01
    endloop
  endfacet
  facet normal 9.976038e-17 6.343933e-01 7.730105e-01
    outer loop
      vertex   3.201791e+01 6.460341e+01 6.106602e-01
      vertex   2.427543e+01 6.460341e+01 6.106602e-01
      vertex   3.179060e+01 6.437611e+01 7.972044e-01
    endloop
  endfacet
  facet normal -1.280221e-03 6.087609e-01 7.933527e-01
    outer loop
      vertex   3.179060e+01 6.437611e+01 7.972044e-01
      vertex   2.427543e+01 6.460341e+01 6.106602e-01
      vertex   2.427543e+01 6.429275e+01 8.490381e-01
    endloop
  endfacet
  facet normal 8.641764e-04 4.707243e-01 8.822799e-01
    outer loop
      vertex   3.179060e+01 6.437611e+01 7.972044e-01
      vertex   2.427543e+01 6.429275e+01 8.490381e-01
      vertex   3.153127e+01 6.411678e+01 9.358193e-01
    endloop
  endfacet
  facet normal -1.768600e-03 3.826828e-01 9.238781e-01
    outer loop
      vertex   3.153127e+01 6.411678e+01 9.358193e-01
      vertex   2.427543e+01 6.429275e+01 8.490381e-01
      vertex   2.427543e+01 6.393098e+01 9.988887e-01
    endloop
  endfacet
  facet normal 9.082654e-04 2.894527e-01 9.571919e-01
    outer loop
      vertex   3.153127e+01 6.411678e+01 9.358193e-01
      vertex   2.427543e+01 6.393098e+01 9.988887e-01
      vertex   3.124988e+01 6.383539e+01 1.021178e+00
    endloop
  endfacet
  facet normal -1.811837e-03 9.981125e-02 9.950047e-01
    outer loop
      vertex   3.124988e+01 6.383539e+01 1.021178e+00
      vertex   2.427543e+01 6.393098e+01 9.988887e-01
      vertex   3.095725e+01 6.354275e+01 1.050000e+00
    endloop
  endfacet
  facet normal 0.000000e+00 1.305262e-01 9.914449e-01
    outer loop
      vertex   3.095725e+01 6.354275e+01 1.050000e+00
      vertex   2.427543e+01 6.393098e+01 9.988887e-01
      vertex   1.609361e+01 6.393098e+01 9.988887e-01
    endloop
  endfacet
  facet normal 9.856082e-04 9.891972e-01 1.465873e-01
    outer loop
      vertex   -5.753553e+01 6.503553e+01 -3.029743e-01
      vertex   -5.751393e+01 6.501393e+01 -1.573645e-01
      vertex   -4.936093e+01 6.499164e+01 -6.177143e-02
    endloop
  endfacet
  facet normal -7.901703e-04 9.568734e-01 2.905041e-01
    outer loop
      vertex   -4.936093e+01 6.499164e+01 -6.177143e-02
      vertex   -5.751393e+01 6.501393e+01 -1.573645e-01
      vertex   -5.742857e+01 6.492857e+01 1.240251e-01
    endloop
  endfacet
  facet normal 1.590638e-03 9.238784e-01 3.826829e-01
    outer loop
      vertex   -4.936093e+01 6.499164e+01 -6.177143e-02
      vertex   -5.742857e+01 6.492857e+01 1.240251e-01
      vertex   -4.936093e+01 6.484179e+01 3.000000e-01
    endloop
  endfacet
  facet normal -8.049695e-04 8.817420e-01 4.717312e-01
    outer loop
      vertex   -4.936093e+01 6.484179e+01 3.000000e-01
      vertex   -5.742857e+01 6.492857e+01 1.240251e-01
      vertex   -5.728996e+01 6.478996e+01 3.833553e-01
    endloop
  endfacet
  facet normal 1.213401e-03 7.933528e-01 6.087610e-01
    outer loop
      vertex   -4.936093e+01 6.484179e+01 3.000000e-01
      vertex   -5.728996e+01 6.478996e+01 3.833553e-01
      vertex   -4.936093e+01 6.460341e+01 6.106602e-01
    endloop
  endfacet
  facet normal -1.819361e-17 7.730105e-01 6.343933e-01
    outer loop
      vertex   -4.936093e+01 6.460341e+01 6.106602e-01
      vertex   -5.728996e+01 6.478996e+01 3.833553e-01
      vertex   -5.710341e+01 6.460341e+01 6.106602e-01
    endloop
  endfacet
  facet normal -2.216897e-17 6.343933e-01 7.730105e-01
    outer loop
      vertex   -4.936093e+01 6.460341e+01 6.106602e-01
      vertex   -5.710341e+01 6.460341e+01 6.106602e-01
      vertex   -5.687611e+01 6.437611e+01 7.972044e-01
    endloop
  endfacet
  facet normal 1.280221e-03 6.087609e-01 7.933527e-01
    outer loop
      vertex   -4.936093e+01 6.460341e+01 6.106602e-01
      vertex   -5.687611e+01 6.437611e+01 7.972044e-01
      vertex   -4.936093e+01 6.429275e+01 8.490381e-01
    endloop
  endfacet
  facet normal -8.641764e-04 4.707243e-01 8.822799e-01
    outer loop
      vertex   -4.936093e+01 6.429275e+01 8.490381e-01
      vertex   -5.687611e+01 6.437611e+01 7.972044e-01
      vertex   -5.661678e+01 6.411678e+01 9.358193e-01
    endloop
  endfacet
  facet normal 1.768600e-03 3.826828e-01 9.238781e-01
    outer loop
      vertex   -4.936093e+01 6.429275e+01 8.490381e-01
      vertex   -5.661678e+01 6.411678e+01 9.358193e-01
      vertex   -4.936093e+01 6.393098e+01 9.988887e-01
    endloop
  endfacet
  facet normal -9.082654e-04 2.894527e-01 9.571919e-01
    outer loop
      vertex   -4.936093e+01 6.393098e+01 9.988887e-01
      vertex   -5.661678e+01 6.411678e+01 9.358193e-01
      vertex   -5.633539e+01 6.383539e+01 1.021178e+00
    endloop
  endfacet
  facet normal -0.000000e+00 2.270763e-01 9.738770e-01
    outer loop
      vertex   -4.936093e+01 6.393098e+01 9.988887e-01
      vertex   -5.633539e+01 6.383539e+01 1.021178e+00
      vertex   -4.117912e+01 6.393098e+01 9.988887e-01
    endloop
  endfacet
  facet normal -0.000000e+00 2.270763e-01 9.738770e-01
    outer loop
      vertex   -4.117912e+01 6.393098e+01 9.988887e-01
      vertex   -5.633539e+01 6.383539e+01 1.021178e+00
      vertex   -3.299730e+01 6.393098e+01 9.988887e-01
    endloop
  endfacet
  facet normal -0.000000e+00 3.826834e-01 9.238795e-01
    outer loop
      vertex   -4.117912e+01 6.393098e+01 9.988887e-01
      vertex   -3.299730e+01 6.393098e+01 9.988887e-01
      vertex   -4.117912e+01 6.429275e+01 8.490381e-01
    endloop
  endfacet
  facet normal -0.000000e+00 3.826834e-01 9.238795e-01
    outer loop
      vertex   -4.117912e+01 6.429275e+01 8.490381e-01
      vertex   -3.299730e+01 6.393098e+01 9.988887e-01
      vertex   -3.299730e+01 6.429275e+01 8.490381e-01
    endloop
  endfacet
  facet normal -0.000000e+00 6.087614e-01 7.933533e-01
    outer loop
      vertex   -4.117912e+01 6.429275e+01 8.490381e-01
      vertex   -3.299730e+01 6.429275e+01 8.490381e-01
      vertex   -4.117912e+01 6.460341e+01 6.106602e-01
    endloop
  endfacet
  facet normal -1.076532e-17 6.087614e-01 7.933533e-01
    outer loop
      vertex   -4.117912e+01 6.460341e+01 6.106602e-01
      vertex   -3.299730e+01 6.429275e+01 8.490381e-01
      vertex   -3.299730e+01 6.460341e+01 6.106602e-01
    endloop
  endfacet
  facet normal -8.260523e-18 7.933533e-01 6.087614e-01
    outer loop
      vertex   -4.117912e+01 6.460341e+01 6.106602e-01
      vertex   -3.299730e+01 6.460341e+01 6.106602e-01
      vertex   -4.117912e+01 6.484179e+01 3.000000e-01
    endloop
  endfacet
  facet normal -0.000000e+00 7.933533e-01 6.087614e-01
    outer loop
      vertex   -4.117912e+01 6.484179e+01 3.000000e-01
      vertex   -3.299730e+01 6.460341e+01 6.106602e-01
      vertex   -3.299730e+01 6.484179e+01 3.000000e-01
    endloop
  endfacet
  facet normal -0.000000e+00 9.238795e-01 3.826834e-01
    outer loop
      vertex   -4.117912e+01 6.484179e+01 3.000000e-01
      vertex   -3.299730e+01 6.484179e+01 3.000000e-01
      vertex   -4.117912e+01 6.499164e+01 -6.177143e-02
    endloop
  endfacet
  facet normal -1.601043e-17 9.801714e-02 9.951847e-01
    outer loop
      vertex   -5.604275e+01 6.354275e+01 1.050000e+00
      vertex   3.095725e+01 6.354275e+01 1.050000e+00
      vertex   -5.633539e+01 6.383539e+01 1.021178e+00
    endloop
  endfacet
  facet normal 2.116674e-04 1.603568e-01 9.870591e-01
    outer loop
      vertex   -5.633539e+01 6.383539e+01 1.021178e+00
      vertex   3.095725e+01 6.354275e+01 1.050000e+00
      vertex   -2.481548e+01 6.393098e+01 9.988887e-01
    endloop
  endfacet
  facet normal -1.971020e-16 2.270763e-01 9.738770e-01
    outer loop
      vertex   -5.633539e+01 6.383539e+01 1.021178e+00
      vertex   -2.481548e+01 6.393098e+01 9.988887e-01
      vertex   -3.299730e+01 6.393098e+01 9.988887e-01
    endloop
  endfacet
  facet normal -3.323380e-16 3.826834e-01 9.238795e-01
    outer loop
      vertex   -3.299730e+01 6.393098e+01 9.988887e-01
      vertex   -2.481548e+01 6.393098e+01 9.988887e-01
      vertex   -3.299730e+01 6.429275e+01 8.490381e-01
    endloop
  endfacet
  facet normal -3.154164e-16 9.987955e-01 4.906767e-02
    outer loop
      vertex   3.245725e+01 6.504275e+01 -4.500000e-01
      vertex   -5.754275e+01 6.504275e+01 -4.500000e-01
      vertex   3.245002e+01 6.503553e+01 -3.029743e-01
    endloop
  endfacet
  facet normal -1.679734e-04 9.884763e-01 1.513754e-01
    outer loop
      vertex   3.245002e+01 6.503553e+01 -3.029743e-01
      vertex   -5.754275e+01 6.504275e+01 -4.500000e-01
      vertex   -8.451843e+00 6.499164e+01 -6.177143e-02
    endloop
  endfacet
  facet normal 0.000000e+00 9.838460e-01 1.790169e-01
    outer loop
      vertex   3.245002e+01 6.503553e+01 -3.029743e-01
      vertex   -8.451843e+00 6.499164e+01 -6.177143e-02
      vertex   -2.700252e-01 6.499164e+01 -6.177143e-02
    endloop
  endfacet
  facet normal 0.000000e+00 9.238795e-01 3.826834e-01
    outer loop
      vertex   -2.700252e-01 6.499164e+01 -6.177143e-02
      vertex   -8.451843e+00 6.499164e+01 -6.177143e-02
      vertex   -2.700252e-01 6.484179e+01 3.000000e-01
    endloop
  endfacet
  facet normal 0.000000e+00 9.238795e-01 3.826834e-01
    outer loop
      vertex   -2.700252e-01 6.499164e+01 -6.177143e-02
      vertex   -2.700252e-01 6.484179e+01 3.000000e-01
      vertex   7.911793e+00 6.484179e+01 3.000000e-01
    endloop
  endfacet
  facet normal 0.000000e+00 7.933533e-01 6.087614e-01
    outer loop
      vertex   7.911793e+00 6.484179e+01 3.000000e-01
      vertex   -2.700252e-01 6.484179e+01 3.000000e-01
      vertex   7.911793e+00 6.460341e+01 6.106602e-01
    endloop
  endfacet
  facet normal 0.000000e+00 9.238795e-01 3.826834e-01
    outer loop
      vertex   -4.117912e+01 6.484179e+01 3.000000e-01
      vertex   -4.117912e+01 6.499164e+01 -6.177143e-02
      vertex   -4.936093e+01 6.499164e+01 -6.177143e-02
    endloop
  endfacet
  facet normal -1.722023e-15 9.914449e-01 1.305262e-01
    outer loop
      vertex   -3.299730e+01 6.499164e+01 -6.177143e-02
      vertex   -2.481548e+01 6.499164e+01 -6.177143e-02
      vertex   -5.754275e+01 6.504275e+01 -4.500000e-01
    endloop
  endfacet
  facet normal 0.000000e+00 9.914449e-01 1.305262e-01
    outer loop
      vertex   -5.754275e+01 6.504275e+01 -4.500000e-01
      vertex   -2.481548e+01 6.499164e+01 -6.177143e-02
      vertex   -1.663366e+01 6.499164e+01 -6.177143e-02
    endloop
  endfacet
  facet normal 0.000000e+00 9.914449e-01 1.305262e-01
    outer loop
      vertex   -5.754275e+01 6.504275e+01 -4.500000e-01
      vertex   -1.663366e+01 6.499164e+01 -6.177143e-02
      vertex   -8.451843e+00 6.499164e+01 -6.177143e-02
    endloop
  endfacet
  facet normal 0.000000e+00 9.238795e-01 3.826834e-01
    outer loop
      vertex   -8.451843e+00 6.499164e+01 -6.177143e-02
      vertex   -1.663366e+01 6.499164e+01 -6.177143e-02
      vertex   -8.451843e+00 6.484179e+01 3.000000e-01
    endloop
  endfacet
  facet normal 0.000000e+00 9.238795e-01 3.826834e-01
    outer loop
      vertex   -8.451843e+00 6.499164e+01 -6.177143e-02
      vertex   -8.451843e+00 6.484179e+01 3.000000e-01
      vertex   -2.700252e-01 6.484179e+01 3.000000e-01
    endloop
  endfacet
  facet normal 0.000000e+00 7.933533e-01 6.087614e-01
    outer loop
      vertex   -2.700252e-01 6.484179e+01 3.000000e-01
      vertex   -8.451843e+00 6.484179e+01 3.000000e-01
      vertex   -2.700252e-01 6.460341e+01 6.106602e-01
    endloop
  endfacet
  facet normal 0.000000e+00 7.933533e-01 6.087614e-01
    outer loop
      vertex   -2.700252e-01 6.484179e+01 3.000000e-01
      vertex   -2.700252e-01 6.460341e+01 6.106602e-01
      vertex   7.911793e+00 6.460341e+01 6.106602e-01
    endloop
  endfacet
  facet normal 0.000000e+00 6.087614e-01 7.933533e-01
    outer loop
      vertex   7.911793e+00 6.460341e+01 6.106602e-01
      vertex   -2.700252e-01 6.460341e+01 6.106602e-01
      vertex   7.911793e+00 6.429275e+01 8.490381e-01
    endloop
  endfacet
  facet normal -1.604670e-15 9.238795e-01 3.826834e-01
    outer loop
      vertex   -3.299730e+01 6.499164e+01 -6.177143e-02
      vertex   -2.481548e+01 6.484179e+01 3.000000e-01
      vertex   -2.481548e+01 6.499164e+01 -6.177143e-02
    endloop
  endfacet
  facet normal 0.000000e+00 9.238795e-01 3.826834e-01
    outer loop
      vertex   -2.481548e+01 6.499164e+01 -6.177143e-02
      vertex   -2.481548e+01 6.484179e+01 3.000000e-01
      vertex   -1.663366e+01 6.484179e+01 3.000000e-01
    endloop
  endfacet
  facet normal -0.000000e+00 9.238795e-01 3.826834e-01
    outer loop
      vertex   -2.481548e+01 6.499164e+01 -6.177143e-02
      vertex   -1.663366e+01 6.484179e+01 3.000000e-01
      vertex   -1.663366e+01 6.499164e+01 -6.177143e-02
    endloop
  endfacet
  facet normal 0.000000e+00 9.238795e-01 3.826834e-01
    outer loop
      vertex   -1.663366e+01 6.499164e+01 -6.177143e-02
      vertex   -1.663366e+01 6.484179e+01 3.000000e-01
      vertex   -8.451843e+00 6.484179e+01 3.000000e-01
    endloop
  endfacet
  facet normal 0.000000e+00 9.838460e-01 1.790169e-01
    outer loop
      vertex   7.911793e+00 6.499164e+01 -6.177143e-02
      vertex   3.245002e+01 6.503553e+01 -3.029743e-01
      vertex   -2.700252e-01 6.499164e+01 -6.177143e-02
    endloop
  endfacet
  facet normal 0.000000e+00 9.238795e-01 3.826834e-01
    outer loop
      vertex   7.911793e+00 6.484179e+01 3.000000e-01
      vertex   7.911793e+00 6.499164e+01 -6.177143e-02
      vertex   -2.700252e-01 6.499164e+01 -6.177143e-02
    endloop
  endfacet
  facet normal 0.000000e+00 9.238795e-01 3.826834e-01
    outer loop
      vertex   2.427543e+01 6.484179e+01 3.000000e-01
      vertex   2.427543e+01 6.499164e+01 -6.177143e-02
      vertex   1.609361e+01 6.499164e+01 -6.177143e-02
    endloop
  endfacet
  facet normal 0.000000e+00 9.238795e-01 3.826834e-01
    outer loop
      vertex   2.427543e+01 6.484179e+01 3.000000e-01
      vertex   1.609361e+01 6.499164e+01 -6.177143e-02
      vertex   1.609361e+01 6.484179e+01 3.000000e-01
    endloop
  endfacet
  facet normal 0.000000e+00 7.933533e-01 6.087614e-01
    outer loop
      vertex   -4.117912e+01 6.460341e+01 6.106602e-01
      vertex   -4.117912e+01 6.484179e+01 3.000000e-01
      vertex   -4.936093e+01 6.484179e+01 3.000000e-01
    endloop
  endfacet
  facet normal -0.000000e+00 9.238795e-01 3.826834e-01
    outer loop
      vertex   -4.936093e+01 6.484179e+01 3.000000e-01
      vertex   -4.117912e+01 6.484179e+01 3.000000e-01
      vertex   -4.936093e+01 6.499164e+01 -6.177143e-02
    endloop
  endfacet
  facet normal -1.386222e-15 7.933533e-01 6.087614e-01
    outer loop
      vertex   -2.481548e+01 6.460341e+01 6.106602e-01
      vertex   -3.299730e+01 6.484179e+01 3.000000e-01
      vertex   -3.299730e+01 6.460341e+01 6.106602e-01
    endloop
  endfacet
  facet normal -0.000000e+00 7.933533e-01 6.087614e-01
    outer loop
      vertex   -2.481548e+01 6.484179e+01 3.000000e-01
      vertex   -1.663366e+01 6.460341e+01 6.106602e-01
      vertex   -1.663366e+01 6.484179e+01 3.000000e-01
    endloop
  endfacet
  facet normal -8.663263e-18 7.933533e-01 6.087614e-01
    outer loop
      vertex   -1.663366e+01 6.484179e+01 3.000000e-01
      vertex   -1.663366e+01 6.460341e+01 6.106602e-01
      vertex   -8.451843e+00 6.460341e+01 6.106602e-01
    endloop
  endfacet
  facet normal -0.000000e+00 7.933533e-01 6.087614e-01
    outer loop
      vertex   -1.663366e+01 6.484179e+01 3.000000e-01
      vertex   -8.451843e+00 6.460341e+01 6.106602e-01
      vertex   -8.451843e+00 6.484179e+01 3.000000e-01
    endloop
  endfacet
  facet normal -1.732653e-17 7.933533e-01 6.087614e-01
    outer loop
      vertex   -8.451843e+00 6.484179e+01 3.000000e-01
      vertex   -8.451843e+00 6.460341e+01 6.106602e-01
      vertex   -2.700252e-01 6.460341e+01 6.106602e-01
    endloop
  endfacet
  facet normal 0.000000e+00 7.933533e-01 6.087614e-01
    outer loop
      vertex   2.427543e+01 6.460341e+01 6.106602e-01
      vertex   2.427543e+01 6.484179e+01 3.000000e-01
      vertex   1.609361e+01 6.484179e+01 3.000000e-01
    endloop
  endfacet
  facet normal -8.260523e-18 7.933533e-01 6.087614e-01
    outer loop
      vertex   2.427543e+01 6.460341e+01 6.106602e-01
      vertex   1.609361e+01 6.484179e+01 3.000000e-01
      vertex   1.609361e+01 6.460341e+01 6.106602e-01
    endloop
  endfacet
  facet normal 0.000000e+00 6.087614e-01 7.933533e-01
    outer loop
      vertex   -4.117912e+01 6.429275e+01 8.490381e-01
      vertex   -4.117912e+01 6.460341e+01 6.106602e-01
      vertex   -4.936093e+01 6.460341e+01 6.106602e-01
    endloop
  endfacet
  facet normal -0.000000e+00 7.933533e-01 6.087614e-01
    outer loop
      vertex   -4.936093e+01 6.460341e+01 6.106602e-01
      vertex   -4.117912e+01 6.460341e+01 6.106602e-01
      vertex   -4.936093e+01 6.484179e+01 3.000000e-01
    endloop
  endfacet
  facet normal -1.068112e-15 6.087614e-01 7.933533e-01
    outer loop
      vertex   -2.481548e+01 6.460341e+01 6.106602e-01
      vertex   -3.299730e+01 6.460341e+01 6.106602e-01
      vertex   -2.481548e+01 6.429275e+01 8.490381e-01
    endloop
  endfacet
  facet normal -1.057347e-15 6.087614e-01 7.933533e-01
    outer loop
      vertex   -2.481548e+01 6.429275e+01 8.490381e-01
      vertex   -3.299730e+01 6.460341e+01 6.106602e-01
      vertex   -3.299730e+01 6.429275e+01 8.490381e-01
    endloop
  endfacet
  facet normal -6.646761e-16 3.826834e-01 9.238795e-01
    outer loop
      vertex   -2.481548e+01 6.429275e+01 8.490381e-01
      vertex   -3.299730e+01 6.429275e+01 8.490381e-01
      vertex   -2.481548e+01 6.393098e+01 9.988887e-01
    endloop
  endfacet
  facet normal -1.076532e-17 6.087614e-01 7.933533e-01
    outer loop
      vertex   -1.663366e+01 6.460341e+01 6.106602e-01
      vertex   -8.451843e+00 6.429275e+01 8.490381e-01
      vertex   -8.451843e+00 6.460341e+01 6.106602e-01
    endloop
  endfacet
  facet normal 0.000000e+00 6.087614e-01 7.933533e-01
    outer loop
      vertex   -8.451843e+00 6.460341e+01 6.106602e-01
      vertex   -8.451843e+00 6.429275e+01 8.490381e-01
      vertex   -2.700252e-01 6.429275e+01 8.490381e-01
    endloop
  endfacet
  facet normal -2.153065e-17 6.087614e-01 7.933533e-01
    outer loop
      vertex   -8.451843e+00 6.460341e+01 6.106602e-01
      vertex   -2.700252e-01 6.429275e+01 8.490381e-01
      vertex   -2.700252e-01 6.460341e+01 6.106602e-01
    endloop
  endfacet
  facet normal 0.000000e+00 6.087614e-01 7.933533e-01
    outer loop
      vertex   -2.700252e-01 6.460341e+01 6.106602e-01
      vertex   -2.700252e-01 6.429275e+01 8.490381e-01
      vertex   7.911793e+00 6.429275e+01 8.490381e-01
    endloop
  endfacet
  facet normal -8.663263e-18 6.087614e-01 7.933533e-01
    outer loop
      vertex   2.427543e+01 6.429275e+01 8.490381e-01
      vertex   2.427543e+01 6.460341e+01 6.106602e-01
      vertex   1.609361e+01 6.460341e+01 6.106602e-01
    endloop
  endfacet
  facet normal 0.000000e+00 6.087614e-01 7.933533e-01
    outer loop
      vertex   2.427543e+01 6.429275e+01 8.490381e-01
      vertex   1.609361e+01 6.460341e+01 6.106602e-01
      vertex   1.609361e+01 6.429275e+01 8.490381e-01
    endloop
  endfacet
  facet normal 0.000000e+00 3.826834e-01 9.238795e-01
    outer loop
      vertex   -4.117912e+01 6.393098e+01 9.988887e-01
      vertex   -4.117912e+01 6.429275e+01 8.490381e-01
      vertex   -4.936093e+01 6.429275e+01 8.490381e-01
    endloop
  endfacet
  facet normal -0.000000e+00 6.087614e-01 7.933533e-01
    outer loop
      vertex   -4.936093e+01 6.429275e+01 8.490381e-01
      vertex   -4.117912e+01 6.429275e+01 8.490381e-01
      vertex   -4.936093e+01 6.460341e+01 6.106602e-01
    endloop
  endfacet
  facet normal -0.000000e+00 3.826834e-01 9.238795e-01
    outer loop
      vertex   -4.936093e+01 6.393098e+01 9.988887e-01
      vertex   -4.117912e+01 6.393098e+01 9.988887e-01
      vertex   -4.936093e+01 6.429275e+01 8.490381e-01
    endloop
  endfacet
  facet normal 0.000000e+00 6.087614e-01 7.933533e-01
    outer loop
      vertex   -2.481548e+01 6.460341e+01 6.106602e-01
      vertex   -2.481548e+01 6.429275e+01 8.490381e-01
      vertex   -1.663366e+01 6.429275e+01 8.490381e-01
    endloop
  endfacet
  facet normal 0.000000e+00 3.826834e-01 9.238795e-01
    outer loop
      vertex   -1.663366e+01 6.429275e+01 8.490381e-01
      vertex   -2.481548e+01 6.429275e+01 8.490381e-01
      vertex   -1.663366e+01 6.393098e+01 9.988887e-01
    endloop
  endfacet
  facet normal 0.000000e+00 3.826834e-01 9.238795e-01
    outer loop
      vertex   -1.663366e+01 6.429275e+01 8.490381e-01
      vertex   -1.663366e+01 6.393098e+01 9.988887e-01
      vertex   -8.451843e+00 6.393098e+01 9.988887e-01
    endloop
  endfacet
  facet normal 0.000000e+00 1.305262e-01 9.914449e-01
    outer loop
      vertex   -8.451843e+00 6.393098e+01 9.988887e-01
      vertex   -1.663366e+01 6.393098e+01 9.988887e-01
      vertex   3.095725e+01 6.354275e+01 1.050000e+00
    endloop
  endfacet
  facet normal 0.000000e+00 3.826834e-01 9.238795e-01
    outer loop
      vertex   -1.663366e+01 6.393098e+01 9.988887e-01
      vertex   -2.481548e+01 6.429275e+01 8.490381e-01
      vertex   -2.481548e+01 6.393098e+01 9.988887e-01
    endloop
  endfacet
  facet normal 0.000000e+00 3.826834e-01 9.238795e-01
    outer loop
      vertex   7.911793e+00 6.393098e+01 9.988887e-01
      vertex   7.911793e+00 6.429275e+01 8.490381e-01
      vertex   -2.700252e-01 6.429275e+01 8.490381e-01
    endloop
  endfacet
  facet normal 0.000000e+00 3.826834e-01 9.238795e-01
    outer loop
      vertex   7.911793e+00 6.393098e+01 9.988887e-01
      vertex   -2.700252e-01 6.429275e+01 8.490381e-01
      vertex   -2.700252e-01 6.393098e+01 9.988887e-01
    endloop
  endfacet
  facet normal 0.000000e+00 3.826834e-01 9.238795e-01
    outer loop
      vertex   -2.700252e-01 6.393098e+01 9.988887e-01
      vertex   -2.700252e-01 6.429275e+01 8.490381e-01
      vertex   -8.451843e+00 6.429275e+01 8.490381e-01
    endloop
  endfacet
  facet normal 0.000000e+00 3.826834e-01 9.238795e-01
    outer loop
      vertex   2.427543e+01 6.393098e+01 9.988887e-01
      vertex   2.427543e+01 6.429275e+01 8.490381e-01
      vertex   1.609361e+01 6.429275e+01 8.490381e-01
    endloop
  endfacet
  facet normal 0.000000e+00 3.826834e-01 9.238795e-01
    outer loop
      vertex   2.427543e+01 6.393098e+01 9.988887e-01
      vertex   1.609361e+01 6.429275e+01 8.490381e-01
      vertex   1.609361e+01 6.393098e+01 9.988887e-01
    endloop
  endfacet
  facet normal 0.000000e+00 1.305262e-01 9.914449e-01
    outer loop
      vertex   3.095725e+01 6.354275e+01 1.050000e+00
      vertex   -1.663366e+01 6.393098e+01 9.988887e-01
      vertex   -2.481548e+01 6.393098e+01 9.988887e-01
    endloop
  endfacet
  facet normal -0.000000e+00 0.000000e+00 1.000000e+00
    outer loop
      vertex   -5.604275e+01 6.354275e+01 1.050000e+00
      vertex   -5.604275e+01 5.240086e+01 1.050000e+00
      vertex   3.095725e+01 6.354275e+01 1.050000e+00
    endloop
  endfacet
  facet normal 0.000000e+00 0.000000e+00 1.000000e+00
    outer loop
      vertex   3.095725e+01 6.354275e+01 1.050000e+00
      vertex   -5.604275e+01 5.240086e+01 1.050000e+00
      vertex   3.095725e+01 5.240086e+01 1.050000e+00
    endloop
  endfacet
  facet normal -9.982578e-02 -1.826513e-03 9.950033e-01
    outer loop
      vertex   -5.633539e+01 6.383539e+01 1.021178e+00
      vertex   -5.643098e+01 5.691775e+01 9.988887e-01
      vertex   -5.604275e+01 6.354275e+01 1.050000e+00
    endloop
  endfacet
  facet normal -1.495129e-01 1.133350e-03 9.887591e-01
    outer loop
      vertex   -5.604275e+01 6.354275e+01 1.050000e+00
      vertex   -5.643098e+01 5.691775e+01 9.988887e-01
      vertex   -5.637793e+01 5.241466e+01 1.012072e+00
    endloop
  endfacet
  facet normal -1.124397e-01 0.000000e+00 9.936586e-01
    outer loop
      vertex   -5.604275e+01 6.354275e+01 1.050000e+00
      vertex   -5.637793e+01 5.241466e+01 1.012072e+00
      vertex   -5.604275e+01 5.240086e+01 1.050000e+00
    endloop
  endfacet
  facet normal -2.894460e-01 9.156257e-04 9.571939e-01
    outer loop
      vertex   -5.633539e+01 6.383539e+01 1.021178e+00
      vertex   -5.661678e+01 6.411678e+01 9.358193e-01
      vertex   -5.643098e+01 5.691775e+01 9.988887e-01
    endloop
  endfacet
  facet normal -3.826828e-01 -1.782559e-03 9.238781e-01
    outer loop
      vertex   -5.643098e+01 5.691775e+01 9.988887e-01
      vertex   -5.661678e+01 6.411678e+01 9.358193e-01
      vertex   -5.679275e+01 5.691775e+01 8.490381e-01
    endloop
  endfacet
  facet normal -3.826824e-01 2.310269e-03 9.238771e-01
    outer loop
      vertex   -5.643098e+01 5.691775e+01 9.988887e-01
      vertex   -5.679275e+01 5.691775e+01 8.490381e-01
      vertex   -5.669616e+01 5.245538e+01 9.002059e-01
    endloop
  endfacet
  facet normal -5.343621e-01 -1.874458e-03 8.452536e-01
    outer loop
      vertex   -5.669616e+01 5.245538e+01 9.002059e-01
      vertex   -5.679275e+01 5.691775e+01 8.490381e-01
      vertex   -5.698135e+01 5.252095e+01 7.200590e-01
    endloop
  endfacet
  facet normal -6.087590e-01 2.839276e-03 7.933501e-01
    outer loop
      vertex   -5.698135e+01 5.252095e+01 7.200590e-01
      vertex   -5.679275e+01 5.691775e+01 8.490381e-01
      vertex   -5.710341e+01 5.691775e+01 6.106602e-01
    endloop
  endfacet
  facet normal -7.098651e-01 -2.182484e-03 7.043342e-01
    outer loop
      vertex   -5.698135e+01 5.252095e+01 7.200590e-01
      vertex   -5.710341e+01 5.691775e+01 6.106602e-01
      vertex   -5.721907e+01 5.260805e+01 4.807414e-01
    endloop
  endfacet
  facet normal -7.933499e-01 2.939117e-03 6.087588e-01
    outer loop
      vertex   -5.721907e+01 5.260805e+01 4.807414e-01
      vertex   -5.710341e+01 5.691775e+01 6.106602e-01
      vertex   -5.734179e+01 5.691775e+01 3.000000e-01
    endloop
  endfacet
  facet normal -8.493386e-01 -2.048609e-03 5.278444e-01
    outer loop
      vertex   -5.721907e+01 5.260805e+01 4.807414e-01
      vertex   -5.734179e+01 5.691775e+01 3.000000e-01
      vertex   -5.739730e+01 5.271229e+01 1.943556e-01
    endloop
  endfacet
  facet normal -9.238765e-01 2.581868e-03 3.826822e-01
    outer loop
      vertex   -5.739730e+01 5.271229e+01 1.943556e-01
      vertex   -5.734179e+01 5.691775e+01 3.000000e-01
      vertex   -5.749164e+01 5.691775e+01 -6.177143e-02
    endloop
  endfacet
  facet normal -9.457668e-01 -1.431772e-03 3.248432e-01
    outer loop
      vertex   -5.739730e+01 5.271229e+01 1.943556e-01
      vertex   -5.749164e+01 5.691775e+01 -6.177143e-02
      vertex   -5.750704e+01 5.282838e+01 -1.246158e-01
    endloop
  endfacet
  facet normal -9.724233e-01 7.657457e-05 2.332227e-01
    outer loop
      vertex   -5.750704e+01 5.282838e+01 -1.246158e-01
      vertex   -5.749164e+01 5.691775e+01 -6.177143e-02
      vertex   -5.751393e+01 6.501393e+01 -1.573645e-01
    endloop
  endfacet
  facet normal -9.891801e-01 -1.654197e-04 1.467065e-01
    outer loop
      vertex   -5.750704e+01 5.282838e+01 -1.246158e-01
      vertex   -5.751393e+01 6.501393e+01 -1.573645e-01
      vertex   -5.753553e+01 6.503553e+01 -3.029743e-01
    endloop
  endfacet
  facet normal -4.707191e-01 8.708369e-04 8.822827e-01
    outer loop
      vertex   -5.661678e+01 6.411678e+01 9.358193e-01
      vertex   -5.687611e+01 6.437611e+01 7.972044e-01
      vertex   -5.679275e+01 5.691775e+01 8.490381e-01
    endloop
  endfacet
  facet normal -6.087609e-01 -1.289974e-03 7.933527e-01
    outer loop
      vertex   -5.679275e+01 5.691775e+01 8.490381e-01
      vertex   -5.687611e+01 6.437611e+01 7.972044e-01
      vertex   -5.710341e+01 5.691775e+01 6.106602e-01
    endloop
  endfacet
  facet normal -6.343933e-01 5.526603e-17 7.730105e-01
    outer loop
      vertex   -5.687611e+01 6.437611e+01 7.972044e-01
      vertex   -5.710341e+01 6.460341e+01 6.106602e-01
      vertex   -5.710341e+01 5.691775e+01 6.106602e-01
    endloop
  endfacet
  facet normal -7.730105e-01 4.582027e-17 6.343933e-01
    outer loop
      vertex   -5.710341e+01 5.691775e+01 6.106602e-01
      vertex   -5.710341e+01 6.460341e+01 6.106602e-01
      vertex   -5.728996e+01 6.478996e+01 3.833553e-01
    endloop
  endfacet
  facet normal -7.933527e-01 -1.222159e-03 6.087610e-01
    outer loop
      vertex   -5.710341e+01 5.691775e+01 6.106602e-01
      vertex   -5.728996e+01 6.478996e+01 3.833553e-01
      vertex   -5.734179e+01 5.691775e+01 3.000000e-01
    endloop
  endfacet
  facet normal -8.817408e-01 8.107456e-04 4.717336e-01
    outer loop
      vertex   -5.734179e+01 5.691775e+01 3.000000e-01
      vertex   -5.728996e+01 6.478996e+01 3.833553e-01
      vertex   -5.742857e+01 6.492857e+01 1.240251e-01
    endloop
  endfacet
  facet normal -9.238783e-01 -1.601920e-03 3.826829e-01
    outer loop
      vertex   -5.734179e+01 5.691775e+01 3.000000e-01
      vertex   -5.742857e+01 6.492857e+01 1.240251e-01
      vertex   -5.749164e+01 5.691775e+01 -6.177143e-02
    endloop
  endfacet
  facet normal -9.568730e-01 7.957352e-04 2.905056e-01
    outer loop
      vertex   -5.749164e+01 5.691775e+01 -6.177143e-02
      vertex   -5.742857e+01 6.492857e+01 1.240251e-01
      vertex   -5.751393e+01 6.501393e+01 -1.573645e-01
    endloop
  endfacet
  facet normal -9.987980e-01 -1.615627e-03 4.898843e-02
    outer loop
      vertex   -5.753553e+01 6.503553e+01 -3.029743e-01
      vertex   -5.754275e+01 6.504275e+01 -4.500000e-01
      vertex   -5.750704e+01 5.282838e+01 -1.246158e-01
    endloop
  endfacet
  facet normal -9.932558e-01 1.842152e-04 1.159431e-01
    outer loop
      vertex   -5.750704e+01 5.282838e+01 -1.246158e-01
      vertex   -5.754275e+01 6.504275e+01 -4.500000e-01
      vertex   -5.754002e+01 2.282838e+01 -3.595389e-01
    endloop
  endfacet
  facet normal -9.902853e-01 2.738151e-17 1.390505e-01
    outer loop
      vertex   -5.750704e+01 5.282838e+01 -1.246158e-01
      vertex   -5.754002e+01 2.282838e+01 -3.595389e-01
      vertex   -5.750704e+01 4.225712e+01 -1.246158e-01
    endloop
  endfacet
  facet normal -9.847189e-01 -4.338681e-04 1.741509e-01
    outer loop
      vertex   -5.750704e+01 4.225712e+01 -1.246158e-01
      vertex   -5.754002e+01 2.282838e+01 -3.595389e-01
      vertex   -5.749164e+01 3.254275e+01 -6.177143e-02
    endloop
  endfacet
  facet normal -9.712832e-01 -1.698774e-15 2.379263e-01
    outer loop
      vertex   -5.750704e+01 4.225712e+01 -1.246158e-01
      vertex   -5.749164e+01 3.254275e+01 -6.177143e-02
      vertex   -5.749164e+01 4.066775e+01 -6.177143e-02
    endloop
  endfacet
  facet normal -9.238795e-01 -1.615891e-15 3.826834e-01
    outer loop
      vertex   -5.749164e+01 4.066775e+01 -6.177143e-02
      vertex   -5.749164e+01 3.254275e+01 -6.177143e-02
      vertex   -5.734179e+01 4.066775e+01 3.000000e-01
    endloop
  endfacet
  facet normal -9.238608e-01 -6.366455e-03 3.826757e-01
    outer loop
      vertex   -5.749164e+01 4.066775e+01 -6.177143e-02
      vertex   -5.734179e+01 4.066775e+01 3.000000e-01
      vertex   -5.739730e+01 4.237322e+01 1.943556e-01
    endloop
  endfacet
  facet normal -8.498090e-01 4.988162e-03 5.270672e-01
    outer loop
      vertex   -5.739730e+01 4.237322e+01 1.943556e-01
      vertex   -5.734179e+01 4.066775e+01 3.000000e-01
      vertex   -5.721907e+01 4.247745e+01 4.807414e-01
    endloop
  endfacet
  facet normal -8.273148e-01 -1.446377e-15 5.617386e-01
    outer loop
      vertex   -5.721907e+01 4.247745e+01 4.807414e-01
      vertex   -5.734179e+01 4.066775e+01 3.000000e-01
      vertex   -5.734179e+01 3.254275e+01 3.000000e-01
    endloop
  endfacet
  facet normal -7.628726e-01 -2.338914e-03 6.465446e-01
    outer loop
      vertex   -5.721907e+01 4.247745e+01 4.807414e-01
      vertex   -5.734179e+01 3.254275e+01 3.000000e-01
      vertex   -5.710341e+01 4.066775e+01 6.106602e-01
    endloop
  endfacet
  facet normal -7.933533e-01 -1.387597e-15 6.087614e-01
    outer loop
      vertex   -5.710341e+01 4.066775e+01 6.106602e-01
      vertex   -5.734179e+01 3.254275e+01 3.000000e-01
      vertex   -5.710341e+01 3.254275e+01 6.106602e-01
    endloop
  endfacet
  facet normal -6.087614e-01 -1.064741e-15 7.933533e-01
    outer loop
      vertex   -5.710341e+01 4.066775e+01 6.106602e-01
      vertex   -5.710341e+01 3.254275e+01 6.106602e-01
      vertex   -5.679275e+01 4.066775e+01 8.490381e-01
    endloop
  endfacet
  facet normal -6.087614e-01 -1.064741e-15 7.933533e-01
    outer loop
      vertex   -5.679275e+01 4.066775e+01 8.490381e-01
      vertex   -5.710341e+01 3.254275e+01 6.106602e-01
      vertex   -5.679275e+01 3.254275e+01 8.490381e-01
    endloop
  endfacet
  facet normal -3.826834e-01 -6.693241e-16 9.238795e-01
    outer loop
      vertex   -5.679275e+01 4.066775e+01 8.490381e-01
      vertex   -5.679275e+01 3.254275e+01 8.490381e-01
      vertex   -5.643098e+01 4.066775e+01 9.988887e-01
    endloop
  endfacet
  facet normal -3.826834e-01 -3.346621e-16 9.238795e-01
    outer loop
      vertex   -5.643098e+01 4.066775e+01 9.988887e-01
      vertex   -5.679275e+01 3.254275e+01 8.490381e-01
      vertex   -5.643098e+01 3.254275e+01 9.988887e-01
    endloop
  endfacet
  facet normal -1.305262e-01 -1.141470e-16 9.914449e-01
    outer loop
      vertex   -5.643098e+01 4.066775e+01 9.988887e-01
      vertex   -5.643098e+01 3.254275e+01 9.988887e-01
      vertex   -5.604275e+01 4.268465e+01 1.050000e+00
    endloop
  endfacet
  facet normal -1.305262e-01 0.000000e+00 9.914449e-01
    outer loop
      vertex   -5.604275e+01 4.268465e+01 1.050000e+00
      vertex   -5.643098e+01 3.254275e+01 9.988887e-01
      vertex   -5.643098e+01 2.441775e+01 9.988887e-01
    endloop
  endfacet
  facet normal -1.619144e-01 6.800805e-04 9.868046e-01
    outer loop
      vertex   -5.604275e+01 4.268465e+01 1.050000e+00
      vertex   -5.643098e+01 2.441775e+01 9.988887e-01
      vertex   -5.641639e+01 2.233256e+01 1.002720e+00
    endloop
  endfacet
  facet normal -3.688115e-01 -8.729844e-04 9.295038e-01
    outer loop
      vertex   -5.641639e+01 2.233256e+01 1.002720e+00
      vertex   -5.643098e+01 2.441775e+01 9.988887e-01
      vertex   -5.676647e+01 2.238310e+01 8.638603e-01
    endloop
  endfacet
  facet normal -3.826828e-01 1.787589e-03 9.238781e-01
    outer loop
      vertex   -5.676647e+01 2.238310e+01 8.638603e-01
      vertex   -5.643098e+01 2.441775e+01 9.988887e-01
      vertex   -5.679275e+01 2.441775e+01 8.490381e-01
    endloop
  endfacet
  facet normal -5.889204e-01 -1.718966e-03 8.081892e-01
    outer loop
      vertex   -5.676647e+01 2.238310e+01 8.638603e-01
      vertex   -5.679275e+01 2.441775e+01 8.490381e-01
      vertex   -5.707093e+01 2.246379e+01 6.421748e-01
    endloop
  endfacet
  facet normal -6.087592e-01 2.676389e-03 7.933505e-01
    outer loop
      vertex   -5.707093e+01 2.246379e+01 6.421748e-01
      vertex   -5.679275e+01 2.441775e+01 8.490381e-01
      vertex   -5.710341e+01 2.441775e+01 6.106602e-01
    endloop
  endfacet
  facet normal -7.718952e-01 -2.577324e-03 6.357446e-01
    outer loop
      vertex   -5.707093e+01 2.246379e+01 6.421748e-01
      vertex   -5.710341e+01 2.441775e+01 6.106602e-01
      vertex   -5.731058e+01 2.256953e+01 3.516385e-01
    endloop
  endfacet
  facet normal -7.933482e-01 3.609451e-03 6.087575e-01
    outer loop
      vertex   -5.731058e+01 2.256953e+01 3.516385e-01
      vertex   -5.710341e+01 2.441775e+01 6.106602e-01
      vertex   -5.734179e+01 2.441775e+01 3.000000e-01
    endloop
  endfacet
  facet normal -9.061008e-01 -3.483516e-03 4.230475e-01
    outer loop
      vertex   -5.731058e+01 2.256953e+01 3.516385e-01
      vertex   -5.734179e+01 2.441775e+01 3.000000e-01
      vertex   -5.747030e+01 2.269367e+01 1.056688e-02
    endloop
  endfacet
  facet normal -9.238697e-01 4.617782e-03 3.826794e-01
    outer loop
      vertex   -5.747030e+01 2.269367e+01 1.056688e-02
      vertex   -5.734179e+01 2.441775e+01 3.000000e-01
      vertex   -5.749164e+01 2.441775e+01 -6.177143e-02
    endloop
  endfacet
  facet normal -9.829969e-01 -4.468533e-03 1.835679e-01
    outer loop
      vertex   -5.747030e+01 2.269367e+01 1.056688e-02
      vertex   -5.749164e+01 2.441775e+01 -6.177143e-02
      vertex   -5.754002e+01 2.282838e+01 -3.595389e-01
    endloop
  endfacet
  facet normal -9.870560e-01 0.000000e+00 1.603761e-01
    outer loop
      vertex   -5.754002e+01 2.282838e+01 -3.595389e-01
      vertex   -5.749164e+01 2.441775e+01 -6.177143e-02
      vertex   -5.749164e+01 3.254275e+01 -6.177143e-02
    endloop
  endfacet
  facet normal -9.995449e-01 7.729053e-20 3.016742e-02
    outer loop
      vertex   -5.754275e+01 6.504275e+01 -4.500000e-01
      vertex   -5.754275e+01 4.275252e-02 -4.500000e-01
      vertex   -5.754002e+01 2.282838e+01 -3.595389e-01
    endloop
  endfacet
  facet normal -9.995449e-01 4.067528e-15 3.016742e-02
    outer loop
      vertex   -5.754002e+01 2.282838e+01 -3.595389e-01
      vertex   -5.754275e+01 4.275252e-02 -4.500000e-01
      vertex   -5.754002e+01 1.225712e+01 -3.595389e-01
    endloop
  endfacet
  facet normal -9.987951e-01 -1.401960e-04 4.907454e-02
    outer loop
      vertex   -5.754002e+01 1.225712e+01 -3.595389e-01
      vertex   -5.754275e+01 4.275252e-02 -4.500000e-01
      vertex   -5.753553e+01 4.997543e-02 -3.029743e-01
    endloop
  endfacet
  facet normal -9.861598e-01 4.053142e-04 1.657969e-01
    outer loop
      vertex   -5.754002e+01 1.225712e+01 -3.595389e-01
      vertex   -5.753553e+01 4.997543e-02 -3.029743e-01
      vertex   -5.749164e+01 8.167753e+00 -6.177143e-02
    endloop
  endfacet
  facet normal -9.891974e-01 9.925374e-04 1.465863e-01
    outer loop
      vertex   -5.749164e+01 8.167753e+00 -6.177143e-02
      vertex   -5.753553e+01 4.997543e-02 -3.029743e-01
      vertex   -5.751393e+01 7.157460e-02 -1.573645e-01
    endloop
  endfacet
  facet normal -9.568730e-01 -7.957352e-04 2.905056e-01
    outer loop
      vertex   -5.749164e+01 8.167753e+00 -6.177143e-02
      vertex   -5.751393e+01 7.157460e-02 -1.573645e-01
      vertex   -5.742857e+01 1.569332e-01 1.240251e-01
    endloop
  endfacet
  facet normal -9.238783e-01 1.601920e-03 3.826829e-01
    outer loop
      vertex   -5.749164e+01 8.167753e+00 -6.177143e-02
      vertex   -5.742857e+01 1.569332e-01 1.240251e-01
      vertex   -5.734179e+01 8.167753e+00 3.000000e-01
    endloop
  endfacet
  facet normal -8.817408e-01 -8.107456e-04 4.717336e-01
    outer loop
      vertex   -5.734179e+01 8.167753e+00 3.000000e-01
      vertex   -5.742857e+01 1.569332e-01 1.240251e-01
      vertex   -5.728996e+01 2.955481e-01 3.833553e-01
    endloop
  endfacet
  facet normal -7.933527e-01 1.222159e-03 6.087610e-01
    outer loop
      vertex   -5.734179e+01 8.167753e+00 3.000000e-01
      vertex   -5.728996e+01 2.955481e-01 3.833553e-01
      vertex   -5.710341e+01 8.167753e+00 6.106602e-01
    endloop
  endfacet
  facet normal -7.730105e-01 4.582027e-17 6.343933e-01
    outer loop
      vertex   -5.710341e+01 8.167753e+00 6.106602e-01
      vertex   -5.728996e+01 2.955481e-01 3.833553e-01
      vertex   -5.710341e+01 4.820923e-01 6.106602e-01
    endloop
  endfacet
  facet normal -6.343933e-01 5.583216e-17 7.730105e-01
    outer loop
      vertex   -5.710341e+01 8.167753e+00 6.106602e-01
      vertex   -5.710341e+01 4.820923e-01 6.106602e-01
      vertex   -5.687611e+01 7.093972e-01 7.972044e-01
    endloop
  endfacet
  facet normal -6.087609e-01 1.289974e-03 7.933527e-01
    outer loop
      vertex   -5.710341e+01 8.167753e+00 6.106602e-01
      vertex   -5.687611e+01 7.093972e-01 7.972044e-01
      vertex   -5.679275e+01 8.167753e+00 8.490381e-01
    endloop
  endfacet
  facet normal -4.707191e-01 -8.708369e-04 8.822827e-01
    outer loop
      vertex   -5.679275e+01 8.167753e+00 8.490381e-01
      vertex   -5.687611e+01 7.093972e-01 7.972044e-01
      vertex   -5.661678e+01 9.687274e-01 9.358193e-01
    endloop
  endfacet
  facet normal -3.826828e-01 1.782559e-03 9.238781e-01
    outer loop
      vertex   -5.679275e+01 8.167753e+00 8.490381e-01
      vertex   -5.661678e+01 9.687274e-01 9.358193e-01
      vertex   -5.643098e+01 8.167753e+00 9.988887e-01
    endloop
  endfacet
  facet normal -2.894460e-01 -9.156257e-04 9.571939e-01
    outer loop
      vertex   -5.643098e+01 8.167753e+00 9.988887e-01
      vertex   -5.661678e+01 9.687274e-01 9.358193e-01
      vertex   -5.633539e+01 1.250117e+00 1.021178e+00
    endloop
  endfacet
  facet normal -1.444118e-01 1.192712e-03 9.895170e-01
    outer loop
      vertex   -5.643098e+01 8.167753e+00 9.988887e-01
      vertex   -5.633539e+01 1.250117e+00 1.021178e+00
      vertex   -5.604275e+01 1.277015e+01 1.050000e+00
    endloop
  endfacet
  facet normal -9.801714e-02 -2.266801e-17 9.951847e-01
    outer loop
      vertex   -5.604275e+01 1.277015e+01 1.050000e+00
      vertex   -5.633539e+01 1.250117e+00 1.021178e+00
      vertex   -5.604275e+01 1.542753e+00 1.050000e+00
    endloop
  endfacet
  facet normal -1.255194e-01 -4.295137e-04 9.920911e-01
    outer loop
      vertex   -5.604275e+01 1.277015e+01 1.050000e+00
      vertex   -5.641639e+01 1.275294e+01 1.002720e+00
      vertex   -5.643098e+01 8.167753e+00 9.988887e-01
    endloop
  endfacet
  facet normal -3.687522e-01 3.967955e-04 9.295276e-01
    outer loop
      vertex   -5.643098e+01 8.167753e+00 9.988887e-01
      vertex   -5.641639e+01 1.275294e+01 1.002720e+00
      vertex   -5.676647e+01 1.270240e+01 8.638603e-01
    endloop
  endfacet
  facet normal -3.826833e-01 -8.020739e-04 9.238792e-01
    outer loop
      vertex   -5.643098e+01 8.167753e+00 9.988887e-01
      vertex   -5.676647e+01 1.270240e+01 8.638603e-01
      vertex   -5.679275e+01 8.167753e+00 8.490381e-01
    endloop
  endfacet
  facet normal -5.887567e-01 7.699397e-04 8.083099e-01
    outer loop
      vertex   -5.679275e+01 8.167753e+00 8.490381e-01
      vertex   -5.676647e+01 1.270240e+01 8.638603e-01
      vertex   -5.707093e+01 1.262172e+01 6.421748e-01
    endloop
  endfacet
  facet normal -6.087610e-01 -1.174142e-03 7.933528e-01
    outer loop
      vertex   -5.679275e+01 8.167753e+00 8.490381e-01
      vertex   -5.707093e+01 1.262172e+01 6.421748e-01
      vertex   -5.710341e+01 8.167753e+00 6.106602e-01
    endloop
  endfacet
  facet normal -7.716382e-01 1.126568e-03 6.360607e-01
    outer loop
      vertex   -5.710341e+01 8.167753e+00 6.106602e-01
      vertex   -5.707093e+01 1.262172e+01 6.421748e-01
      vertex   -5.731058e+01 1.251597e+01 3.516385e-01
    endloop
  endfacet
  facet normal -7.933524e-01 -1.534212e-03 6.087607e-01
    outer loop
      vertex   -5.710341e+01 8.167753e+00 6.106602e-01
      vertex   -5.731058e+01 1.251597e+01 3.516385e-01
      vertex   -5.734179e+01 8.167753e+00 3.000000e-01
    endloop
  endfacet
  facet normal -9.058246e-01 1.471531e-03 4.236505e-01
    outer loop
      vertex   -5.734179e+01 8.167753e+00 3.000000e-01
      vertex   -5.731058e+01 1.251597e+01 3.516385e-01
      vertex   -5.747030e+01 1.239183e+01 1.056688e-02
    endloop
  endfacet
  facet normal -9.238779e-01 -1.884787e-03 3.826828e-01
    outer loop
      vertex   -5.734179e+01 8.167753e+00 3.000000e-01
      vertex   -5.747030e+01 1.239183e+01 1.056688e-02
      vertex   -5.749164e+01 8.167753e+00 -6.177143e-02
    endloop
  endfacet
  facet normal -9.828299e-01 1.806959e-03 1.845052e-01
    outer loop
      vertex   -5.749164e+01 8.167753e+00 -6.177143e-02
      vertex   -5.747030e+01 1.239183e+01 1.056688e-02
      vertex   -5.754002e+01 1.225712e+01 -3.595389e-01
    endloop
  endfacet
  facet normal -1.255389e-01 -7.643131e-17 9.920887e-01
    outer loop
      vertex   -5.641639e+01 2.233256e+01 1.002720e+00
      vertex   -5.604275e+01 2.231535e+01 1.050000e+00
      vertex   -5.604275e+01 4.268465e+01 1.050000e+00
    endloop
  endfacet
  facet normal -1.122939e-01 -3.565849e-03 9.936686e-01
    outer loop
      vertex   -5.604275e+01 4.268465e+01 1.050000e+00
      vertex   -5.637793e+01 4.267084e+01 1.012072e+00
      vertex   -5.643098e+01 4.066775e+01 9.988887e-01
    endloop
  endfacet
  facet normal -3.319257e-01 2.582238e-03 9.433020e-01
    outer loop
      vertex   -5.643098e+01 4.066775e+01 9.988887e-01
      vertex   -5.637793e+01 4.267084e+01 1.012072e+00
      vertex   -5.669616e+01 4.263013e+01 9.002059e-01
    endloop
  endfacet
  facet normal -3.826782e-01 -5.253416e-03 9.238668e-01
    outer loop
      vertex   -5.643098e+01 4.066775e+01 9.988887e-01
      vertex   -5.669616e+01 4.263013e+01 9.002059e-01
      vertex   -5.679275e+01 4.066775e+01 8.490381e-01
    endloop
  endfacet
  facet normal -5.347547e-01 4.288482e-03 8.449964e-01
    outer loop
      vertex   -5.679275e+01 4.066775e+01 8.490381e-01
      vertex   -5.669616e+01 4.263013e+01 9.002059e-01
      vertex   -5.698135e+01 4.256456e+01 7.200590e-01
    endloop
  endfacet
  facet normal -6.087482e-01 -6.581340e-03 7.933362e-01
    outer loop
      vertex   -5.679275e+01 4.066775e+01 8.490381e-01
      vertex   -5.698135e+01 4.256456e+01 7.200590e-01
      vertex   -5.710341e+01 4.066775e+01 6.106602e-01
    endloop
  endfacet
  facet normal -7.103924e-01 5.124491e-03 7.037872e-01
    outer loop
      vertex   -5.710341e+01 4.066775e+01 6.106602e-01
      vertex   -5.698135e+01 4.256456e+01 7.200590e-01
      vertex   -5.721907e+01 4.247745e+01 4.807414e-01
    endloop
  endfacet
  facet normal -9.460095e-01 3.652864e-03 3.241183e-01
    outer loop
      vertex   -5.739730e+01 4.237322e+01 1.943556e-01
      vertex   -5.750704e+01 4.225712e+01 -1.246158e-01
      vertex   -5.749164e+01 4.066775e+01 -6.177143e-02
    endloop
  endfacet
  facet normal -3.317631e-01 -1.146555e-03 9.433620e-01
    outer loop
      vertex   -5.669616e+01 5.245538e+01 9.002059e-01
      vertex   -5.637793e+01 5.241466e+01 1.012072e+00
      vertex   -5.643098e+01 5.691775e+01 9.988887e-01
    endloop
  endfacet
  facet normal -9.238795e-01 0.000000e+00 3.826834e-01
    outer loop
      vertex   -5.749164e+01 3.254275e+01 -6.177143e-02
      vertex   -5.749164e+01 2.441775e+01 -6.177143e-02
      vertex   -5.734179e+01 3.254275e+01 3.000000e-01
    endloop
  endfacet
  facet normal -9.238795e-01 0.000000e+00 3.826834e-01
    outer loop
      vertex   -5.734179e+01 3.254275e+01 3.000000e-01
      vertex   -5.749164e+01 2.441775e+01 -6.177143e-02
      vertex   -5.734179e+01 2.441775e+01 3.000000e-01
    endloop
  endfacet
  facet normal -7.933533e-01 0.000000e+00 6.087614e-01
    outer loop
      vertex   -5.734179e+01 3.254275e+01 3.000000e-01
      vertex   -5.734179e+01 2.441775e+01 3.000000e-01
      vertex   -5.710341e+01 3.254275e+01 6.106602e-01
    endloop
  endfacet
  facet normal -7.933533e-01 0.000000e+00 6.087614e-01
    outer loop
      vertex   -5.710341e+01 3.254275e+01 6.106602e-01
      vertex   -5.734179e+01 2.441775e+01 3.000000e-01
      vertex   -5.710341e+01 2.441775e+01 6.106602e-01
    endloop
  endfacet
  facet normal -6.087614e-01 0.000000e+00 7.933533e-01
    outer loop
      vertex   -5.710341e+01 3.254275e+01 6.106602e-01
      vertex   -5.710341e+01 2.441775e+01 6.106602e-01
      vertex   -5.679275e+01 3.254275e+01 8.490381e-01
    endloop
  endfacet
  facet normal -6.087614e-01 0.000000e+00 7.933533e-01
    outer loop
      vertex   -5.679275e+01 3.254275e+01 8.490381e-01
      vertex   -5.710341e+01 2.441775e+01 6.106602e-01
      vertex   -5.679275e+01 2.441775e+01 8.490381e-01
    endloop
  endfacet
  facet normal -3.826834e-01 0.000000e+00 9.238795e-01
    outer loop
      vertex   -5.679275e+01 3.254275e+01 8.490381e-01
      vertex   -5.679275e+01 2.441775e+01 8.490381e-01
      vertex   -5.643098e+01 3.254275e+01 9.988887e-01
    endloop
  endfacet
  facet normal -3.826834e-01 0.000000e+00 9.238795e-01
    outer loop
      vertex   -5.643098e+01 3.254275e+01 9.988887e-01
      vertex   -5.679275e+01 2.441775e+01 8.490381e-01
      vertex   -5.643098e+01 2.441775e+01 9.988887e-01
    endloop
  endfacet
  facet normal -9.238795e-01 -1.615891e-15 3.826834e-01
    outer loop
      vertex   -5.734179e+01 3.254275e+01 3.000000e-01
      vertex   -5.734179e+01 4.066775e+01 3.000000e-01
      vertex   -5.749164e+01 3.254275e+01 -6.177143e-02
    endloop
  endfacet
  facet normal 9.987972e-01 -3.947762e-03 4.887382e-02
    outer loop
      vertex   3.245002e+01 6.503553e+01 -3.029743e-01
      vertex   3.240614e+01 5.691775e+01 -6.177143e-02
      vertex   3.245725e+01 6.504275e+01 -4.500000e-01
    endloop
  endfacet
  facet normal 9.875587e-01 1.301149e-03 1.572455e-01
    outer loop
      vertex   3.245725e+01 6.504275e+01 -4.500000e-01
      vertex   3.240614e+01 5.691775e+01 -6.177143e-02
      vertex   3.242153e+01 5.282838e+01 -1.246158e-01
    endloop
  endfacet
  facet normal 9.940294e-01 2.155632e-17 1.091129e-01
    outer loop
      vertex   3.245725e+01 6.504275e+01 -4.500000e-01
      vertex   3.242153e+01 5.282838e+01 -1.246158e-01
      vertex   3.242153e+01 4.225712e+01 -1.246158e-01
    endloop
  endfacet
  facet normal 9.891974e-01 -9.925374e-04 1.465863e-01
    outer loop
      vertex   3.245002e+01 6.503553e+01 -3.029743e-01
      vertex   3.242843e+01 6.501393e+01 -1.573645e-01
      vertex   3.240614e+01 5.691775e+01 -6.177143e-02
    endloop
  endfacet
  facet normal 9.568730e-01 7.957352e-04 2.905056e-01
    outer loop
      vertex   3.240614e+01 5.691775e+01 -6.177143e-02
      vertex   3.242843e+01 6.501393e+01 -1.573645e-01
      vertex   3.234307e+01 6.492857e+01 1.240251e-01
    endloop
  endfacet
  facet normal 9.238783e-01 -1.601920e-03 3.826829e-01
    outer loop
      vertex   3.240614e+01 5.691775e+01 -6.177143e-02
      vertex   3.234307e+01 6.492857e+01 1.240251e-01
      vertex   3.225629e+01 5.691775e+01 3.000000e-01
    endloop
  endfacet
  facet normal 8.817408e-01 8.107456e-04 4.717336e-01
    outer loop
      vertex   3.225629e+01 5.691775e+01 3.000000e-01
      vertex   3.234307e+01 6.492857e+01 1.240251e-01
      vertex   3.220445e+01 6.478996e+01 3.833553e-01
    endloop
  endfacet
  facet normal 7.933527e-01 -1.222159e-03 6.087610e-01
    outer loop
      vertex   3.225629e+01 5.691775e+01 3.000000e-01
      vertex   3.220445e+01 6.478996e+01 3.833553e-01
      vertex   3.201791e+01 5.691775e+01 6.106602e-01
    endloop
  endfacet
  facet normal 7.730105e-01 -9.164054e-18 6.343933e-01
    outer loop
      vertex   3.201791e+01 5.691775e+01 6.106602e-01
      vertex   3.220445e+01 6.478996e+01 3.833553e-01
      vertex   3.201791e+01 6.460341e+01 6.106602e-01
    endloop
  endfacet
  facet normal 6.343933e-01 -1.116643e-17 7.730105e-01
    outer loop
      vertex   3.201791e+01 5.691775e+01 6.106602e-01
      vertex   3.201791e+01 6.460341e+01 6.106602e-01
      vertex   3.179060e+01 6.437611e+01 7.972044e-01
    endloop
  endfacet
  facet normal 6.087609e-01 -1.289974e-03 7.933527e-01
    outer loop
      vertex   3.201791e+01 5.691775e+01 6.106602e-01
      vertex   3.179060e+01 6.437611e+01 7.972044e-01
      vertex   3.170725e+01 5.691775e+01 8.490381e-01
    endloop
  endfacet
  facet normal 4.707191e-01 8.708369e-04 8.822827e-01
    outer loop
      vertex   3.170725e+01 5.691775e+01 8.490381e-01
      vertex   3.179060e+01 6.437611e+01 7.972044e-01
      vertex   3.153127e+01 6.411678e+01 9.358193e-01
    endloop
  endfacet
  facet normal 3.826828e-01 -1.782559e-03 9.238781e-01
    outer loop
      vertex   3.170725e+01 5.691775e+01 8.490381e-01
      vertex   3.153127e+01 6.411678e+01 9.358193e-01
      vertex   3.134548e+01 5.691775e+01 9.988887e-01
    endloop
  endfacet
  facet normal 2.894460e-01 9.156257e-04 9.571939e-01
    outer loop
      vertex   3.134548e+01 5.691775e+01 9.988887e-01
      vertex   3.153127e+01 6.411678e+01 9.358193e-01
      vertex   3.124988e+01 6.383539e+01 1.021178e+00
    endloop
  endfacet
  facet normal 1.441902e-01 -1.195879e-03 9.895493e-01
    outer loop
      vertex   3.134548e+01 5.691775e+01 9.988887e-01
      vertex   3.124988e+01 6.383539e+01 1.021178e+00
      vertex   3.095725e+01 5.240086e+01 1.050000e+00
    endloop
  endfacet
  facet normal 9.801714e-02 -0.000000e+00 9.951847e-01
    outer loop
      vertex   3.095725e+01 5.240086e+01 1.050000e+00
      vertex   3.124988e+01 6.383539e+01 1.021178e+00
      vertex   3.095725e+01 6.354275e+01 1.050000e+00
    endloop
  endfacet
  facet normal 1.123750e-01 1.585214e-03 9.936646e-01
    outer loop
      vertex   3.095725e+01 5.240086e+01 1.050000e+00
      vertex   3.129243e+01 5.241466e+01 1.012072e+00
      vertex   3.134548e+01 5.691775e+01 9.988887e-01
    endloop
  endfacet
  facet normal 3.317631e-01 -1.146555e-03 9.433620e-01
    outer loop
      vertex   3.134548e+01 5.691775e+01 9.988887e-01
      vertex   3.129243e+01 5.241466e+01 1.012072e+00
      vertex   3.161066e+01 5.245538e+01 9.002059e-01
    endloop
  endfacet
  facet normal 3.826824e-01 2.310269e-03 9.238771e-01
    outer loop
      vertex   3.134548e+01 5.691775e+01 9.988887e-01
      vertex   3.161066e+01 5.245538e+01 9.002059e-01
      vertex   3.170725e+01 5.691775e+01 8.490381e-01
    endloop
  endfacet
  facet normal 5.343621e-01 -1.874458e-03 8.452536e-01
    outer loop
      vertex   3.170725e+01 5.691775e+01 8.490381e-01
      vertex   3.161066e+01 5.245538e+01 9.002059e-01
      vertex   3.189584e+01 5.252095e+01 7.200590e-01
    endloop
  endfacet
  facet normal 6.087590e-01 2.839276e-03 7.933501e-01
    outer loop
      vertex   3.170725e+01 5.691775e+01 8.490381e-01
      vertex   3.189584e+01 5.252095e+01 7.200590e-01
      vertex   3.201791e+01 5.691775e+01 6.106602e-01
    endloop
  endfacet
  facet normal 7.098651e-01 -2.182484e-03 7.043342e-01
    outer loop
      vertex   3.201791e+01 5.691775e+01 6.106602e-01
      vertex   3.189584e+01 5.252095e+01 7.200590e-01
      vertex   3.213356e+01 5.260805e+01 4.807414e-01
    endloop
  endfacet
  facet normal 7.933499e-01 2.939117e-03 6.087588e-01
    outer loop
      vertex   3.201791e+01 5.691775e+01 6.106602e-01
      vertex   3.213356e+01 5.260805e+01 4.807414e-01
      vertex   3.225629e+01 5.691775e+01 3.000000e-01
    endloop
  endfacet
  facet normal 8.493386e-01 -2.048609e-03 5.278444e-01
    outer loop
      vertex   3.225629e+01 5.691775e+01 3.000000e-01
      vertex   3.213356e+01 5.260805e+01 4.807414e-01
      vertex   3.231180e+01 5.271229e+01 1.943556e-01
    endloop
  endfacet
  facet normal 9.238765e-01 2.581868e-03 3.826822e-01
    outer loop
      vertex   3.225629e+01 5.691775e+01 3.000000e-01
      vertex   3.231180e+01 5.271229e+01 1.943556e-01
      vertex   3.240614e+01 5.691775e+01 -6.177143e-02
    endloop
  endfacet
  facet normal 9.457668e-01 -1.431772e-03 3.248432e-01
    outer loop
      vertex   3.240614e+01 5.691775e+01 -6.177143e-02
      vertex   3.231180e+01 5.271229e+01 1.943556e-01
      vertex   3.242153e+01 5.282838e+01 -1.246158e-01
    endloop
  endfacet
  facet normal 9.460095e-01 3.652864e-03 3.241183e-01
    outer loop
      vertex   3.231180e+01 4.237322e+01 1.943556e-01
      vertex   3.240614e+01 4.066775e+01 -6.177143e-02
      vertex   3.242153e+01 4.225712e+01 -1.246158e-01
    endloop
  endfacet
  facet normal 9.712832e-01 0.000000e+00 2.379263e-01
    outer loop
      vertex   3.242153e+01 4.225712e+01 -1.246158e-01
      vertex   3.240614e+01 4.066775e+01 -6.177143e-02
      vertex   3.240614e+01 3.254275e+01 -6.177143e-02
    endloop
  endfacet
  facet normal 9.712832e-01 8.494902e-16 2.379263e-01
    outer loop
      vertex   3.242153e+01 4.225712e+01 -1.246158e-01
      vertex   3.240614e+01 3.254275e+01 -6.177143e-02
      vertex   3.240614e+01 2.441775e+01 -6.177143e-02
    endloop
  endfacet
  facet normal 9.238795e-01 8.079457e-16 3.826834e-01
    outer loop
      vertex   3.240614e+01 2.441775e+01 -6.177143e-02
      vertex   3.240614e+01 3.254275e+01 -6.177143e-02
      vertex   3.225629e+01 2.441775e+01 3.000000e-01
    endloop
  endfacet
  facet normal 9.238697e-01 4.617782e-03 3.826794e-01
    outer loop
      vertex   3.240614e+01 2.441775e+01 -6.177143e-02
      vertex   3.225629e+01 2.441775e+01 3.000000e-01
      vertex   3.238479e+01 2.269367e+01 1.056688e-02
    endloop
  endfacet
  facet normal 9.061008e-01 -3.483516e-03 4.230475e-01
    outer loop
      vertex   3.238479e+01 2.269367e+01 1.056688e-02
      vertex   3.225629e+01 2.441775e+01 3.000000e-01
      vertex   3.222507e+01 2.256953e+01 3.516385e-01
    endloop
  endfacet
  facet normal 7.933482e-01 3.609451e-03 6.087575e-01
    outer loop
      vertex   3.222507e+01 2.256953e+01 3.516385e-01
      vertex   3.225629e+01 2.441775e+01 3.000000e-01
      vertex   3.201791e+01 2.441775e+01 6.106602e-01
    endloop
  endfacet
  facet normal 7.718952e-01 -2.577324e-03 6.357446e-01
    outer loop
      vertex   3.222507e+01 2.256953e+01 3.516385e-01
      vertex   3.201791e+01 2.441775e+01 6.106602e-01
      vertex   3.198543e+01 2.246379e+01 6.421748e-01
    endloop
  endfacet
  facet normal 6.087592e-01 2.676389e-03 7.933505e-01
    outer loop
      vertex   3.198543e+01 2.246379e+01 6.421748e-01
      vertex   3.201791e+01 2.441775e+01 6.106602e-01
      vertex   3.170725e+01 2.441775e+01 8.490381e-01
    endloop
  endfacet
  facet normal 5.889204e-01 -1.718966e-03 8.081892e-01
    outer loop
      vertex   3.198543e+01 2.246379e+01 6.421748e-01
      vertex   3.170725e+01 2.441775e+01 8.490381e-01
      vertex   3.168097e+01 2.238310e+01 8.638603e-01
    endloop
  endfacet
  facet normal 3.826828e-01 1.787589e-03 9.238781e-01
    outer loop
      vertex   3.168097e+01 2.238310e+01 8.638603e-01
      vertex   3.170725e+01 2.441775e+01 8.490381e-01
      vertex   3.134548e+01 2.441775e+01 9.988887e-01
    endloop
  endfacet
  facet normal 3.688115e-01 -8.729844e-04 9.295038e-01
    outer loop
      vertex   3.168097e+01 2.238310e+01 8.638603e-01
      vertex   3.134548e+01 2.441775e+01 9.988887e-01
      vertex   3.133088e+01 2.233256e+01 1.002720e+00
    endloop
  endfacet
  facet normal 1.254960e-01 9.446393e-04 9.920937e-01
    outer loop
      vertex   3.133088e+01 2.233256e+01 1.002720e+00
      vertex   3.134548e+01 2.441775e+01 9.988887e-01
      vertex   3.095725e+01 2.231535e+01 1.050000e+00
    endloop
  endfacet
  facet normal 1.305262e-01 5.779547e-17 9.914449e-01
    outer loop
      vertex   3.095725e+01 2.231535e+01 1.050000e+00
      vertex   3.134548e+01 2.441775e+01 9.988887e-01
      vertex   3.134548e+01 3.254275e+01 9.988887e-01
    endloop
  endfacet
  facet normal 1.442958e-01 -5.322383e-04 9.895344e-01
    outer loop
      vertex   3.095725e+01 2.231535e+01 1.050000e+00
      vertex   3.134548e+01 3.254275e+01 9.988887e-01
      vertex   3.129243e+01 4.267084e+01 1.012072e+00
    endloop
  endfacet
  facet normal 2.411762e-01 0.000000e+00 9.704813e-01
    outer loop
      vertex   3.129243e+01 4.267084e+01 1.012072e+00
      vertex   3.134548e+01 3.254275e+01 9.988887e-01
      vertex   3.134548e+01 4.066775e+01 9.988887e-01
    endloop
  endfacet
  facet normal 3.319257e-01 2.582238e-03 9.433020e-01
    outer loop
      vertex   3.129243e+01 4.267084e+01 1.012072e+00
      vertex   3.134548e+01 4.066775e+01 9.988887e-01
      vertex   3.161066e+01 4.263013e+01 9.002059e-01
    endloop
  endfacet
  facet normal 3.826782e-01 -5.253416e-03 9.238668e-01
    outer loop
      vertex   3.161066e+01 4.263013e+01 9.002059e-01
      vertex   3.134548e+01 4.066775e+01 9.988887e-01
      vertex   3.170725e+01 4.066775e+01 8.490381e-01
    endloop
  endfacet
  facet normal 5.347547e-01 4.288482e-03 8.449964e-01
    outer loop
      vertex   3.161066e+01 4.263013e+01 9.002059e-01
      vertex   3.170725e+01 4.066775e+01 8.490381e-01
      vertex   3.189584e+01 4.256456e+01 7.200590e-01
    endloop
  endfacet
  facet normal 5.645048e-01 0.000000e+00 8.254298e-01
    outer loop
      vertex   3.189584e+01 4.256456e+01 7.200590e-01
      vertex   3.170725e+01 4.066775e+01 8.490381e-01
      vertex   3.170725e+01 3.254275e+01 8.490381e-01
    endloop
  endfacet
  facet normal 6.468459e-01 -2.357927e-03 7.626171e-01
    outer loop
      vertex   3.189584e+01 4.256456e+01 7.200590e-01
      vertex   3.170725e+01 3.254275e+01 8.490381e-01
      vertex   3.201791e+01 4.066775e+01 6.106602e-01
    endloop
  endfacet
  facet normal 6.087614e-01 0.000000e+00 7.933533e-01
    outer loop
      vertex   3.201791e+01 4.066775e+01 6.106602e-01
      vertex   3.170725e+01 3.254275e+01 8.490381e-01
      vertex   3.201791e+01 3.254275e+01 6.106602e-01
    endloop
  endfacet
  facet normal 7.469154e-01 0.000000e+00 6.649191e-01
    outer loop
      vertex   3.201791e+01 4.066775e+01 6.106602e-01
      vertex   3.201791e+01 3.254275e+01 6.106602e-01
      vertex   3.213356e+01 4.247745e+01 4.807414e-01
    endloop
  endfacet
  facet normal 8.179040e-01 -1.997726e-03 5.753513e-01
    outer loop
      vertex   3.213356e+01 4.247745e+01 4.807414e-01
      vertex   3.201791e+01 3.254275e+01 6.106602e-01
      vertex   3.225629e+01 4.066775e+01 3.000000e-01
    endloop
  endfacet
  facet normal 8.498090e-01 4.988162e-03 5.270672e-01
    outer loop
      vertex   3.213356e+01 4.247745e+01 4.807414e-01
      vertex   3.225629e+01 4.066775e+01 3.000000e-01
      vertex   3.231180e+01 4.237322e+01 1.943556e-01
    endloop
  endfacet
  facet normal 9.238608e-01 -6.366455e-03 3.826757e-01
    outer loop
      vertex   3.231180e+01 4.237322e+01 1.943556e-01
      vertex   3.225629e+01 4.066775e+01 3.000000e-01
      vertex   3.240614e+01 4.066775e+01 -6.177143e-02
    endloop
  endfacet
  facet normal 7.103924e-01 5.124491e-03 7.037872e-01
    outer loop
      vertex   3.213356e+01 4.247745e+01 4.807414e-01
      vertex   3.189584e+01 4.256456e+01 7.200590e-01
      vertex   3.201791e+01 4.066775e+01 6.106602e-01
    endloop
  endfacet
  facet normal 1.124397e-01 -1.287608e-17 9.936586e-01
    outer loop
      vertex   3.129243e+01 4.267084e+01 1.012072e+00
      vertex   3.095725e+01 4.268465e+01 1.050000e+00
      vertex   3.095725e+01 2.231535e+01 1.050000e+00
    endloop
  endfacet
  facet normal 9.829969e-01 -4.468533e-03 1.835679e-01
    outer loop
      vertex   3.238479e+01 2.269367e+01 1.056688e-02
      vertex   3.245452e+01 2.282838e+01 -3.595389e-01
      vertex   3.240614e+01 2.441775e+01 -6.177143e-02
    endloop
  endfacet
  facet normal 9.868170e-01 -2.814424e-04 1.618395e-01
    outer loop
      vertex   3.240614e+01 2.441775e+01 -6.177143e-02
      vertex   3.245452e+01 2.282838e+01 -3.595389e-01
      vertex   3.242153e+01 4.225712e+01 -1.246158e-01
    endloop
  endfacet
  facet normal 9.995449e-01 4.067528e-15 3.016742e-02
    outer loop
      vertex   3.245452e+01 1.225712e+01 -3.595389e-01
      vertex   3.245725e+01 4.275252e-02 -4.500000e-01
      vertex   3.245452e+01 2.282838e+01 -3.595389e-01
    endloop
  endfacet
  facet normal 9.995449e-01 3.278697e-16 3.016742e-02
    outer loop
      vertex   3.245452e+01 2.282838e+01 -3.595389e-01
      vertex   3.245725e+01 4.275252e-02 -4.500000e-01
      vertex   3.245725e+01 6.504275e+01 -4.500000e-01
    endloop
  endfacet
  facet normal 9.924214e-01 1.991371e-04 1.228813e-01
    outer loop
      vertex   3.245452e+01 2.282838e+01 -3.595389e-01
      vertex   3.245725e+01 6.504275e+01 -4.500000e-01
      vertex   3.242153e+01 4.225712e+01 -1.246158e-01
    endloop
  endfacet
  facet normal 9.828299e-01 1.806959e-03 1.845052e-01
    outer loop
      vertex   3.238479e+01 1.239183e+01 1.056688e-02
      vertex   3.240614e+01 8.167753e+00 -6.177143e-02
      vertex   3.245452e+01 1.225712e+01 -3.595389e-01
    endloop
  endfacet
  facet normal 9.861598e-01 4.053142e-04 1.657969e-01
    outer loop
      vertex   3.245452e+01 1.225712e+01 -3.595389e-01
      vertex   3.240614e+01 8.167753e+00 -6.177143e-02
      vertex   3.245002e+01 4.997543e-02 -3.029743e-01
    endloop
  endfacet
  facet normal 9.987951e-01 -1.401960e-04 4.907454e-02
    outer loop
      vertex   3.245452e+01 1.225712e+01 -3.595389e-01
      vertex   3.245002e+01 4.997543e-02 -3.029743e-01
      vertex   3.245725e+01 4.275252e-02 -4.500000e-01
    endloop
  endfacet
  facet normal 9.238779e-01 -1.884787e-03 3.826828e-01
    outer loop
      vertex   3.240614e+01 8.167753e+00 -6.177143e-02
      vertex   3.238479e+01 1.239183e+01 1.056688e-02
      vertex   3.225629e+01 8.167753e+00 3.000000e-01
    endloop
  endfacet
  facet normal 9.058246e-01 1.471531e-03 4.236505e-01
    outer loop
      vertex   3.225629e+01 8.167753e+00 3.000000e-01
      vertex   3.238479e+01 1.239183e+01 1.056688e-02
      vertex   3.222507e+01 1.251597e+01 3.516385e-01
    endloop
  endfacet
  facet normal 7.933524e-01 -1.534212e-03 6.087607e-01
    outer loop
      vertex   3.225629e+01 8.167753e+00 3.000000e-01
      vertex   3.222507e+01 1.251597e+01 3.516385e-01
      vertex   3.201791e+01 8.167753e+00 6.106602e-01
    endloop
  endfacet
  facet normal 7.716382e-01 1.126568e-03 6.360607e-01
    outer loop
      vertex   3.201791e+01 8.167753e+00 6.106602e-01
      vertex   3.222507e+01 1.251597e+01 3.516385e-01
      vertex   3.198543e+01 1.262172e+01 6.421748e-01
    endloop
  endfacet
  facet normal 6.087610e-01 -1.174142e-03 7.933528e-01
    outer loop
      vertex   3.201791e+01 8.167753e+00 6.106602e-01
      vertex   3.198543e+01 1.262172e+01 6.421748e-01
      vertex   3.170725e+01 8.167753e+00 8.490381e-01
    endloop
  endfacet
  facet normal 5.887567e-01 7.699397e-04 8.083099e-01
    outer loop
      vertex   3.170725e+01 8.167753e+00 8.490381e-01
      vertex   3.198543e+01 1.262172e+01 6.421748e-01
      vertex   3.168097e+01 1.270240e+01 8.638603e-01
    endloop
  endfacet
  facet normal 3.826833e-01 -8.020739e-04 9.238792e-01
    outer loop
      vertex   3.170725e+01 8.167753e+00 8.490381e-01
      vertex   3.168097e+01 1.270240e+01 8.638603e-01
      vertex   3.134548e+01 8.167753e+00 9.988887e-01
    endloop
  endfacet
  facet normal 3.687522e-01 3.967955e-04 9.295276e-01
    outer loop
      vertex   3.134548e+01 8.167753e+00 9.988887e-01
      vertex   3.168097e+01 1.270240e+01 8.638603e-01
      vertex   3.133088e+01 1.275294e+01 1.002720e+00
    endloop
  endfacet
  facet normal 1.370889e-01 -3.914161e-04 9.905587e-01
    outer loop
      vertex   3.134548e+01 8.167753e+00 9.988887e-01
      vertex   3.133088e+01 1.275294e+01 1.002720e+00
      vertex   3.095725e+01 1.542753e+00 1.050000e+00
    endloop
  endfacet
  facet normal 1.255389e-01 1.186903e-16 9.920887e-01
    outer loop
      vertex   3.095725e+01 1.542753e+00 1.050000e+00
      vertex   3.133088e+01 1.275294e+01 1.002720e+00
      vertex   3.095725e+01 1.277015e+01 1.050000e+00
    endloop
  endfacet
  facet normal 9.982578e-02 1.826513e-03 9.950033e-01
    outer loop
      vertex   3.095725e+01 1.542753e+00 1.050000e+00
      vertex   3.124988e+01 1.250117e+00 1.021178e+00
      vertex   3.134548e+01 8.167753e+00 9.988887e-01
    endloop
  endfacet
  facet normal 2.894460e-01 -9.156257e-04 9.571939e-01
    outer loop
      vertex   3.134548e+01 8.167753e+00 9.988887e-01
      vertex   3.124988e+01 1.250117e+00 1.021178e+00
      vertex   3.153127e+01 9.687274e-01 9.358193e-01
    endloop
  endfacet
  facet normal 3.826828e-01 1.782559e-03 9.238781e-01
    outer loop
      vertex   3.134548e+01 8.167753e+00 9.988887e-01
      vertex   3.153127e+01 9.687274e-01 9.358193e-01
      vertex   3.170725e+01 8.167753e+00 8.490381e-01
    endloop
  endfacet
  facet normal 4.707191e-01 -8.708369e-04 8.822827e-01
    outer loop
      vertex   3.170725e+01 8.167753e+00 8.490381e-01
      vertex   3.153127e+01 9.687274e-01 9.358193e-01
      vertex   3.179060e+01 7.093972e-01 7.972044e-01
    endloop
  endfacet
  facet normal 6.087609e-01 1.289974e-03 7.933527e-01
    outer loop
      vertex   3.170725e+01 8.167753e+00 8.490381e-01
      vertex   3.179060e+01 7.093972e-01 7.972044e-01
      vertex   3.201791e+01 8.167753e+00 6.106602e-01
    endloop
  endfacet
  facet normal 6.343933e-01 1.116643e-17 7.730105e-01
    outer loop
      vertex   3.201791e+01 8.167753e+00 6.106602e-01
      vertex   3.179060e+01 7.093972e-01 7.972044e-01
      vertex   3.201791e+01 4.820923e-01 6.106602e-01
    endloop
  endfacet
  facet normal 7.730105e-01 9.164054e-18 6.343933e-01
    outer loop
      vertex   3.201791e+01 8.167753e+00 6.106602e-01
      vertex   3.201791e+01 4.820923e-01 6.106602e-01
      vertex   3.220445e+01 2.955481e-01 3.833553e-01
    endloop
  endfacet
  facet normal 7.933527e-01 1.222159e-03 6.087610e-01
    outer loop
      vertex   3.201791e+01 8.167753e+00 6.106602e-01
      vertex   3.220445e+01 2.955481e-01 3.833553e-01
      vertex   3.225629e+01 8.167753e+00 3.000000e-01
    endloop
  endfacet
  facet normal 8.817408e-01 -8.107456e-04 4.717336e-01
    outer loop
      vertex   3.225629e+01 8.167753e+00 3.000000e-01
      vertex   3.220445e+01 2.955481e-01 3.833553e-01
      vertex   3.234307e+01 1.569332e-01 1.240251e-01
    endloop
  endfacet
  facet normal 9.238783e-01 1.601920e-03 3.826829e-01
    outer loop
      vertex   3.225629e+01 8.167753e+00 3.000000e-01
      vertex   3.234307e+01 1.569332e-01 1.240251e-01
      vertex   3.240614e+01 8.167753e+00 -6.177143e-02
    endloop
  endfacet
  facet normal 9.568730e-01 -7.957352e-04 2.905056e-01
    outer loop
      vertex   3.240614e+01 8.167753e+00 -6.177143e-02
      vertex   3.234307e+01 1.569332e-01 1.240251e-01
      vertex   3.242843e+01 7.157460e-02 -1.573645e-01
    endloop
  endfacet
  facet normal 9.891974e-01 9.925374e-04 1.465863e-01
    outer loop
      vertex   3.240614e+01 8.167753e+00 -6.177143e-02
      vertex   3.242843e+01 7.157460e-02 -1.573645e-01
      vertex   3.245002e+01 4.997543e-02 -3.029743e-01
    endloop
  endfacet
  facet normal 9.238795e-01 -0.000000e+00 3.826834e-01
    outer loop
      vertex   3.240614e+01 3.254275e+01 -6.177143e-02
      vertex   3.240614e+01 4.066775e+01 -6.177143e-02
      vertex   3.225629e+01 3.254275e+01 3.000000e-01
    endloop
  endfacet
  facet normal 9.238795e-01 -0.000000e+00 3.826834e-01
    outer loop
      vertex   3.225629e+01 3.254275e+01 3.000000e-01
      vertex   3.240614e+01 4.066775e+01 -6.177143e-02
      vertex   3.225629e+01 4.066775e+01 3.000000e-01
    endloop
  endfacet
  facet normal 7.933533e-01 -0.000000e+00 6.087614e-01
    outer loop
      vertex   3.225629e+01 3.254275e+01 3.000000e-01
      vertex   3.225629e+01 4.066775e+01 3.000000e-01
      vertex   3.201791e+01 3.254275e+01 6.106602e-01
    endloop
  endfacet
  facet normal 7.933533e-01 0.000000e+00 6.087614e-01
    outer loop
      vertex   3.201791e+01 2.441775e+01 6.106602e-01
      vertex   3.225629e+01 2.441775e+01 3.000000e-01
      vertex   3.225629e+01 3.254275e+01 3.000000e-01
    endloop
  endfacet
  facet normal 9.238795e-01 0.000000e+00 3.826834e-01
    outer loop
      vertex   3.225629e+01 3.254275e+01 3.000000e-01
      vertex   3.225629e+01 2.441775e+01 3.000000e-01
      vertex   3.240614e+01 3.254275e+01 -6.177143e-02
    endloop
  endfacet
  facet normal 7.933533e-01 -0.000000e+00 6.087614e-01
    outer loop
      vertex   3.201791e+01 2.441775e+01 6.106602e-01
      vertex   3.225629e+01 3.254275e+01 3.000000e-01
      vertex   3.201791e+01 3.254275e+01 6.106602e-01
    endloop
  endfacet
  facet normal 6.087614e-01 0.000000e+00 7.933533e-01
    outer loop
      vertex   3.170725e+01 2.441775e+01 8.490381e-01
      vertex   3.201791e+01 2.441775e+01 6.106602e-01
      vertex   3.201791e+01 3.254275e+01 6.106602e-01
    endloop
  endfacet
  facet normal 6.087614e-01 5.323705e-16 7.933533e-01
    outer loop
      vertex   3.170725e+01 2.441775e+01 8.490381e-01
      vertex   3.201791e+01 3.254275e+01 6.106602e-01
      vertex   3.170725e+01 3.254275e+01 8.490381e-01
    endloop
  endfacet
  facet normal 3.826834e-01 3.358680e-16 9.238795e-01
    outer loop
      vertex   3.134548e+01 2.441775e+01 9.988887e-01
      vertex   3.170725e+01 2.441775e+01 8.490381e-01
      vertex   3.170725e+01 3.254275e+01 8.490381e-01
    endloop
  endfacet
  facet normal 3.826834e-01 0.000000e+00 9.238795e-01
    outer loop
      vertex   3.134548e+01 4.066775e+01 9.988887e-01
      vertex   3.134548e+01 3.254275e+01 9.988887e-01
      vertex   3.170725e+01 4.066775e+01 8.490381e-01
    endloop
  endfacet
  facet normal 3.826834e-01 0.000000e+00 9.238795e-01
    outer loop
      vertex   3.170725e+01 4.066775e+01 8.490381e-01
      vertex   3.134548e+01 3.254275e+01 9.988887e-01
      vertex   3.170725e+01 3.254275e+01 8.490381e-01
    endloop
  endfacet
  facet normal 3.826834e-01 1.673310e-16 9.238795e-01
    outer loop
      vertex   3.134548e+01 3.254275e+01 9.988887e-01
      vertex   3.134548e+01 2.441775e+01 9.988887e-01
      vertex   3.170725e+01 3.254275e+01 8.490381e-01
    endloop
  endfacet
  facet normal 1.971352e-16 -9.987955e-01 4.906767e-02
    outer loop
      vertex   -5.754275e+01 4.275252e-02 -4.500000e-01
      vertex   3.245725e+01 4.275252e-02 -4.500000e-01
      vertex   -5.753553e+01 4.997543e-02 -3.029743e-01
    endloop
  endfacet
  facet normal 1.679734e-04 -9.884763e-01 1.513754e-01
    outer loop
      vertex   -5.753553e+01 4.997543e-02 -3.029743e-01
      vertex   3.245725e+01 4.275252e-02 -4.500000e-01
      vertex   -1.663366e+01 9.386378e-02 -6.177143e-02
    endloop
  endfacet
  facet normal 2.187992e-16 -9.838460e-01 1.790169e-01
    outer loop
      vertex   -5.753553e+01 4.997543e-02 -3.029743e-01
      vertex   -1.663366e+01 9.386378e-02 -6.177143e-02
      vertex   -2.481548e+01 9.386378e-02 -6.177143e-02
    endloop
  endfacet
  facet normal 2.052849e-16 -9.238795e-01 3.826834e-01
    outer loop
      vertex   -2.481548e+01 9.386378e-02 -6.177143e-02
      vertex   -1.663366e+01 9.386378e-02 -6.177143e-02
      vertex   -2.481548e+01 2.437144e-01 3.000000e-01
    endloop
  endfacet
  facet normal 2.035867e-16 -9.238795e-01 3.826834e-01
    outer loop
      vertex   -2.481548e+01 9.386378e-02 -6.177143e-02
      vertex   -2.481548e+01 2.437144e-01 3.000000e-01
      vertex   -3.299730e+01 2.437144e-01 3.000000e-01
    endloop
  endfacet
  facet normal 1.749365e-16 -7.933533e-01 6.087614e-01
    outer loop
      vertex   -3.299730e+01 2.437144e-01 3.000000e-01
      vertex   -2.481548e+01 2.437144e-01 3.000000e-01
      vertex   -3.299730e+01 4.820923e-01 6.106602e-01
    endloop
  endfacet
  facet normal 1.819285e-16 -7.933533e-01 6.087614e-01
    outer loop
      vertex   -3.299730e+01 2.437144e-01 3.000000e-01
      vertex   -3.299730e+01 4.820923e-01 6.106602e-01
      vertex   -4.117912e+01 4.820923e-01 6.106602e-01
    endloop
  endfacet
  facet normal 1.429337e-16 -6.087614e-01 7.933533e-01
    outer loop
      vertex   -4.117912e+01 4.820923e-01 6.106602e-01
      vertex   -3.299730e+01 4.820923e-01 6.106602e-01
      vertex   -4.117912e+01 7.927525e-01 8.490381e-01
    endloop
  endfacet
  facet normal 1.299489e-16 -6.087614e-01 7.933533e-01
    outer loop
      vertex   -4.117912e+01 4.820923e-01 6.106602e-01
      vertex   -4.117912e+01 7.927525e-01 8.490381e-01
      vertex   -4.936093e+01 7.927525e-01 8.490381e-01
    endloop
  endfacet
  facet normal 8.308451e-17 -3.826834e-01 9.238795e-01
    outer loop
      vertex   -4.936093e+01 7.927525e-01 8.490381e-01
      vertex   -4.117912e+01 7.927525e-01 8.490381e-01
      vertex   -4.936093e+01 1.154524e+00 9.988887e-01
    endloop
  endfacet
  facet normal 1.768600e-03 -3.826828e-01 9.238781e-01
    outer loop
      vertex   -4.936093e+01 7.927525e-01 8.490381e-01
      vertex   -4.936093e+01 1.154524e+00 9.988887e-01
      vertex   -5.661678e+01 9.687274e-01 9.358193e-01
    endloop
  endfacet
  facet normal -9.082654e-04 -2.894527e-01 9.571919e-01
    outer loop
      vertex   -5.661678e+01 9.687274e-01 9.358193e-01
      vertex   -4.936093e+01 1.154524e+00 9.988887e-01
      vertex   -5.633539e+01 1.250117e+00 1.021178e+00
    endloop
  endfacet
  facet normal 1.811837e-03 -9.981125e-02 9.950047e-01
    outer loop
      vertex   -5.633539e+01 1.250117e+00 1.021178e+00
      vertex   -4.936093e+01 1.154524e+00 9.988887e-01
      vertex   -5.604275e+01 1.542753e+00 1.050000e+00
    endloop
  endfacet
  facet normal 2.815560e-17 -1.305262e-01 9.914449e-01
    outer loop
      vertex   -5.604275e+01 1.542753e+00 1.050000e+00
      vertex   -4.936093e+01 1.154524e+00 9.988887e-01
      vertex   -4.117912e+01 1.154524e+00 9.988887e-01
    endloop
  endfacet
  facet normal 3.248724e-17 -1.305262e-01 9.914449e-01
    outer loop
      vertex   -5.604275e+01 1.542753e+00 1.050000e+00
      vertex   -4.117912e+01 1.154524e+00 9.988887e-01
      vertex   -3.299730e+01 1.154524e+00 9.988887e-01
    endloop
  endfacet
  facet normal 9.347007e-17 -3.826834e-01 9.238795e-01
    outer loop
      vertex   -3.299730e+01 1.154524e+00 9.988887e-01
      vertex   -4.117912e+01 1.154524e+00 9.988887e-01
      vertex   -3.299730e+01 7.927525e-01 8.490381e-01
    endloop
  endfacet
  facet normal 8.879844e-17 -3.826834e-01 9.238795e-01
    outer loop
      vertex   -3.299730e+01 1.154524e+00 9.988887e-01
      vertex   -3.299730e+01 7.927525e-01 8.490381e-01
      vertex   -2.481548e+01 7.927525e-01 8.490381e-01
    endloop
  endfacet
  facet normal 1.404289e-16 -6.087614e-01 7.933533e-01
    outer loop
      vertex   -2.481548e+01 7.927525e-01 8.490381e-01
      vertex   -3.299730e+01 7.927525e-01 8.490381e-01
      vertex   -2.481548e+01 4.820923e-01 6.106602e-01
    endloop
  endfacet
  facet normal 1.342806e-16 -6.087614e-01 7.933533e-01
    outer loop
      vertex   -2.481548e+01 7.927525e-01 8.490381e-01
      vertex   -2.481548e+01 4.820923e-01 6.106602e-01
      vertex   -1.663366e+01 4.820923e-01 6.106602e-01
    endloop
  endfacet
  facet normal 1.776278e-16 -7.933533e-01 6.087614e-01
    outer loop
      vertex   -1.663366e+01 4.820923e-01 6.106602e-01
      vertex   -2.481548e+01 4.820923e-01 6.106602e-01
      vertex   -1.663366e+01 2.437144e-01 3.000000e-01
    endloop
  endfacet
  facet normal 1.732653e-16 -7.933533e-01 6.087614e-01
    outer loop
      vertex   -1.663366e+01 4.820923e-01 6.106602e-01
      vertex   -1.663366e+01 2.437144e-01 3.000000e-01
      vertex   -8.451843e+00 2.437144e-01 3.000000e-01
    endloop
  endfacet
  facet normal 2.005837e-16 -9.238795e-01 3.826834e-01
    outer loop
      vertex   -8.451843e+00 2.437144e-01 3.000000e-01
      vertex   -1.663366e+01 2.437144e-01 3.000000e-01
      vertex   -8.451843e+00 9.386378e-02 -6.177143e-02
    endloop
  endfacet
  facet normal 2.057525e-16 -9.238795e-01 3.826834e-01
    outer loop
      vertex   -8.451843e+00 2.437144e-01 3.000000e-01
      vertex   -8.451843e+00 9.386378e-02 -6.177143e-02
      vertex   -2.700252e-01 9.386378e-02 -6.177143e-02
    endloop
  endfacet
  facet normal 2.202979e-16 -9.914449e-01 1.305262e-01
    outer loop
      vertex   -2.700252e-01 9.386378e-02 -6.177143e-02
      vertex   -8.451843e+00 9.386378e-02 -6.177143e-02
      vertex   3.245725e+01 4.275252e-02 -4.500000e-01
    endloop
  endfacet
  facet normal 2.219795e-16 -9.914449e-01 1.305262e-01
    outer loop
      vertex   -2.700252e-01 9.386378e-02 -6.177143e-02
      vertex   3.245725e+01 4.275252e-02 -4.500000e-01
      vertex   7.911793e+00 9.386378e-02 -6.177143e-02
    endloop
  endfacet
  facet normal 2.202979e-16 -9.914449e-01 1.305262e-01
    outer loop
      vertex   7.911793e+00 9.386378e-02 -6.177143e-02
      vertex   3.245725e+01 4.275252e-02 -4.500000e-01
      vertex   1.609361e+01 9.386378e-02 -6.177143e-02
    endloop
  endfacet
  facet normal 2.052849e-16 -9.238795e-01 3.826834e-01
    outer loop
      vertex   7.911793e+00 9.386378e-02 -6.177143e-02
      vertex   1.609361e+01 9.386378e-02 -6.177143e-02
      vertex   7.911793e+00 2.437144e-01 3.000000e-01
    endloop
  endfacet
  facet normal 2.037179e-16 -9.238795e-01 3.826834e-01
    outer loop
      vertex   7.911793e+00 2.437144e-01 3.000000e-01
      vertex   1.609361e+01 9.386378e-02 -6.177143e-02
      vertex   1.609361e+01 2.437144e-01 3.000000e-01
    endloop
  endfacet
  facet normal 1.749365e-16 -7.933533e-01 6.087614e-01
    outer loop
      vertex   7.911793e+00 2.437144e-01 3.000000e-01
      vertex   1.609361e+01 2.437144e-01 3.000000e-01
      vertex   7.911793e+00 4.820923e-01 6.106602e-01
    endloop
  endfacet
  facet normal 1.830105e-16 -7.933533e-01 6.087614e-01
    outer loop
      vertex   7.911793e+00 4.820923e-01 6.106602e-01
      vertex   1.609361e+01 2.437144e-01 3.000000e-01
      vertex   1.609361e+01 4.820923e-01 6.106602e-01
    endloop
  endfacet
  facet normal 1.404289e-16 -6.087614e-01 7.933533e-01
    outer loop
      vertex   7.911793e+00 4.820923e-01 6.106602e-01
      vertex   1.609361e+01 4.820923e-01 6.106602e-01
      vertex   7.911793e+00 7.927525e-01 8.490381e-01
    endloop
  endfacet
  facet normal 1.321684e-16 -6.087614e-01 7.933533e-01
    outer loop
      vertex   7.911793e+00 7.927525e-01 8.490381e-01
      vertex   1.609361e+01 4.820923e-01 6.106602e-01
      vertex   1.609361e+01 7.927525e-01 8.490381e-01
    endloop
  endfacet
  facet normal 8.308451e-17 -3.826834e-01 9.238795e-01
    outer loop
      vertex   7.911793e+00 7.927525e-01 8.490381e-01
      vertex   1.609361e+01 7.927525e-01 8.490381e-01
      vertex   7.911793e+00 1.154524e+00 9.988887e-01
    endloop
  endfacet
  facet normal 8.308451e-17 -3.826834e-01 9.238795e-01
    outer loop
      vertex   7.911793e+00 1.154524e+00 9.988887e-01
      vertex   1.609361e+01 7.927525e-01 8.490381e-01
      vertex   1.609361e+01 1.154524e+00 9.988887e-01
    endloop
  endfacet
  facet normal 4.930059e-17 -2.270763e-01 9.738770e-01
    outer loop
      vertex   7.911793e+00 1.154524e+00 9.988887e-01
      vertex   1.609361e+01 1.154524e+00 9.988887e-01
      vertex   3.124988e+01 1.250117e+00 1.021178e+00
    endloop
  endfacet
  facet normal 4.968049e-17 -2.270763e-01 9.738770e-01
    outer loop
      vertex   3.124988e+01 1.250117e+00 1.021178e+00
      vertex   1.609361e+01 1.154524e+00 9.988887e-01
      vertex   2.427543e+01 1.154524e+00 9.988887e-01
    endloop
  endfacet
  facet normal 9.082654e-04 -2.894527e-01 9.571919e-01
    outer loop
      vertex   3.124988e+01 1.250117e+00 1.021178e+00
      vertex   2.427543e+01 1.154524e+00 9.988887e-01
      vertex   3.153127e+01 9.687274e-01 9.358193e-01
    endloop
  endfacet
  facet normal -1.768600e-03 -3.826828e-01 9.238781e-01
    outer loop
      vertex   3.153127e+01 9.687274e-01 9.358193e-01
      vertex   2.427543e+01 1.154524e+00 9.988887e-01
      vertex   2.427543e+01 7.927525e-01 8.490381e-01
    endloop
  endfacet
  facet normal 8.641764e-04 -4.707243e-01 8.822799e-01
    outer loop
      vertex   3.153127e+01 9.687274e-01 9.358193e-01
      vertex   2.427543e+01 7.927525e-01 8.490381e-01
      vertex   3.179060e+01 7.093972e-01 7.972044e-01
    endloop
  endfacet
  facet normal -1.280221e-03 -6.087609e-01 7.933527e-01
    outer loop
      vertex   3.179060e+01 7.093972e-01 7.972044e-01
      vertex   2.427543e+01 7.927525e-01 8.490381e-01
      vertex   2.427543e+01 4.820923e-01 6.106602e-01
    endloop
  endfacet
  facet normal 6.705168e-17 -6.343933e-01 7.730105e-01
    outer loop
      vertex   3.179060e+01 7.093972e-01 7.972044e-01
      vertex   2.427543e+01 4.820923e-01 6.106602e-01
      vertex   3.201791e+01 4.820923e-01 6.106602e-01
    endloop
  endfacet
  facet normal 9.463895e-17 -7.730105e-01 6.343933e-01
    outer loop
      vertex   3.201791e+01 4.820923e-01 6.106602e-01
      vertex   2.427543e+01 4.820923e-01 6.106602e-01
      vertex   3.220445e+01 2.955481e-01 3.833553e-01
    endloop
  endfacet
  facet normal -1.213401e-03 -7.933528e-01 6.087610e-01
    outer loop
      vertex   3.220445e+01 2.955481e-01 3.833553e-01
      vertex   2.427543e+01 4.820923e-01 6.106602e-01
      vertex   2.427543e+01 2.437144e-01 3.000000e-01
    endloop
  endfacet
  facet normal 8.049695e-04 -8.817420e-01 4.717312e-01
    outer loop
      vertex   3.220445e+01 2.955481e-01 3.833553e-01
      vertex   2.427543e+01 2.437144e-01 3.000000e-01
      vertex   3.234307e+01 1.569332e-01 1.240251e-01
    endloop
  endfacet
  facet normal -1.590638e-03 -9.238784e-01 3.826829e-01
    outer loop
      vertex   3.234307e+01 1.569332e-01 1.240251e-01
      vertex   2.427543e+01 2.437144e-01 3.000000e-01
      vertex   2.427543e+01 9.386378e-02 -6.177143e-02
    endloop
  endfacet
  facet normal 7.901703e-04 -9.568734e-01 2.905041e-01
    outer loop
      vertex   3.234307e+01 1.569332e-01 1.240251e-01
      vertex   2.427543e+01 9.386378e-02 -6.177143e-02
      vertex   3.242843e+01 7.157460e-02 -1.573645e-01
    endloop
  endfacet
  facet normal -9.856082e-04 -9.891972e-01 1.465873e-01
    outer loop
      vertex   3.242843e+01 7.157460e-02 -1.573645e-01
      vertex   2.427543e+01 9.386378e-02 -6.177143e-02
      vertex   3.245002e+01 4.997543e-02 -3.029743e-01
    endloop
  endfacet
  facet normal -3.920284e-03 -9.987972e-01 4.887517e-02
    outer loop
      vertex   3.245002e+01 4.997543e-02 -3.029743e-01
      vertex   2.427543e+01 9.386378e-02 -6.177143e-02
      vertex   3.245725e+01 4.275252e-02 -4.500000e-01
    endloop
  endfacet
  facet normal 2.187474e-16 -9.914449e-01 1.305262e-01
    outer loop
      vertex   3.245725e+01 4.275252e-02 -4.500000e-01
      vertex   2.427543e+01 9.386378e-02 -6.177143e-02
      vertex   1.609361e+01 9.386378e-02 -6.177143e-02
    endloop
  endfacet
  facet normal 2.101369e-17 -9.801714e-02 9.951847e-01
    outer loop
      vertex   3.095725e+01 1.542753e+00 1.050000e+00
      vertex   -5.604275e+01 1.542753e+00 1.050000e+00
      vertex   3.124988e+01 1.250117e+00 1.021178e+00
    endloop
  endfacet
  facet normal -2.116674e-04 -1.603568e-01 9.870591e-01
    outer loop
      vertex   3.124988e+01 1.250117e+00 1.021178e+00
      vertex   -5.604275e+01 1.542753e+00 1.050000e+00
      vertex   -2.700252e-01 1.154524e+00 9.988887e-01
    endloop
  endfacet
  facet normal 4.914049e-17 -2.270763e-01 9.738770e-01
    outer loop
      vertex   3.124988e+01 1.250117e+00 1.021178e+00
      vertex   -2.700252e-01 1.154524e+00 9.988887e-01
      vertex   7.911793e+00 1.154524e+00 9.988887e-01
    endloop
  endfacet
  facet normal 8.308451e-17 -3.826834e-01 9.238795e-01
    outer loop
      vertex   7.911793e+00 1.154524e+00 9.988887e-01
      vertex   -2.700252e-01 1.154524e+00 9.988887e-01
      vertex   7.911793e+00 7.927525e-01 8.490381e-01
    endloop
  endfacet
  facet normal -8.641764e-04 -4.707243e-01 8.822799e-01
    outer loop
      vertex   -5.661678e+01 9.687274e-01 9.358193e-01
      vertex   -5.687611e+01 7.093972e-01 7.972044e-01
      vertex   -4.936093e+01 7.927525e-01 8.490381e-01
    endloop
  endfacet
  facet normal 1.280221e-03 -6.087609e-01 7.933527e-01
    outer loop
      vertex   -4.936093e+01 7.927525e-01 8.490381e-01
      vertex   -5.687611e+01 7.093972e-01 7.972044e-01
      vertex   -4.936093e+01 4.820923e-01 6.106602e-01
    endloop
  endfacet
  facet normal 1.299489e-16 -6.087614e-01 7.933533e-01
    outer loop
      vertex   -4.936093e+01 7.927525e-01 8.490381e-01
      vertex   -4.936093e+01 4.820923e-01 6.106602e-01
      vertex   -4.117912e+01 4.820923e-01 6.106602e-01
    endloop
  endfacet
  facet normal 1.722452e-16 -7.933533e-01 6.087614e-01
    outer loop
      vertex   -4.117912e+01 4.820923e-01 6.106602e-01
      vertex   -4.936093e+01 4.820923e-01 6.106602e-01
      vertex   -4.117912e+01 2.437144e-01 3.000000e-01
    endloop
  endfacet
  facet normal 1.732653e-16 -7.933533e-01 6.087614e-01
    outer loop
      vertex   -4.117912e+01 4.820923e-01 6.106602e-01
      vertex   -4.117912e+01 2.437144e-01 3.000000e-01
      vertex   -3.299730e+01 2.437144e-01 3.000000e-01
    endloop
  endfacet
  facet normal 2.037179e-16 -9.238795e-01 3.826834e-01
    outer loop
      vertex   -3.299730e+01 2.437144e-01 3.000000e-01
      vertex   -4.117912e+01 2.437144e-01 3.000000e-01
      vertex   -3.299730e+01 9.386378e-02 -6.177143e-02
    endloop
  endfacet
  facet normal 2.057525e-16 -9.238795e-01 3.826834e-01
    outer loop
      vertex   -3.299730e+01 2.437144e-01 3.000000e-01
      vertex   -3.299730e+01 9.386378e-02 -6.177143e-02
      vertex   -2.481548e+01 9.386378e-02 -6.177143e-02
    endloop
  endfacet
  facet normal 2.202782e-16 -9.838460e-01 1.790169e-01
    outer loop
      vertex   -2.481548e+01 9.386378e-02 -6.177143e-02
      vertex   -3.299730e+01 9.386378e-02 -6.177143e-02
      vertex   -5.753553e+01 4.997543e-02 -3.029743e-01
    endloop
  endfacet
  facet normal 1.584858e-16 -6.343933e-01 7.730105e-01
    outer loop
      vertex   -5.687611e+01 7.093972e-01 7.972044e-01
      vertex   -5.710341e+01 4.820923e-01 6.106602e-01
      vertex   -4.936093e+01 4.820923e-01 6.106602e-01
    endloop
  endfacet
  facet normal 1.864486e-16 -7.730105e-01 6.343933e-01
    outer loop
      vertex   -4.936093e+01 4.820923e-01 6.106602e-01
      vertex   -5.710341e+01 4.820923e-01 6.106602e-01
      vertex   -5.728996e+01 2.955481e-01 3.833553e-01
    endloop
  endfacet
  facet normal 1.213401e-03 -7.933528e-01 6.087610e-01
    outer loop
      vertex   -4.936093e+01 4.820923e-01 6.106602e-01
      vertex   -5.728996e+01 2.955481e-01 3.833553e-01
      vertex   -4.936093e+01 2.437144e-01 3.000000e-01
    endloop
  endfacet
  facet normal -8.049695e-04 -8.817420e-01 4.717312e-01
    outer loop
      vertex   -4.936093e+01 2.437144e-01 3.000000e-01
      vertex   -5.728996e+01 2.955481e-01 3.833553e-01
      vertex   -5.742857e+01 1.569332e-01 1.240251e-01
    endloop
  endfacet
  facet normal 1.590638e-03 -9.238784e-01 3.826829e-01
    outer loop
      vertex   -4.936093e+01 2.437144e-01 3.000000e-01
      vertex   -5.742857e+01 1.569332e-01 1.240251e-01
      vertex   -4.936093e+01 9.386378e-02 -6.177143e-02
    endloop
  endfacet
  facet normal -7.901703e-04 -9.568734e-01 2.905041e-01
    outer loop
      vertex   -4.936093e+01 9.386378e-02 -6.177143e-02
      vertex   -5.742857e+01 1.569332e-01 1.240251e-01
      vertex   -5.751393e+01 7.157460e-02 -1.573645e-01
    endloop
  endfacet
  facet normal 9.856082e-04 -9.891972e-01 1.465873e-01
    outer loop
      vertex   -4.936093e+01 9.386378e-02 -6.177143e-02
      vertex   -5.751393e+01 7.157460e-02 -1.573645e-01
      vertex   -5.753553e+01 4.997543e-02 -3.029743e-01
    endloop
  endfacet
  facet normal 2.057525e-16 -9.238795e-01 3.826834e-01
    outer loop
      vertex   1.609361e+01 2.437144e-01 3.000000e-01
      vertex   1.609361e+01 9.386378e-02 -6.177143e-02
      vertex   2.427543e+01 9.386378e-02 -6.177143e-02
    endloop
  endfacet
  facet normal 2.186162e-16 -9.914449e-01 1.305262e-01
    outer loop
      vertex   -1.663366e+01 9.386378e-02 -6.177143e-02
      vertex   3.245725e+01 4.275252e-02 -4.500000e-01
      vertex   -8.451843e+00 9.386378e-02 -6.177143e-02
    endloop
  endfacet
  facet normal 2.068520e-16 -9.238795e-01 3.826834e-01
    outer loop
      vertex   -2.700252e-01 9.386378e-02 -6.177143e-02
      vertex   7.911793e+00 9.386378e-02 -6.177143e-02
      vertex   -2.700252e-01 2.437144e-01 3.000000e-01
    endloop
  endfacet
  facet normal 2.037179e-16 -9.238795e-01 3.826834e-01
    outer loop
      vertex   -2.700252e-01 2.437144e-01 3.000000e-01
      vertex   7.911793e+00 9.386378e-02 -6.177143e-02
      vertex   7.911793e+00 2.437144e-01 3.000000e-01
    endloop
  endfacet
  facet normal 1.749365e-16 -7.933533e-01 6.087614e-01
    outer loop
      vertex   -2.700252e-01 2.437144e-01 3.000000e-01
      vertex   7.911793e+00 2.437144e-01 3.000000e-01
      vertex   -2.700252e-01 4.820923e-01 6.106602e-01
    endloop
  endfacet
  facet normal 1.697404e-16 -7.933533e-01 6.087614e-01
    outer loop
      vertex   -2.700252e-01 4.820923e-01 6.106602e-01
      vertex   7.911793e+00 2.437144e-01 3.000000e-01
      vertex   7.911793e+00 4.820923e-01 6.106602e-01
    endloop
  endfacet
  facet normal 1.346732e-16 -6.087614e-01 7.933533e-01
    outer loop
      vertex   -2.700252e-01 4.820923e-01 6.106602e-01
      vertex   7.911793e+00 4.820923e-01 6.106602e-01
      vertex   -2.700252e-01 7.927525e-01 8.490381e-01
    endloop
  endfacet
  facet normal 1.321684e-16 -6.087614e-01 7.933533e-01
    outer loop
      vertex   -2.700252e-01 7.927525e-01 8.490381e-01
      vertex   7.911793e+00 4.820923e-01 6.106602e-01
      vertex   7.911793e+00 7.927525e-01 8.490381e-01
    endloop
  endfacet
  facet normal 8.308451e-17 -3.826834e-01 9.238795e-01
    outer loop
      vertex   -2.700252e-01 7.927525e-01 8.490381e-01
      vertex   7.911793e+00 7.927525e-01 8.490381e-01
      vertex   -2.700252e-01 1.154524e+00 9.988887e-01
    endloop
  endfacet
  facet normal 2.099861e-16 -9.238795e-01 3.826834e-01
    outer loop
      vertex   -2.481548e+01 2.437144e-01 3.000000e-01
      vertex   -1.663366e+01 9.386378e-02 -6.177143e-02
      vertex   -1.663366e+01 2.437144e-01 3.000000e-01
    endloop
  endfacet
  facet normal 1.992550e-16 -9.238795e-01 3.826834e-01
    outer loop
      vertex   -1.663366e+01 2.437144e-01 3.000000e-01
      vertex   -1.663366e+01 9.386378e-02 -6.177143e-02
      vertex   -8.451843e+00 9.386378e-02 -6.177143e-02
    endloop
  endfacet
  facet normal 2.169406e-16 -9.838460e-01 1.790169e-01
    outer loop
      vertex   -4.936093e+01 9.386378e-02 -6.177143e-02
      vertex   -5.753553e+01 4.997543e-02 -3.029743e-01
      vertex   -4.117912e+01 9.386378e-02 -6.177143e-02
    endloop
  endfacet
  facet normal 2.186094e-16 -9.838460e-01 1.790169e-01
    outer loop
      vertex   -4.117912e+01 9.386378e-02 -6.177143e-02
      vertex   -5.753553e+01 4.997543e-02 -3.029743e-01
      vertex   -3.299730e+01 9.386378e-02 -6.177143e-02
    endloop
  endfacet
  facet normal 2.052849e-16 -9.238795e-01 3.826834e-01
    outer loop
      vertex   -4.117912e+01 9.386378e-02 -6.177143e-02
      vertex   -3.299730e+01 9.386378e-02 -6.177143e-02
      vertex   -4.117912e+01 2.437144e-01 3.000000e-01
    endloop
  endfacet
  facet normal 2.057525e-16 -9.238795e-01 3.826834e-01
    outer loop
      vertex   -4.936093e+01 2.437144e-01 3.000000e-01
      vertex   -4.936093e+01 9.386378e-02 -6.177143e-02
      vertex   -4.117912e+01 9.386378e-02 -6.177143e-02
    endloop
  endfacet
  facet normal 2.068520e-16 -9.238795e-01 3.826834e-01
    outer loop
      vertex   -4.936093e+01 2.437144e-01 3.000000e-01
      vertex   -4.117912e+01 9.386378e-02 -6.177143e-02
      vertex   -4.117912e+01 2.437144e-01 3.000000e-01
    endloop
  endfacet
  facet normal 1.775969e-16 -7.933533e-01 6.087614e-01
    outer loop
      vertex   1.609361e+01 4.820923e-01 6.106602e-01
      vertex   1.609361e+01 2.437144e-01 3.000000e-01
      vertex   2.427543e+01 2.437144e-01 3.000000e-01
    endloop
  endfacet
  facet normal 2.068520e-16 -9.238795e-01 3.826834e-01
    outer loop
      vertex   2.427543e+01 2.437144e-01 3.000000e-01
      vertex   1.609361e+01 2.437144e-01 3.000000e-01
      vertex   2.427543e+01 9.386378e-02 -6.177143e-02
    endloop
  endfacet
  facet normal 2.100841e-16 -9.238795e-01 3.826834e-01
    outer loop
      vertex   -2.700252e-01 9.386378e-02 -6.177143e-02
      vertex   -2.700252e-01 2.437144e-01 3.000000e-01
      vertex   -8.451843e+00 2.437144e-01 3.000000e-01
    endloop
  endfacet
  facet normal 1.803192e-16 -7.933533e-01 6.087614e-01
    outer loop
      vertex   -8.451843e+00 2.437144e-01 3.000000e-01
      vertex   -2.700252e-01 2.437144e-01 3.000000e-01
      vertex   -8.451843e+00 4.820923e-01 6.106602e-01
    endloop
  endfacet
  facet normal 1.732653e-16 -7.933533e-01 6.087614e-01
    outer loop
      vertex   -8.451843e+00 2.437144e-01 3.000000e-01
      vertex   -8.451843e+00 4.820923e-01 6.106602e-01
      vertex   -1.663366e+01 4.820923e-01 6.106602e-01
    endloop
  endfacet
  facet normal 1.321684e-16 -6.087614e-01 7.933533e-01
    outer loop
      vertex   -1.663366e+01 4.820923e-01 6.106602e-01
      vertex   -8.451843e+00 4.820923e-01 6.106602e-01
      vertex   -1.663366e+01 7.927525e-01 8.490381e-01
    endloop
  endfacet
  facet normal 1.299489e-16 -6.087614e-01 7.933533e-01
    outer loop
      vertex   -1.663366e+01 4.820923e-01 6.106602e-01
      vertex   -1.663366e+01 7.927525e-01 8.490381e-01
      vertex   -2.481548e+01 7.927525e-01 8.490381e-01
    endloop
  endfacet
  facet normal 8.308451e-17 -3.826834e-01 9.238795e-01
    outer loop
      vertex   -2.481548e+01 7.927525e-01 8.490381e-01
      vertex   -1.663366e+01 7.927525e-01 8.490381e-01
      vertex   -2.481548e+01 1.154524e+00 9.988887e-01
    endloop
  endfacet
  facet normal 8.446681e-17 -3.826834e-01 9.238795e-01
    outer loop
      vertex   -2.481548e+01 7.927525e-01 8.490381e-01
      vertex   -2.481548e+01 1.154524e+00 9.988887e-01
      vertex   -3.299730e+01 1.154524e+00 9.988887e-01
    endloop
  endfacet
  facet normal 2.833858e-17 -1.305262e-01 9.914449e-01
    outer loop
      vertex   -3.299730e+01 1.154524e+00 9.988887e-01
      vertex   -2.481548e+01 1.154524e+00 9.988887e-01
      vertex   -5.604275e+01 1.542753e+00 1.050000e+00
    endloop
  endfacet
  facet normal 1.776278e-16 -7.933533e-01 6.087614e-01
    outer loop
      vertex   -8.451843e+00 4.820923e-01 6.106602e-01
      vertex   -2.700252e-01 2.437144e-01 3.000000e-01
      vertex   -2.700252e-01 4.820923e-01 6.106602e-01
    endloop
  endfacet
  facet normal 1.722452e-16 -7.933533e-01 6.087614e-01
    outer loop
      vertex   -3.299730e+01 4.820923e-01 6.106602e-01
      vertex   -2.481548e+01 2.437144e-01 3.000000e-01
      vertex   -2.481548e+01 4.820923e-01 6.106602e-01
    endloop
  endfacet
  facet normal 1.775969e-16 -7.933533e-01 6.087614e-01
    outer loop
      vertex   -2.481548e+01 4.820923e-01 6.106602e-01
      vertex   -2.481548e+01 2.437144e-01 3.000000e-01
      vertex   -1.663366e+01 2.437144e-01 3.000000e-01
    endloop
  endfacet
  facet normal 1.775969e-16 -7.933533e-01 6.087614e-01
    outer loop
      vertex   -4.936093e+01 4.820923e-01 6.106602e-01
      vertex   -4.936093e+01 2.437144e-01 3.000000e-01
      vertex   -4.117912e+01 2.437144e-01 3.000000e-01
    endloop
  endfacet
  facet normal 1.342806e-16 -6.087614e-01 7.933533e-01
    outer loop
      vertex   1.609361e+01 7.927525e-01 8.490381e-01
      vertex   1.609361e+01 4.820923e-01 6.106602e-01
      vertex   2.427543e+01 4.820923e-01 6.106602e-01
    endloop
  endfacet
  facet normal 1.722452e-16 -7.933533e-01 6.087614e-01
    outer loop
      vertex   2.427543e+01 4.820923e-01 6.106602e-01
      vertex   1.609361e+01 4.820923e-01 6.106602e-01
      vertex   2.427543e+01 2.437144e-01 3.000000e-01
    endloop
  endfacet
  facet normal 1.362986e-16 -6.087614e-01 7.933533e-01
    outer loop
      vertex   -8.451843e+00 4.820923e-01 6.106602e-01
      vertex   -2.700252e-01 4.820923e-01 6.106602e-01
      vertex   -8.451843e+00 7.927525e-01 8.490381e-01
    endloop
  endfacet
  facet normal 1.404289e-16 -6.087614e-01 7.933533e-01
    outer loop
      vertex   -8.451843e+00 7.927525e-01 8.490381e-01
      vertex   -2.700252e-01 4.820923e-01 6.106602e-01
      vertex   -2.700252e-01 7.927525e-01 8.490381e-01
    endloop
  endfacet
  facet normal 8.827729e-17 -3.826834e-01 9.238795e-01
    outer loop
      vertex   -8.451843e+00 7.927525e-01 8.490381e-01
      vertex   -2.700252e-01 7.927525e-01 8.490381e-01
      vertex   -8.451843e+00 1.154524e+00 9.988887e-01
    endloop
  endfacet
  facet normal 9.347007e-17 -3.826834e-01 9.238795e-01
    outer loop
      vertex   -8.451843e+00 1.154524e+00 9.988887e-01
      vertex   -2.700252e-01 7.927525e-01 8.490381e-01
      vertex   -2.700252e-01 1.154524e+00 9.988887e-01
    endloop
  endfacet
  facet normal 3.188090e-17 -1.305262e-01 9.914449e-01
    outer loop
      vertex   -8.451843e+00 1.154524e+00 9.988887e-01
      vertex   -2.700252e-01 1.154524e+00 9.988887e-01
      vertex   -5.604275e+01 1.542753e+00 1.050000e+00
    endloop
  endfacet
  facet normal 1.321684e-16 -6.087614e-01 7.933533e-01
    outer loop
      vertex   -4.117912e+01 7.927525e-01 8.490381e-01
      vertex   -3.299730e+01 4.820923e-01 6.106602e-01
      vertex   -3.299730e+01 7.927525e-01 8.490381e-01
    endloop
  endfacet
  facet normal 1.342806e-16 -6.087614e-01 7.933533e-01
    outer loop
      vertex   -3.299730e+01 7.927525e-01 8.490381e-01
      vertex   -3.299730e+01 4.820923e-01 6.106602e-01
      vertex   -2.481548e+01 4.820923e-01 6.106602e-01
    endloop
  endfacet
  facet normal 8.879844e-17 -3.826834e-01 9.238795e-01
    outer loop
      vertex   1.609361e+01 1.154524e+00 9.988887e-01
      vertex   1.609361e+01 7.927525e-01 8.490381e-01
      vertex   2.427543e+01 7.927525e-01 8.490381e-01
    endloop
  endfacet
  facet normal 1.404289e-16 -6.087614e-01 7.933533e-01
    outer loop
      vertex   2.427543e+01 7.927525e-01 8.490381e-01
      vertex   1.609361e+01 7.927525e-01 8.490381e-01
      vertex   2.427543e+01 4.820923e-01 6.106602e-01
    endloop
  endfacet
  facet normal 8.308451e-17 -3.826834e-01 9.238795e-01
    outer loop
      vertex   2.427543e+01 1.154524e+00 9.988887e-01
      vertex   1.609361e+01 1.154524e+00 9.988887e-01
      vertex   2.427543e+01 7.927525e-01 8.490381e-01
    endloop
  endfacet
  facet normal 1.386122e-16 -6.087614e-01 7.933533e-01
    outer loop
      vertex   -8.451843e+00 4.820923e-01 6.106602e-01
      vertex   -8.451843e+00 7.927525e-01 8.490381e-01
      vertex   -1.663366e+01 7.927525e-01 8.490381e-01
    endloop
  endfacet
  facet normal 8.827729e-17 -3.826834e-01 9.238795e-01
    outer loop
      vertex   -1.663366e+01 7.927525e-01 8.490381e-01
      vertex   -8.451843e+00 7.927525e-01 8.490381e-01
      vertex   -1.663366e+01 1.154524e+00 9.988887e-01
    endloop
  endfacet
  facet normal 8.446681e-17 -3.826834e-01 9.238795e-01
    outer loop
      vertex   -1.663366e+01 7.927525e-01 8.490381e-01
      vertex   -1.663366e+01 1.154524e+00 9.988887e-01
      vertex   -2.481548e+01 1.154524e+00 9.988887e-01
    endloop
  endfacet
  facet normal 2.833858e-17 -1.305262e-01 9.914449e-01
    outer loop
      vertex   -2.481548e+01 1.154524e+00 9.988887e-01
      vertex   -1.663366e+01 1.154524e+00 9.988887e-01
      vertex   -5.604275e+01 1.542753e+00 1.050000e+00
    endloop
  endfacet
  facet normal 8.308451e-17 -3.826834e-01 9.238795e-01
    outer loop
      vertex   -1.663366e+01 1.154524e+00 9.988887e-01
      vertex   -8.451843e+00 7.927525e-01 8.490381e-01
      vertex   -8.451843e+00 1.154524e+00 9.988887e-01
    endloop
  endfacet
  facet normal 8.308451e-17 -3.826834e-01 9.238795e-01
    outer loop
      vertex   -4.936093e+01 1.154524e+00 9.988887e-01
      vertex   -4.117912e+01 7.927525e-01 8.490381e-01
      vertex   -4.117912e+01 1.154524e+00 9.988887e-01
    endloop
  endfacet
  facet normal 8.230100e-17 -3.826834e-01 9.238795e-01
    outer loop
      vertex   -4.117912e+01 1.154524e+00 9.988887e-01
      vertex   -4.117912e+01 7.927525e-01 8.490381e-01
      vertex   -3.299730e+01 7.927525e-01 8.490381e-01
    endloop
  endfacet
  facet normal 2.815560e-17 -1.305262e-01 9.914449e-01
    outer loop
      vertex   -5.604275e+01 1.542753e+00 1.050000e+00
      vertex   -1.663366e+01 1.154524e+00 9.988887e-01
      vertex   -8.451843e+00 1.154524e+00 9.988887e-01
    endloop
  endfacet
  facet normal 3.136354e-29 -1.324127e-13 1.000000e+00
    outer loop
      vertex   3.245452e+01 1.225712e+01 -3.595389e-01
      vertex   3.245452e+01 2.282838e+01 -3.595389e-01
      vertex   -5.754002e+01 1.225712e+01 -3.595389e-01
    endloop
  endfacet
  facet normal 3.056751e-29 -1.324127e-13 1.000000e+00
    outer loop
      vertex   -5.754002e+01 1.225712e+01 -3.595389e-01
      vertex   3.245452e+01 2.282838e+01 -3.595389e-01
      vertex   -5.754002e+01 2.282838e+01 -3.595389e-01
    endloop
  endfacet
  facet normal 2.225774e-16 -9.396926e-01 -3.420201e-01
    outer loop
      vertex   -5.754002e+01 2.282838e+01 -3.595389e-01
      vertex   3.245452e+01 2.282838e+01 -3.595389e-01
      vertex   -5.747030e+01 2.269367e+01 1.056688e-02
    endloop
  endfacet
  facet normal 1.838476e-16 -9.396926e-01 -3.420201e-01
    outer loop
      vertex   -5.747030e+01 2.269367e+01 1.056688e-02
      vertex   3.245452e+01 2.282838e+01 -3.595389e-01
      vertex   3.238479e+01 2.269367e+01 1.056688e-02
    endloop
  endfacet
  facet normal 1.838476e-16 -9.396926e-01 -3.420201e-01
    outer loop
      vertex   -5.747030e+01 2.269367e+01 1.056688e-02
      vertex   3.238479e+01 2.269367e+01 1.056688e-02
      vertex   3.222507e+01 2.256953e+01 3.516385e-01
    endloop
  endfacet
  facet normal 1.479680e-16 -9.396926e-01 -3.420201e-01
    outer loop
      vertex   -5.747030e+01 2.269367e+01 1.056688e-02
      vertex   3.222507e+01 2.256953e+01 3.516385e-01
      vertex   -5.731058e+01 2.256953e+01 3.516385e-01
    endloop
  endfacet
  facet normal 1.480852e-16 -9.396926e-01 -3.420201e-01
    outer loop
      vertex   -5.731058e+01 2.256953e+01 3.516385e-01
      vertex   3.222507e+01 2.256953e+01 3.516385e-01
      vertex   3.198543e+01 2.246379e+01 6.421748e-01
    endloop
  endfacet
  facet normal 1.874924e-16 -9.396926e-01 -3.420201e-01
    outer loop
      vertex   -5.731058e+01 2.256953e+01 3.516385e-01
      vertex   3.198543e+01 2.246379e+01 6.421748e-01
      vertex   -5.707093e+01 2.246379e+01 6.421748e-01
    endloop
  endfacet
  facet normal 1.874352e-16 -9.396926e-01 -3.420201e-01
    outer loop
      vertex   -5.707093e+01 2.246379e+01 6.421748e-01
      vertex   3.198543e+01 2.246379e+01 6.421748e-01
      vertex   3.168097e+01 2.238310e+01 8.638603e-01
    endloop
  endfacet
  facet normal 1.887206e-16 -9.396926e-01 -3.420201e-01
    outer loop
      vertex   -5.707093e+01 2.246379e+01 6.421748e-01
      vertex   3.168097e+01 2.238310e+01 8.638603e-01
      vertex   -5.676647e+01 2.238310e+01 8.638603e-01
    endloop
  endfacet
  facet normal 1.887256e-16 -9.396926e-01 -3.420201e-01
    outer loop
      vertex   -5.676647e+01 2.238310e+01 8.638603e-01
      vertex   3.168097e+01 2.238310e+01 8.638603e-01
      vertex   3.133088e+01 2.233256e+01 1.002720e+00
    endloop
  endfacet
  facet normal 1.901749e-16 -9.396926e-01 -3.420201e-01
    outer loop
      vertex   -5.676647e+01 2.238310e+01 8.638603e-01
      vertex   3.133088e+01 2.233256e+01 1.002720e+00
      vertex   -5.641639e+01 2.233256e+01 1.002720e+00
    endloop
  endfacet
  facet normal 1.902315e-16 -9.396926e-01 -3.420201e-01
    outer loop
      vertex   -5.641639e+01 2.233256e+01 1.002720e+00
      vertex   3.133088e+01 2.233256e+01 1.002720e+00
      vertex   3.095725e+01 2.231535e+01 1.050000e+00
    endloop
  endfacet
  facet normal 1.534901e-16 -9.396926e-01 -3.420201e-01
    outer loop
      vertex   -5.641639e+01 2.233256e+01 1.002720e+00
      vertex   3.095725e+01 2.231535e+01 1.050000e+00
      vertex   -5.604275e+01 2.231535e+01 1.050000e+00
    endloop
  endfacet
  facet normal 5.341785e-33 -3.270284e-17 1.000000e+00
    outer loop
      vertex   3.095725e+01 2.231535e+01 1.050000e+00
      vertex   3.095725e+01 4.268465e+01 1.050000e+00
      vertex   -5.604275e+01 2.231535e+01 1.050000e+00
    endloop
  endfacet
  facet normal 8.012677e-33 -3.270284e-17 1.000000e+00
    outer loop
      vertex   -5.604275e+01 2.231535e+01 1.050000e+00
      vertex   3.095725e+01 4.268465e+01 1.050000e+00
      vertex   -5.604275e+01 4.268465e+01 1.050000e+00
    endloop
  endfacet
  facet normal -2.302385e-16 9.396926e-01 -3.420201e-01
    outer loop
      vertex   -5.604275e+01 4.268465e+01 1.050000e+00
      vertex   3.095725e+01 4.268465e+01 1.050000e+00
      vertex   -5.637793e+01 4.267084e+01 1.012072e+00
    endloop
  endfacet
  facet normal -1.514525e-16 9.396926e-01 -3.420201e-01
    outer loop
      vertex   -5.637793e+01 4.267084e+01 1.012072e+00
      vertex   3.095725e+01 4.268465e+01 1.050000e+00
      vertex   3.129243e+01 4.267084e+01 1.012072e+00
    endloop
  endfacet
  facet normal -1.514525e-16 9.396926e-01 -3.420201e-01
    outer loop
      vertex   -5.637793e+01 4.267084e+01 1.012072e+00
      vertex   3.129243e+01 4.267084e+01 1.012072e+00
      vertex   -5.669616e+01 4.263013e+01 9.002059e-01
    endloop
  endfacet
  facet normal -7.518044e-17 9.396926e-01 -3.420201e-01
    outer loop
      vertex   -5.669616e+01 4.263013e+01 9.002059e-01
      vertex   3.129243e+01 4.267084e+01 1.012072e+00
      vertex   3.161066e+01 4.263013e+01 9.002059e-01
    endloop
  endfacet
  facet normal -7.518044e-17 9.396926e-01 -3.420201e-01
    outer loop
      vertex   -5.669616e+01 4.263013e+01 9.002059e-01
      vertex   3.161066e+01 4.263013e+01 9.002059e-01
      vertex   -5.698135e+01 4.256456e+01 7.200590e-01
    endloop
  endfacet
  facet normal -7.341625e-17 9.396926e-01 -3.420201e-01
    outer loop
      vertex   -5.698135e+01 4.256456e+01 7.200590e-01
      vertex   3.161066e+01 4.263013e+01 9.002059e-01
      vertex   3.189584e+01 4.256456e+01 7.200590e-01
    endloop
  endfacet
  facet normal -7.341625e-17 9.396926e-01 -3.420201e-01
    outer loop
      vertex   -5.698135e+01 4.256456e+01 7.200590e-01
      vertex   3.189584e+01 4.256456e+01 7.200590e-01
      vertex   -5.721907e+01 4.247745e+01 4.807414e-01
    endloop
  endfacet
  facet normal -7.217567e-17 9.396926e-01 -3.420201e-01
    outer loop
      vertex   -5.721907e+01 4.247745e+01 4.807414e-01
      vertex   3.189584e+01 4.256456e+01 7.200590e-01
      vertex   3.213356e+01 4.247745e+01 4.807414e-01
    endloop
  endfacet
  facet normal -7.217567e-17 9.396926e-01 -3.420201e-01
    outer loop
      vertex   -5.721907e+01 4.247745e+01 4.807414e-01
      vertex   3.213356e+01 4.247745e+01 4.807414e-01
      vertex   -5.739730e+01 4.237322e+01 1.943556e-01
    endloop
  endfacet
  facet normal -6.924339e-17 9.396926e-01 -3.420201e-01
    outer loop
      vertex   -5.739730e+01 4.237322e+01 1.943556e-01
      vertex   3.213356e+01 4.247745e+01 4.807414e-01
      vertex   3.231180e+01 4.237322e+01 1.943556e-01
    endloop
  endfacet
  facet normal -6.924339e-17 9.396926e-01 -3.420201e-01
    outer loop
      vertex   -5.739730e+01 4.237322e+01 1.943556e-01
      vertex   3.231180e+01 4.237322e+01 1.943556e-01
      vertex   3.242153e+01 4.225712e+01 -1.246158e-01
    endloop
  endfacet
  facet normal -2.227407e-16 9.396926e-01 -3.420201e-01
    outer loop
      vertex   3.242153e+01 4.225712e+01 -1.246158e-01
      vertex   -5.750704e+01 4.225712e+01 -1.246158e-01
      vertex   -5.739730e+01 4.237322e+01 1.943556e-01
    endloop
  endfacet
  facet normal 1.000000e+00 3.279428e-16 0.000000e+00
    outer loop
      vertex   3.245725e+01 6.504275e+01 -4.500000e-01
      vertex   3.245725e+01 4.275252e-02 -4.500000e-01
      vertex   3.245725e+01 6.504275e+01 -1.250000e+00
    endloop
  endfacet
  facet normal 1.000000e+00 3.279428e-16 0.000000e+00
    outer loop
      vertex   3.245725e+01 6.504275e+01 -1.250000e+00
      vertex   3.245725e+01 4.275252e-02 -4.500000e-01
      vertex   3.245725e+01 4.275252e-02 -1.250000e+00
    endloop
  endfacet
  facet normal -4.667653e-32 1.969177e-16 1.000000e+00
    outer loop
      vertex   3.242153e+01 4.225712e+01 -1.246158e-01
      vertex   3.242153e+01 5.282838e+01 -1.246158e-01
      vertex   -5.750704e+01 4.225712e+01 -1.246158e-01
    endloop
  endfacet
  facet normal -3.319220e-32 1.969177e-16 1.000000e+00
    outer loop
      vertex   -5.750704e+01 4.225712e+01 -1.246158e-01
      vertex   3.242153e+01 5.282838e+01 -1.246158e-01
      vertex   -5.750704e+01 5.282838e+01 -1.246158e-01
    endloop
  endfacet
  facet normal 1.973730e-16 -1.000000e+00 0.000000e+00
    outer loop
      vertex   -5.754275e+01 4.275252e-02 -4.500000e-01
      vertex   -5.754275e+01 4.275252e-02 -1.250000e+00
      vertex   3.245725e+01 4.275252e-02 -4.500000e-01
    endloop
  endfacet
  facet normal 1.973730e-16 -1.000000e+00 0.000000e+00
    outer loop
      vertex   3.245725e+01 4.275252e-02 -4.500000e-01
      vertex   -5.754275e+01 4.275252e-02 -1.250000e+00
      vertex   3.245725e+01 4.275252e-02 -1.250000e+00
    endloop
  endfacet
  facet normal 1.484938e-16 -9.396926e-01 -3.420201e-01
    outer loop
      vertex   -5.750704e+01 5.282838e+01 -1.246158e-01
      vertex   3.242153e+01 5.282838e+01 -1.246158e-01
      vertex   -5.739730e+01 5.271229e+01 1.943556e-01
    endloop
  endfacet
  facet normal 2.317512e-16 -9.396926e-01 -3.420201e-01
    outer loop
      vertex   -5.739730e+01 5.271229e+01 1.943556e-01
      vertex   3.242153e+01 5.282838e+01 -1.246158e-01
      vertex   3.231180e+01 5.271229e+01 1.943556e-01
    endloop
  endfacet
  facet normal 2.317512e-16 -9.396926e-01 -3.420201e-01
    outer loop
      vertex   -5.739730e+01 5.271229e+01 1.943556e-01
      vertex   3.231180e+01 5.271229e+01 1.943556e-01
      vertex   3.213356e+01 5.260805e+01 4.807414e-01
    endloop
  endfacet
  facet normal 1.564536e-16 -9.396926e-01 -3.420201e-01
    outer loop
      vertex   -5.739730e+01 5.271229e+01 1.943556e-01
      vertex   3.213356e+01 5.260805e+01 4.807414e-01
      vertex   -5.721907e+01 5.260805e+01 4.807414e-01
    endloop
  endfacet
  facet normal 1.564629e-16 -9.396926e-01 -3.420201e-01
    outer loop
      vertex   -5.721907e+01 5.260805e+01 4.807414e-01
      vertex   3.213356e+01 5.260805e+01 4.807414e-01
      vertex   3.189584e+01 5.252095e+01 7.200590e-01
    endloop
  endfacet
  facet normal 3.044110e-16 -9.396926e-01 -3.420201e-01
    outer loop
      vertex   -5.721907e+01 5.260805e+01 4.807414e-01
      vertex   3.189584e+01 5.252095e+01 7.200590e-01
      vertex   -5.698135e+01 5.252095e+01 7.200590e-01
    endloop
  endfacet
  facet normal 3.043460e-16 -9.396926e-01 -3.420201e-01
    outer loop
      vertex   -5.698135e+01 5.252095e+01 7.200590e-01
      vertex   3.189584e+01 5.252095e+01 7.200590e-01
      vertex   3.161066e+01 5.245538e+01 9.002059e-01
    endloop
  endfacet
  facet normal 3.046421e-16 -9.396926e-01 -3.420201e-01
    outer loop
      vertex   -5.698135e+01 5.252095e+01 7.200590e-01
      vertex   3.161066e+01 5.245538e+01 9.002059e-01
      vertex   -5.669616e+01 5.245538e+01 9.002059e-01
    endloop
  endfacet
  facet normal 3.045918e-16 -9.396926e-01 -3.420201e-01
    outer loop
      vertex   -5.669616e+01 5.245538e+01 9.002059e-01
      vertex   3.161066e+01 5.245538e+01 9.002059e-01
      vertex   3.129243e+01 5.241466e+01 1.012072e+00
    endloop
  endfacet
  facet normal 2.293740e-16 -9.396926e-01 -3.420201e-01
    outer loop
      vertex   -5.669616e+01 5.245538e+01 9.002059e-01
      vertex   3.129243e+01 5.241466e+01 1.012072e+00
      vertex   -5.637793e+01 5.241466e+01 1.012072e+00
    endloop
  endfacet
  facet normal 2.293443e-16 -9.396926e-01 -3.420201e-01
    outer loop
      vertex   -5.637793e+01 5.241466e+01 1.012072e+00
      vertex   3.129243e+01 5.241466e+01 1.012072e+00
      vertex   3.095725e+01 5.240086e+01 1.050000e+00
    endloop
  endfacet
  facet normal 1.534830e-16 -9.396926e-01 -3.420201e-01
    outer loop
      vertex   -5.637793e+01 5.241466e+01 1.012072e+00
      vertex   3.095725e+01 5.240086e+01 1.050000e+00
      vertex   -5.604275e+01 5.240086e+01 1.050000e+00
    endloop
  endfacet
  facet normal -1.000000e+00 -0.000000e+00 -0.000000e+00
    outer loop
      vertex   -5.754275e+01 6.504275e+01 -4.500000e-01
      vertex   -5.754275e+01 6.504275e+01 -1.250000e+00
      vertex   -5.754275e+01 4.275252e-02 -4.500000e-01
    endloop
  endfacet
  facet normal -1.000000e+00 0.000000e+00 0.000000e+00
    outer loop
      vertex   -5.754275e+01 4.275252e-02 -4.500000e-01
      vertex   -5.754275e+01 6.504275e+01 -1.250000e+00
      vertex   -5.754275e+01 4.275252e-02 -1.250000e+00
    endloop
  endfacet
  facet normal -3.157968e-16 1.000000e+00 0.000000e+00
    outer loop
      vertex   3.245725e+01 6.504275e+01 -4.500000e-01
      vertex   3.245725e+01 6.504275e+01 -1.250000e+00
      vertex   -5.754275e+01 6.504275e+01 -4.500000e-01
    endloop
  endfacet
  facet normal -3.157968e-16 1.000000e+00 0.000000e+00
    outer loop
      vertex   -5.754275e+01 6.504275e+01 -4.500000e-01
      vertex   3.245725e+01 6.504275e+01 -1.250000e+00
      vertex   -5.754275e+01 6.504275e+01 -1.250000e+00
    endloop
  endfacet
  facet normal -2.110520e-16 9.396926e-01 -3.420201e-01
    outer loop
      vertex   -5.604275e+01 1.277015e+01 1.050000e+00
      vertex   3.095725e+01 1.277015e+01 1.050000e+00
      vertex   -5.641639e+01 1.275294e+01 1.002720e+00
    endloop
  endfacet
  facet normal -2.412426e-16 9.396926e-01 -3.420201e-01
    outer loop
      vertex   -5.641639e+01 1.275294e+01 1.002720e+00
      vertex   3.095725e+01 1.277015e+01 1.050000e+00
      vertex   3.133088e+01 1.275294e+01 1.002720e+00
    endloop
  endfacet
  facet normal -2.412426e-16 9.396926e-01 -3.420201e-01
    outer loop
      vertex   -5.641639e+01 1.275294e+01 1.002720e+00
      vertex   3.133088e+01 1.275294e+01 1.002720e+00
      vertex   -5.676647e+01 1.270240e+01 8.638603e-01
    endloop
  endfacet
  facet normal -1.977239e-16 9.396926e-01 -3.420201e-01
    outer loop
      vertex   -5.676647e+01 1.270240e+01 8.638603e-01
      vertex   3.133088e+01 1.275294e+01 1.002720e+00
      vertex   3.168097e+01 1.270240e+01 8.638603e-01
    endloop
  endfacet
  facet normal -1.977239e-16 9.396926e-01 -3.420201e-01
    outer loop
      vertex   -5.676647e+01 1.270240e+01 8.638603e-01
      vertex   3.168097e+01 1.270240e+01 8.638603e-01
      vertex   -5.707093e+01 1.262172e+01 6.421748e-01
    endloop
  endfacet
  facet normal -1.972247e-16 9.396926e-01 -3.420201e-01
    outer loop
      vertex   -5.707093e+01 1.262172e+01 6.421748e-01
      vertex   3.168097e+01 1.270240e+01 8.638603e-01
      vertex   3.198543e+01 1.262172e+01 6.421748e-01
    endloop
  endfacet
  facet normal -1.972247e-16 9.396926e-01 -3.420201e-01
    outer loop
      vertex   -5.707093e+01 1.262172e+01 6.421748e-01
      vertex   3.198543e+01 1.262172e+01 6.421748e-01
      vertex   -5.731058e+01 1.251597e+01 3.516385e-01
    endloop
  endfacet
  facet normal -1.989256e-16 9.396926e-01 -3.420201e-01
    outer loop
      vertex   -5.731058e+01 1.251597e+01 3.516385e-01
      vertex   3.198543e+01 1.262172e+01 6.421748e-01
      vertex   3.222507e+01 1.251597e+01 3.516385e-01
    endloop
  endfacet
  facet normal -1.989256e-16 9.396926e-01 -3.420201e-01
    outer loop
      vertex   -5.731058e+01 1.251597e+01 3.516385e-01
      vertex   3.222507e+01 1.251597e+01 3.516385e-01
      vertex   -5.747030e+01 1.239183e+01 1.056688e-02
    endloop
  endfacet
  facet normal -2.045573e-16 9.396926e-01 -3.420201e-01
    outer loop
      vertex   -5.747030e+01 1.239183e+01 1.056688e-02
      vertex   3.222507e+01 1.251597e+01 3.516385e-01
      vertex   3.238479e+01 1.239183e+01 1.056688e-02
    endloop
  endfacet
  facet normal -2.045573e-16 9.396926e-01 -3.420201e-01
    outer loop
      vertex   -5.747030e+01 1.239183e+01 1.056688e-02
      vertex   3.238479e+01 1.239183e+01 1.056688e-02
      vertex   3.245452e+01 1.225712e+01 -3.595389e-01
    endloop
  endfacet
  facet normal -2.225774e-16 9.396926e-01 -3.420201e-01
    outer loop
      vertex   3.245452e+01 1.225712e+01 -3.595389e-01
      vertex   -5.754002e+01 1.225712e+01 -3.595389e-01
      vertex   -5.747030e+01 1.239183e+01 1.056688e-02
    endloop
  endfacet
  facet normal -8.479910e-33 3.955405e-17 1.000000e+00
    outer loop
      vertex   3.095725e+01 1.542753e+00 1.050000e+00
      vertex   3.095725e+01 1.277015e+01 1.050000e+00
      vertex   -5.604275e+01 1.542753e+00 1.050000e+00
    endloop
  endfacet
  facet normal -8.883716e-33 3.955405e-17 1.000000e+00
    outer loop
      vertex   -5.604275e+01 1.542753e+00 1.050000e+00
      vertex   3.095725e+01 1.277015e+01 1.050000e+00
      vertex   -5.604275e+01 1.277015e+01 1.050000e+00
    endloop
  endfacet
  facet normal 0.000000e+00 -0.000000e+00 -1.000000e+00
    outer loop
      vertex   3.245725e+01 6.504275e+01 -1.250000e+00
      vertex   3.245725e+01 4.275252e-02 -1.250000e+00
      vertex   -5.754275e+01 6.504275e+01 -1.250000e+00
    endloop
  endfacet
  facet normal 0.000000e+00 0.000000e+00 -1.000000e+00
    outer loop
      vertex   -5.754275e+01 6.504275e+01 -1.250000e+00
      vertex   3.245725e+01 4.275252e-02 -1.250000e+00
      vertex   -5.754275e+01 4.275252e-02 -1.250000e+00
    endloop
  endfacet
endsolid
